{
    "created_at": "Mon Nov 06 16:53:33 +0000 2017",
    "id": 927579718681026560,
    "id_str": "927579718681026560",
    "text": "RT @RussSL: #\u0421\u041c\u0418: \u0412 \u0441\u043f\u0435\u0446\u043e\u043f\u0435\u0440\u0430\u0446\u0438\u0438 \u043f\u043e \u0443\u043d\u0438\u0447\u0442\u043e\u0436\u0435\u043d\u0438\u044e #MH17 #\u0443\u0447\u0430\u0441\u0442\u0432\u043e\u0432\u0430\u043b\u0438 #\u0412\u0412\u0421 #\u0423\u043a\u0440\u0430\u0438\u043d\u044b https://t.co/o890O5GRAC #\u0441\u043f\u0435\u0446\u043e\u043f\u0435\u0440\u0430\u0446\u0438\u0438\u044f #\u0443\u043d\u0438\u0447\u0442\u043e\u0436\u0435\u043d\u0438\u0435 #Ukrai\u2026",
    "truncated": false,
    "entities": {
        "hashtags": [
            {
                "text": "\u0421\u041c\u0418",
                "indices": [
                    12,
                    16
                ]
            },
            {
                "text": "MH17",
                "indices": [
                    48,
                    53
                ]
            },
            {
                "text": "\u0443\u0447\u0430\u0441\u0442\u0432\u043e\u0432\u0430\u043b\u0438",
                "indices": [
                    54,
                    66
                ]
            },
            {
                "text": "\u0412\u0412\u0421",
                "indices": [
                    67,
                    71
                ]
            },
            {
                "text": "\u0423\u043a\u0440\u0430\u0438\u043d\u044b",
                "indices": [
                    72,
                    80
                ]
            },
            {
                "text": "\u0441\u043f\u0435\u0446\u043e\u043f\u0435\u0440\u0430\u0446\u0438\u0438\u044f",
                "indices": [
                    105,
                    119
                ]
            },
            {
                "text": "\u0443\u043d\u0438\u0447\u0442\u043e\u0436\u0435\u043d\u0438\u0435",
                "indices": [
                    120,
                    132
                ]
            }
        ],
        "symbols": [],
        "user_mentions": [
            {
                "screen_name": "RussSL",
                "name": "YuriSL",
                "id": 94578764,
                "id_str": "94578764",
                "indices": [
                    3,
                    10
                ]
            }
        ],
        "urls": [
            {
                "url": "https://t.co/o890O5GRAC",
                "expanded_url": "http://bit.ly/2ttcWF7",
                "display_url": "bit.ly/2ttcWF7",
                "indices": [
                    81,
                    104
                ]
            }
        ]
    },
    "source": "<a href=\"http://twitter.com/download/android\" rel=\"nofollow\">Twitter for Android</a>",
    "in_reply_to_status_id": null,
    "in_reply_to_status_id_str": null,
    "in_reply_to_user_id": null,
    "in_reply_to_user_id_str": null,
    "in_reply_to_screen_name": null,
    "user": {
        "id": 456686553,
        "id_str": "456686553",
        "name": "\u0410\u043d\u0434\u0440\u0435\u0439 \u0421\u041c\u0418\u0420\u041d\u041e\u0412",
        "screen_name": "asko_info",
        "location": "\u0421\u0432\u0463\u0442\u0430\u0467 \u048e\u0263\u00e7\u10ee - \u0412\u0435\u043b\u0438\u043a\u0430\u044f \u0422\u0430\u0440\u0442\u0430\u0440\u0438\u044f",
        "description": "\u0421 \u041d\u043e\u0432\u044b\u043c 7526 \u043b\u0463\u0442\u043e\u043c \u043e\u0442 \u0421.\u041c.\u0417.\u0425.!",
        "url": null,
        "entities": {
            "description": {
                "urls": []
            }
        },
        "protected": false,
        "followers_count": 8345,
        "friends_count": 8422,
        "listed_count": 106,
        "created_at": "Fri Jan 06 14:53:59 +0000 2012",
        "favourites_count": 20100,
        "utc_offset": 10800,
        "time_zone": "Moscow",
        "geo_enabled": false,
        "verified": false,
        "statuses_count": 104517,
        "lang": "ru",
        "contributors_enabled": false,
        "is_translator": false,
        "is_translation_enabled": false,
        "profile_background_color": "EDECE9",
        "profile_background_image_url": "http://pbs.twimg.com/profile_background_images/463930510910042112/8CM93bXt.jpeg",
        "profile_background_image_url_https": "https://pbs.twimg.com/profile_background_images/463930510910042112/8CM93bXt.jpeg",
        "profile_background_tile": false,
        "profile_image_url": "http://pbs.twimg.com/profile_images/803868764471259137/0DFxGC7C_normal.jpg",
        "profile_image_url_https": "https://pbs.twimg.com/profile_images/803868764471259137/0DFxGC7C_normal.jpg",
        "profile_banner_url": "https://pbs.twimg.com/profile_banners/456686553/1479916724",
        "profile_link_color": "FA743E",
        "profile_sidebar_border_color": "FFFFFF",
        "profile_sidebar_fill_color": "DDEEF6",
        "profile_text_color": "333333",
        "profile_use_background_image": true,
        "has_extended_profile": false,
        "default_profile": false,
        "default_profile_image": false,
        "following": false,
        "follow_request_sent": false,
        "notifications": false,
        "translator_type": "none"
    },
    "geo": null,
    "coordinates": null,
    "place": null,
    "contributors": null,
    "retweeted_status": {
        "created_at": "Fri Jun 30 13:19:04 +0000 2017",
        "id": 880777708401250304,
        "id_str": "880777708401250304",
        "text": "#\u0421\u041c\u0418: \u0412 \u0441\u043f\u0435\u0446\u043e\u043f\u0435\u0440\u0430\u0446\u0438\u0438 \u043f\u043e \u0443\u043d\u0438\u0447\u0442\u043e\u0436\u0435\u043d\u0438\u044e #MH17 #\u0443\u0447\u0430\u0441\u0442\u0432\u043e\u0432\u0430\u043b\u0438 #\u0412\u0412\u0421 #\u0423\u043a\u0440\u0430\u0438\u043d\u044b https://t.co/o890O5GRAC #\u0441\u043f\u0435\u0446\u043e\u043f\u0435\u0440\u0430\u0446\u0438\u0438\u044f\u2026 https://t.co/GQXzFqSLDS",
        "truncated": true,
        "entities": {
            "hashtags": [
                {
                    "text": "\u0421\u041c\u0418",
                    "indices": [
                        0,
                        4
                    ]
                },
                {
                    "text": "MH17",
                    "indices": [
                        36,
                        41
                    ]
                },
                {
                    "text": "\u0443\u0447\u0430\u0441\u0442\u0432\u043e\u0432\u0430\u043b\u0438",
                    "indices": [
                        42,
                        54
                    ]
                },
                {
                    "text": "\u0412\u0412\u0421",
                    "indices": [
                        55,
                        59
                    ]
                },
                {
                    "text": "\u0423\u043a\u0440\u0430\u0438\u043d\u044b",
                    "indices": [
                        60,
                        68
                    ]
                },
                {
                    "text": "\u0441\u043f\u0435\u0446\u043e\u043f\u0435\u0440\u0430\u0446\u0438\u0438\u044f",
                    "indices": [
                        93,
                        107
                    ]
                }
            ],
            "symbols": [],
            "user_mentions": [],
            "urls": [
                {
                    "url": "https://t.co/o890O5GRAC",
                    "expanded_url": "http://bit.ly/2ttcWF7",
                    "display_url": "bit.ly/2ttcWF7",
                    "indices": [
                        69,
                        92
                    ]
                },
                {
                    "url": "https://t.co/GQXzFqSLDS",
                    "expanded_url": "https://twitter.com/i/web/status/880777708401250304",
                    "display_url": "twitter.com/i/web/status/8\u2026",
                    "indices": [
                        109,
                        132
                    ]
                }
            ]
        },
        "source": "<a href=\"http://bufferapp.com\" rel=\"nofollow\">Buffer</a>",
        "in_reply_to_status_id": null,
        "in_reply_to_status_id_str": null,
        "in_reply_to_user_id": null,
        "in_reply_to_user_id_str": null,
        "in_reply_to_screen_name": null,
        "user": {
            "id": 94578764,
            "id_str": "94578764",
            "name": "YuriSL",
            "screen_name": "RussSL",
            "location": "My main website today:",
            "description": "I'm a founder of the Association 'YSL and Partners' and a Regional representative of 'MasterKey Translations', Russia. I\u2019m 73 years old and live in Omsk, Russia",
            "url": "https://t.co/VKUpfYjaPC",
            "entities": {
                "url": {
                    "urls": [
                        {
                            "url": "https://t.co/VKUpfYjaPC",
                            "expanded_url": "http://yurisl.tiu.ru",
                            "display_url": "yurisl.tiu.ru",
                            "indices": [
                                0,
                                23
                            ]
                        }
                    ]
                },
                "description": {
                    "urls": []
                }
            },
            "protected": false,
            "followers_count": 2724,
            "friends_count": 2415,
            "listed_count": 1438,
            "created_at": "Fri Dec 04 15:25:55 +0000 2009",
            "favourites_count": 80568,
            "utc_offset": 25200,
            "time_zone": "Novosibirsk",
            "geo_enabled": true,
            "verified": false,
            "statuses_count": 149924,
            "lang": "en",
            "contributors_enabled": false,
            "is_translator": false,
            "is_translation_enabled": false,
            "profile_background_color": "BFD7E3",
            "profile_background_image_url": "http://pbs.twimg.com/profile_background_images/871913371/acd86a5fbae8dd9fd76ed1341cfc7670.png",
            "profile_background_image_url_https": "https://pbs.twimg.com/profile_background_images/871913371/acd86a5fbae8dd9fd76ed1341cfc7670.png",
            "profile_background_tile": false,
            "profile_image_url": "http://pbs.twimg.com/profile_images/861593599020064768/nMe6NuG-_normal.jpg",
            "profile_image_url_https": "https://pbs.twimg.com/profile_images/861593599020064768/nMe6NuG-_normal.jpg",
            "profile_banner_url": "https://pbs.twimg.com/profile_banners/94578764/1494254946",
            "profile_link_color": "216178",
            "profile_sidebar_border_color": "FFFFFF",
            "profile_sidebar_fill_color": "DDEEF6",
            "profile_text_color": "333333",
            "profile_use_background_image": true,
            "has_extended_profile": true,
            "default_profile": false,
            "default_profile_image": false,
            "following": false,
            "follow_request_sent": false,
            "notifications": false,
            "translator_type": "none"
        },
        "geo": null,
        "coordinates": null,
        "place": null,
        "contributors": null,
        "is_quote_status": false,
        "retweet_count": 7,
        "favorite_count": 3,
        "favorited": false,
        "retweeted": false,
        "possibly_sensitive": false,
        "possibly_sensitive_appealable": false,
        "lang": "ru"
    },
    "is_quote_status": false,
    "retweet_count": 7,
    "favorite_count": 0,
    "favorited": false,
    "retweeted": false,
    "possibly_sensitive": false,
    "possibly_sensitive_appealable": false,
    "lang": "ru"
}