{
    "created_at": "Fri Nov 03 18:45:16 +0000 2017",
    "id": 926520670191865858,
    "id_str": "926520670191865858",
    "text": "#\u0421\u0411\u0423 \u0443\u043d\u0438\u0447\u0442\u043e\u0436\u0438\u043b\u0430 \u0433\u043b\u0430\u0432\u043d\u0443\u044e \u0443\u043b\u0438\u043a\u0443 \u043f\u0440\u043e\u0442\u0438\u0432 \u0441\u044b ...\n\n#\u0410\u0432\u0430\u043a\u043e\u0432 #\u041a\u0438\u0435\u0432 #\u041c\u0430\u0439\u0434\u0430\u043d #\u041c\u0412\u0414 #\u041f\u043e\u0440\u043e\u0448\u0435\u043d\u043a\u043e #\u0421\u0411\u0423 #\u0423\u043b\u0438\u043a\u0438\n\n\u0427\u0438\u0442\u0430\u0442\u044c \u043f\u043e\u0434\u0440\u043e\u0431\u043d\u043e:\u2026 https://t.co/vEOqmcKLTB",
    "truncated": true,
    "entities": {
        "hashtags": [
            {
                "text": "\u0421\u0411\u0423",
                "indices": [
                    0,
                    4
                ]
            },
            {
                "text": "\u0410\u0432\u0430\u043a\u043e\u0432",
                "indices": [
                    45,
                    52
                ]
            },
            {
                "text": "\u041a\u0438\u0435\u0432",
                "indices": [
                    53,
                    58
                ]
            },
            {
                "text": "\u041c\u0430\u0439\u0434\u0430\u043d",
                "indices": [
                    59,
                    66
                ]
            },
            {
                "text": "\u041c\u0412\u0414",
                "indices": [
                    67,
                    71
                ]
            },
            {
                "text": "\u041f\u043e\u0440\u043e\u0448\u0435\u043d\u043a\u043e",
                "indices": [
                    72,
                    82
                ]
            },
            {
                "text": "\u0421\u0411\u0423",
                "indices": [
                    83,
                    87
                ]
            },
            {
                "text": "\u0423\u043b\u0438\u043a\u0438",
                "indices": [
                    88,
                    94
                ]
            }
        ],
        "symbols": [],
        "user_mentions": [],
        "urls": [
            {
                "url": "https://t.co/vEOqmcKLTB",
                "expanded_url": "https://twitter.com/i/web/status/926520670191865858",
                "display_url": "twitter.com/i/web/status/9\u2026",
                "indices": [
                    114,
                    137
                ]
            }
        ]
    },
    "source": "<a href=\"http://dnr-hotline.ru\" rel=\"nofollow\">DnrHotline Autoposter</a>",
    "in_reply_to_status_id": null,
    "in_reply_to_status_id_str": null,
    "in_reply_to_user_id": null,
    "in_reply_to_user_id_str": null,
    "in_reply_to_screen_name": null,
    "user": {
        "id": 2974299076,
        "id_str": "2974299076",
        "name": "\u0413\u043e\u0440\u044f\u0447\u0430\u044f \u043b\u0438\u043d\u0438\u044f \u0414\u041d\u0420",
        "screen_name": "HotlineDNR",
        "location": "\u0433. \u0414\u043e\u043d\u0435\u0446\u043a - \u0441\u0442\u043e\u043b\u0438\u0446\u0430 \u0414\u041d\u0420",
        "description": "\u0414\u043e\u043d\u0431\u0430\u0441\u0441 \u043d\u0438\u043a\u0442\u043e \u043d\u0435 \u0441\u0442\u0430\u0432\u0438\u043b \u043d\u0430 \u043a\u043e\u043b\u0435\u043d\u0438 \u0438 \u043d\u0438\u043a\u043e\u043c\u0443 \u043f\u043e\u0441\u0442\u0430\u0432\u0438\u0442\u044c \u043d\u0435 \u0434\u0430\u043d\u043e!",
        "url": "https://t.co/cVHKeUsg9i",
        "entities": {
            "url": {
                "urls": [
                    {
                        "url": "https://t.co/cVHKeUsg9i",
                        "expanded_url": "http://dnr-hotline.ru",
                        "display_url": "dnr-hotline.ru",
                        "indices": [
                            0,
                            23
                        ]
                    }
                ]
            },
            "description": {
                "urls": []
            }
        },
        "protected": false,
        "followers_count": 1991,
        "friends_count": 209,
        "listed_count": 47,
        "created_at": "Mon Jan 12 07:11:58 +0000 2015",
        "favourites_count": 95,
        "utc_offset": -28800,
        "time_zone": "Pacific Time (US & Canada)",
        "geo_enabled": false,
        "verified": false,
        "statuses_count": 10859,
        "lang": "ru",
        "contributors_enabled": false,
        "is_translator": false,
        "is_translation_enabled": false,
        "profile_background_color": "000000",
        "profile_background_image_url": "http://abs.twimg.com/images/themes/theme1/bg.png",
        "profile_background_image_url_https": "https://abs.twimg.com/images/themes/theme1/bg.png",
        "profile_background_tile": false,
        "profile_image_url": "http://pbs.twimg.com/profile_images/554538878015516674/6hsDVgsX_normal.jpeg",
        "profile_image_url_https": "https://pbs.twimg.com/profile_images/554538878015516674/6hsDVgsX_normal.jpeg",
        "profile_banner_url": "https://pbs.twimg.com/profile_banners/2974299076/1459705775",
        "profile_link_color": "1B95E0",
        "profile_sidebar_border_color": "000000",
        "profile_sidebar_fill_color": "000000",
        "profile_text_color": "000000",
        "profile_use_background_image": false,
        "has_extended_profile": false,
        "default_profile": false,
        "default_profile_image": false,
        "following": false,
        "follow_request_sent": false,
        "notifications": false,
        "translator_type": "none"
    },
    "geo": null,
    "coordinates": null,
    "place": null,
    "contributors": null,
    "is_quote_status": false,
    "retweet_count": 0,
    "favorite_count": 0,
    "favorited": false,
    "retweeted": false,
    "possibly_sensitive": false,
    "possibly_sensitive_appealable": false,
    "lang": "ru"
}