{
    "created_at": "Fri Nov 10 18:07:15 +0000 2017",
    "id": 929047818303655936,
    "id_str": "929047818303655936",
    "text": "\u0421\u043e\u0442\u0440\u0443\u0434\u043d\u0438\u043a\u0430\u043c \u0441\u0430\u043d\u0430\u0442\u043e\u0440\u0438\u044f \u00ab\u041b\u0430\u0441\u0442\u043e\u0447\u043a\u0430\u00bb \u0432\u043c\u0435\u0441\u0442\u043e \u0441\u043e\u0431\u0440\u0430\u043d\u0438\u044f \u043e\u0442\u043f\u0440\u0430\u0432\u0438\u043b\u0438\u0441\u044c \u043d\u0430 \u043c\u0438\u0442\u0438\u043d\u0433 https://t.co/LT6Ei3p6Ow #\u043e\u0434\u0435\u0441\u0441\u0430 #\u043d\u043e\u0432\u043e\u0441\u0442\u0438 #7\u043a\u0430\u043d\u0430\u043b #\u0432\u0438\u0434\u0435\u043e",
    "truncated": false,
    "entities": {
        "hashtags": [
            {
                "text": "\u043e\u0434\u0435\u0441\u0441\u0430",
                "indices": [
                    95,
                    102
                ]
            },
            {
                "text": "\u043d\u043e\u0432\u043e\u0441\u0442\u0438",
                "indices": [
                    103,
                    111
                ]
            },
            {
                "text": "7\u043a\u0430\u043d\u0430\u043b",
                "indices": [
                    112,
                    119
                ]
            },
            {
                "text": "\u0432\u0438\u0434\u0435\u043e",
                "indices": [
                    120,
                    126
                ]
            }
        ],
        "symbols": [],
        "user_mentions": [],
        "urls": [
            {
                "url": "https://t.co/LT6Ei3p6Ow",
                "expanded_url": "https://www.youtube.com/watch?v=ttEQ1zXSrgI",
                "display_url": "youtube.com/watch?v=ttEQ1z\u2026",
                "indices": [
                    71,
                    94
                ]
            }
        ]
    },
    "source": "<a href=\"https://ifttt.com\" rel=\"nofollow\">IFTTT</a>",
    "in_reply_to_status_id": null,
    "in_reply_to_status_id_str": null,
    "in_reply_to_user_id": null,
    "in_reply_to_user_id_str": null,
    "in_reply_to_screen_name": null,
    "user": {
        "id": 884046453399846912,
        "id_str": "884046453399846912",
        "name": "\u041e\u0434\u0435\u0441\u0441\u0430 \u0421\u0435\u0439\u0447\u0430\u0441",
        "screen_name": "odessanow",
        "location": "\u0423\u043a\u0440\u0430\u0438\u043d\u0430",
        "description": "\u041d\u043e\u0432\u043e\u0441\u0442\u0438, \u043f\u0440\u0438\u0448\u0435\u0441\u0442\u0432\u0438\u044f, \u043f\u0440\u043e\u0433\u043d\u043e\u0437 \u043f\u043e\u0433\u043e\u0434\u044b, \u0438\u043d\u0442\u0435\u0440\u0435\u0441\u043d\u044b\u0435 \u0444\u0430\u043a\u0442\u044b \u0438 \u043c\u043d\u043e\u0433\u043e\u0435 \u0434\u0440\u0443\u0433\u043e\u0435!",
        "url": "https://t.co/LffP9J4prS",
        "entities": {
            "url": {
                "urls": [
                    {
                        "url": "https://t.co/LffP9J4prS",
                        "expanded_url": "https://odessa.geoposition.online/",
                        "display_url": "odessa.geoposition.online",
                        "indices": [
                            0,
                            23
                        ]
                    }
                ]
            },
            "description": {
                "urls": []
            }
        },
        "protected": false,
        "followers_count": 2218,
        "friends_count": 2219,
        "listed_count": 3,
        "created_at": "Sun Jul 09 13:47:54 +0000 2017",
        "favourites_count": 182,
        "utc_offset": 7200,
        "time_zone": "Kyiv",
        "geo_enabled": false,
        "verified": false,
        "statuses_count": 29602,
        "lang": "ru",
        "contributors_enabled": false,
        "is_translator": false,
        "is_translation_enabled": false,
        "profile_background_color": "000000",
        "profile_background_image_url": "http://abs.twimg.com/images/themes/theme1/bg.png",
        "profile_background_image_url_https": "https://abs.twimg.com/images/themes/theme1/bg.png",
        "profile_background_tile": false,
        "profile_image_url": "http://pbs.twimg.com/profile_images/884689291095441408/Rn0CccOn_normal.jpg",
        "profile_image_url_https": "https://pbs.twimg.com/profile_images/884689291095441408/Rn0CccOn_normal.jpg",
        "profile_banner_url": "https://pbs.twimg.com/profile_banners/884046453399846912/1513779546",
        "profile_link_color": "FAB81E",
        "profile_sidebar_border_color": "000000",
        "profile_sidebar_fill_color": "000000",
        "profile_text_color": "000000",
        "profile_use_background_image": false,
        "has_extended_profile": true,
        "default_profile": false,
        "default_profile_image": false,
        "following": false,
        "follow_request_sent": false,
        "notifications": false,
        "translator_type": "none"
    },
    "geo": null,
    "coordinates": null,
    "place": null,
    "contributors": null,
    "is_quote_status": false,
    "retweet_count": 0,
    "favorite_count": 0,
    "favorited": false,
    "retweeted": false,
    "possibly_sensitive": false,
    "possibly_sensitive_appealable": false,
    "lang": "ru"
}