{
    "created_at": "Fri Nov 10 12:20:36 +0000 2017",
    "id": 928960581578739713,
    "id_str": "928960581578739713",
    "text": "\u0412 #\u0417\u0430\u0439\u0446\u0435\u0432\u043e \u0431\u0435\u0437 \u043f\u0435\u0440\u0435\u043c\u0435\u043d\n\n #\u0410\u0422\u041e #\u0432\u043e\u0439\u043d\u0430\u043d\u0430\u0414\u043e\u043d\u0431\u0430\u0441\u0441\u0435 #\u0412\u0421\u0423 #\u0414\u041d\u0420 #\u0417\u0430\u0439\u0446\u0435\u0432\u043e #\u043c\u0430\u0439\u0434\u0430\u043d #\u043e\u0431\u0441\u0442\u0440\u0435\u043b\u044b #\u043f\u0435\u0440\u0435\u0434\u043e\u0432\u0430\u044f #\u0424\u0440\u043e\u043d\u0442\u2026 https://t.co/5GCsMZQiGo",
    "truncated": true,
    "entities": {
        "hashtags": [
            {
                "text": "\u0417\u0430\u0439\u0446\u0435\u0432\u043e",
                "indices": [
                    2,
                    10
                ]
            },
            {
                "text": "\u0410\u0422\u041e",
                "indices": [
                    25,
                    29
                ]
            },
            {
                "text": "\u0432\u043e\u0439\u043d\u0430\u043d\u0430\u0414\u043e\u043d\u0431\u0430\u0441\u0441\u0435",
                "indices": [
                    30,
                    46
                ]
            },
            {
                "text": "\u0412\u0421\u0423",
                "indices": [
                    47,
                    51
                ]
            },
            {
                "text": "\u0414\u041d\u0420",
                "indices": [
                    52,
                    56
                ]
            },
            {
                "text": "\u0417\u0430\u0439\u0446\u0435\u0432\u043e",
                "indices": [
                    57,
                    65
                ]
            },
            {
                "text": "\u043c\u0430\u0439\u0434\u0430\u043d",
                "indices": [
                    66,
                    73
                ]
            },
            {
                "text": "\u043e\u0431\u0441\u0442\u0440\u0435\u043b\u044b",
                "indices": [
                    74,
                    83
                ]
            },
            {
                "text": "\u043f\u0435\u0440\u0435\u0434\u043e\u0432\u0430\u044f",
                "indices": [
                    84,
                    94
                ]
            },
            {
                "text": "\u0424\u0440\u043e\u043d\u0442",
                "indices": [
                    95,
                    101
                ]
            }
        ],
        "symbols": [],
        "user_mentions": [],
        "urls": [
            {
                "url": "https://t.co/5GCsMZQiGo",
                "expanded_url": "https://twitter.com/i/web/status/928960581578739713",
                "display_url": "twitter.com/i/web/status/9\u2026",
                "indices": [
                    103,
                    126
                ]
            }
        ]
    },
    "source": "<a href=\"http://rusdnepr.ru\" rel=\"nofollow\">RusDnepr</a>",
    "in_reply_to_status_id": null,
    "in_reply_to_status_id_str": null,
    "in_reply_to_user_id": null,
    "in_reply_to_user_id_str": null,
    "in_reply_to_screen_name": null,
    "user": {
        "id": 817793093453959169,
        "id_str": "817793093453959169",
        "name": "Rusdnepr.ru",
        "screen_name": "RusDneprRU",
        "location": "\u0414\u043d\u0435\u043f\u0440\u043e\u043f\u0435\u0442\u0440\u043e\u0432\u0441\u043a",
        "description": "\u0420\u0443\u0441\u0441\u043a\u0438\u0439 \u0414\u043d\u0435\u043f\u0440\u043e\u043f\u0435\u0442\u0440\u043e\u0432\u0441\u043a\nrusdnepr.ru\n\n\u0411\u0443\u0434\u044c\u0442\u0435 \u0432 \u043a\u0443\u0440\u0441\u0435 \u043f\u043e\u0441\u043b\u0435\u0434\u043d\u0438\u0445 \u0441\u043e\u0431\u044b\u0442\u0438\u0439",
        "url": "https://t.co/wDYYYxPtux",
        "entities": {
            "url": {
                "urls": [
                    {
                        "url": "https://t.co/wDYYYxPtux",
                        "expanded_url": "https://rusdnepr.ru",
                        "display_url": "rusdnepr.ru",
                        "indices": [
                            0,
                            23
                        ]
                    }
                ]
            },
            "description": {
                "urls": []
            }
        },
        "protected": false,
        "followers_count": 80,
        "friends_count": 61,
        "listed_count": 3,
        "created_at": "Sat Jan 07 18:00:42 +0000 2017",
        "favourites_count": 106,
        "utc_offset": null,
        "time_zone": null,
        "geo_enabled": false,
        "verified": false,
        "statuses_count": 3105,
        "lang": "ru",
        "contributors_enabled": false,
        "is_translator": false,
        "is_translation_enabled": false,
        "profile_background_color": "F5F8FA",
        "profile_background_image_url": null,
        "profile_background_image_url_https": null,
        "profile_background_tile": false,
        "profile_image_url": "http://pbs.twimg.com/profile_images/817794372041342976/PR8a59zr_normal.jpg",
        "profile_image_url_https": "https://pbs.twimg.com/profile_images/817794372041342976/PR8a59zr_normal.jpg",
        "profile_banner_url": "https://pbs.twimg.com/profile_banners/817793093453959169/1483813556",
        "profile_link_color": "1DA1F2",
        "profile_sidebar_border_color": "C0DEED",
        "profile_sidebar_fill_color": "DDEEF6",
        "profile_text_color": "333333",
        "profile_use_background_image": true,
        "has_extended_profile": true,
        "default_profile": true,
        "default_profile_image": false,
        "following": false,
        "follow_request_sent": false,
        "notifications": false,
        "translator_type": "none"
    },
    "geo": null,
    "coordinates": null,
    "place": null,
    "contributors": null,
    "is_quote_status": false,
    "retweet_count": 0,
    "favorite_count": 0,
    "favorited": false,
    "retweeted": false,
    "possibly_sensitive": false,
    "possibly_sensitive_appealable": false,
    "lang": "ru"
}