{
    "created_at": "Wed Nov 08 17:35:39 +0000 2017",
    "id": 928315090926997505,
    "id_str": "928315090926997505",
    "text": "RT @IamMH17: I am Paulizen.\nMy Family on the flight #MH17 \nAll of us were #killed with the Ukrainian rocket http://t.co/GVW5TNjjnk",
    "truncated": false,
    "entities": {
        "hashtags": [
            {
                "text": "MH17",
                "indices": [
                    52,
                    57
                ]
            },
            {
                "text": "killed",
                "indices": [
                    74,
                    81
                ]
            }
        ],
        "symbols": [],
        "user_mentions": [
            {
                "screen_name": "IamMH17",
                "name": "IamMH17",
                "id": 3710334017,
                "id_str": "3710334017",
                "indices": [
                    3,
                    11
                ]
            }
        ],
        "urls": [],
        "media": [
            {
                "id": 645988921688481792,
                "id_str": "645988921688481792",
                "indices": [
                    108,
                    130
                ],
                "media_url": "http://pbs.twimg.com/media/CPcDgG4UYAA3o-z.jpg",
                "media_url_https": "https://pbs.twimg.com/media/CPcDgG4UYAA3o-z.jpg",
                "url": "http://t.co/GVW5TNjjnk",
                "display_url": "pic.twitter.com/GVW5TNjjnk",
                "expanded_url": "https://twitter.com/IamMH17/status/645988931331334144/photo/1",
                "type": "photo",
                "sizes": {
                    "small": {
                        "w": 610,
                        "h": 677,
                        "resize": "fit"
                    },
                    "thumb": {
                        "w": 150,
                        "h": 150,
                        "resize": "crop"
                    },
                    "medium": {
                        "w": 610,
                        "h": 677,
                        "resize": "fit"
                    },
                    "large": {
                        "w": 610,
                        "h": 677,
                        "resize": "fit"
                    }
                },
                "source_status_id": 645988931331334144,
                "source_status_id_str": "645988931331334144",
                "source_user_id": 3710334017,
                "source_user_id_str": "3710334017"
            }
        ]
    },
    "extended_entities": {
        "media": [
            {
                "id": 645988921688481792,
                "id_str": "645988921688481792",
                "indices": [
                    108,
                    130
                ],
                "media_url": "http://pbs.twimg.com/media/CPcDgG4UYAA3o-z.jpg",
                "media_url_https": "https://pbs.twimg.com/media/CPcDgG4UYAA3o-z.jpg",
                "url": "http://t.co/GVW5TNjjnk",
                "display_url": "pic.twitter.com/GVW5TNjjnk",
                "expanded_url": "https://twitter.com/IamMH17/status/645988931331334144/photo/1",
                "type": "photo",
                "sizes": {
                    "small": {
                        "w": 610,
                        "h": 677,
                        "resize": "fit"
                    },
                    "thumb": {
                        "w": 150,
                        "h": 150,
                        "resize": "crop"
                    },
                    "medium": {
                        "w": 610,
                        "h": 677,
                        "resize": "fit"
                    },
                    "large": {
                        "w": 610,
                        "h": 677,
                        "resize": "fit"
                    }
                },
                "source_status_id": 645988931331334144,
                "source_status_id_str": "645988931331334144",
                "source_user_id": 3710334017,
                "source_user_id_str": "3710334017"
            }
        ]
    },
    "source": "<a href=\"http://twitter.com/download/android\" rel=\"nofollow\">Twitter for Android</a>",
    "in_reply_to_status_id": null,
    "in_reply_to_status_id_str": null,
    "in_reply_to_user_id": null,
    "in_reply_to_user_id_str": null,
    "in_reply_to_screen_name": null,
    "user": {
        "id": 456686553,
        "id_str": "456686553",
        "name": "\u0410\u043d\u0434\u0440\u0435\u0439 \u0421\u041c\u0418\u0420\u041d\u041e\u0412",
        "screen_name": "asko_info",
        "location": "\u0421\u0432\u0463\u0442\u0430\u0467 \u048e\u0263\u00e7\u10ee - \u0412\u0435\u043b\u0438\u043a\u0430\u044f \u0422\u0430\u0440\u0442\u0430\u0440\u0438\u044f",
        "description": "\u0421 \u041d\u043e\u0432\u044b\u043c 7526 \u043b\u0463\u0442\u043e\u043c \u043e\u0442 \u0421.\u041c.\u0417.\u0425.!",
        "url": null,
        "entities": {
            "description": {
                "urls": []
            }
        },
        "protected": false,
        "followers_count": 8345,
        "friends_count": 8422,
        "listed_count": 106,
        "created_at": "Fri Jan 06 14:53:59 +0000 2012",
        "favourites_count": 20100,
        "utc_offset": 10800,
        "time_zone": "Moscow",
        "geo_enabled": false,
        "verified": false,
        "statuses_count": 104517,
        "lang": "ru",
        "contributors_enabled": false,
        "is_translator": false,
        "is_translation_enabled": false,
        "profile_background_color": "EDECE9",
        "profile_background_image_url": "http://pbs.twimg.com/profile_background_images/463930510910042112/8CM93bXt.jpeg",
        "profile_background_image_url_https": "https://pbs.twimg.com/profile_background_images/463930510910042112/8CM93bXt.jpeg",
        "profile_background_tile": false,
        "profile_image_url": "http://pbs.twimg.com/profile_images/803868764471259137/0DFxGC7C_normal.jpg",
        "profile_image_url_https": "https://pbs.twimg.com/profile_images/803868764471259137/0DFxGC7C_normal.jpg",
        "profile_banner_url": "https://pbs.twimg.com/profile_banners/456686553/1479916724",
        "profile_link_color": "FA743E",
        "profile_sidebar_border_color": "FFFFFF",
        "profile_sidebar_fill_color": "DDEEF6",
        "profile_text_color": "333333",
        "profile_use_background_image": true,
        "has_extended_profile": false,
        "default_profile": false,
        "default_profile_image": false,
        "following": false,
        "follow_request_sent": false,
        "notifications": false,
        "translator_type": "none"
    },
    "geo": null,
    "coordinates": null,
    "place": null,
    "contributors": null,
    "retweeted_status": {
        "created_at": "Mon Sep 21 15:52:17 +0000 2015",
        "id": 645988931331334144,
        "id_str": "645988931331334144",
        "text": "I am Paulizen.\nMy Family on the flight #MH17 \nAll of us were #killed with the Ukrainian rocket http://t.co/GVW5TNjjnk",
        "truncated": false,
        "entities": {
            "hashtags": [
                {
                    "text": "MH17",
                    "indices": [
                        39,
                        44
                    ]
                },
                {
                    "text": "killed",
                    "indices": [
                        61,
                        68
                    ]
                }
            ],
            "symbols": [],
            "user_mentions": [],
            "urls": [],
            "media": [
                {
                    "id": 645988921688481792,
                    "id_str": "645988921688481792",
                    "indices": [
                        95,
                        117
                    ],
                    "media_url": "http://pbs.twimg.com/media/CPcDgG4UYAA3o-z.jpg",
                    "media_url_https": "https://pbs.twimg.com/media/CPcDgG4UYAA3o-z.jpg",
                    "url": "http://t.co/GVW5TNjjnk",
                    "display_url": "pic.twitter.com/GVW5TNjjnk",
                    "expanded_url": "https://twitter.com/IamMH17/status/645988931331334144/photo/1",
                    "type": "photo",
                    "sizes": {
                        "small": {
                            "w": 610,
                            "h": 677,
                            "resize": "fit"
                        },
                        "thumb": {
                            "w": 150,
                            "h": 150,
                            "resize": "crop"
                        },
                        "medium": {
                            "w": 610,
                            "h": 677,
                            "resize": "fit"
                        },
                        "large": {
                            "w": 610,
                            "h": 677,
                            "resize": "fit"
                        }
                    }
                }
            ]
        },
        "extended_entities": {
            "media": [
                {
                    "id": 645988921688481792,
                    "id_str": "645988921688481792",
                    "indices": [
                        95,
                        117
                    ],
                    "media_url": "http://pbs.twimg.com/media/CPcDgG4UYAA3o-z.jpg",
                    "media_url_https": "https://pbs.twimg.com/media/CPcDgG4UYAA3o-z.jpg",
                    "url": "http://t.co/GVW5TNjjnk",
                    "display_url": "pic.twitter.com/GVW5TNjjnk",
                    "expanded_url": "https://twitter.com/IamMH17/status/645988931331334144/photo/1",
                    "type": "photo",
                    "sizes": {
                        "small": {
                            "w": 610,
                            "h": 677,
                            "resize": "fit"
                        },
                        "thumb": {
                            "w": 150,
                            "h": 150,
                            "resize": "crop"
                        },
                        "medium": {
                            "w": 610,
                            "h": 677,
                            "resize": "fit"
                        },
                        "large": {
                            "w": 610,
                            "h": 677,
                            "resize": "fit"
                        }
                    }
                }
            ]
        },
        "source": "<a href=\"http://twitter.com/download/iphone\" rel=\"nofollow\">Twitter for iPhone</a>",
        "in_reply_to_status_id": null,
        "in_reply_to_status_id_str": null,
        "in_reply_to_user_id": null,
        "in_reply_to_user_id_str": null,
        "in_reply_to_screen_name": null,
        "user": {
            "id": 3710334017,
            "id_str": "3710334017",
            "name": "IamMH17",
            "screen_name": "IamMH17",
            "location": "",
            "description": "",
            "url": null,
            "entities": {
                "description": {
                    "urls": []
                }
            },
            "protected": false,
            "followers_count": 166,
            "friends_count": 90,
            "listed_count": 15,
            "created_at": "Sat Sep 19 20:00:46 +0000 2015",
            "favourites_count": 20,
            "utc_offset": null,
            "time_zone": null,
            "geo_enabled": false,
            "verified": false,
            "statuses_count": 100,
            "lang": "ru",
            "contributors_enabled": false,
            "is_translator": false,
            "is_translation_enabled": false,
            "profile_background_color": "C0DEED",
            "profile_background_image_url": "http://abs.twimg.com/images/themes/theme1/bg.png",
            "profile_background_image_url_https": "https://abs.twimg.com/images/themes/theme1/bg.png",
            "profile_background_tile": false,
            "profile_image_url": "http://pbs.twimg.com/profile_images/645328026369196032/xvDNNGOz_normal.jpg",
            "profile_image_url_https": "https://pbs.twimg.com/profile_images/645328026369196032/xvDNNGOz_normal.jpg",
            "profile_banner_url": "https://pbs.twimg.com/profile_banners/3710334017/1442693166",
            "profile_link_color": "1DA1F2",
            "profile_sidebar_border_color": "C0DEED",
            "profile_sidebar_fill_color": "DDEEF6",
            "profile_text_color": "333333",
            "profile_use_background_image": true,
            "has_extended_profile": false,
            "default_profile": true,
            "default_profile_image": false,
            "following": false,
            "follow_request_sent": false,
            "notifications": false,
            "translator_type": "none"
        },
        "geo": null,
        "coordinates": null,
        "place": null,
        "contributors": null,
        "is_quote_status": false,
        "retweet_count": 97,
        "favorite_count": 5,
        "favorited": false,
        "retweeted": false,
        "possibly_sensitive": false,
        "possibly_sensitive_appealable": false,
        "lang": "en"
    },
    "is_quote_status": false,
    "retweet_count": 97,
    "favorite_count": 0,
    "favorited": false,
    "retweeted": false,
    "possibly_sensitive": false,
    "possibly_sensitive_appealable": false,
    "lang": "en"
}