{
    "created_at": "Sat Nov 04 07:16:50 +0000 2017",
    "id": 926709810346721280,
    "id_str": "926709810346721280",
    "text": "\u0412\u043e\u0442 \u0442\u0430\u043a\u0430\u044f \u043d\u0435\u0437\u0430\u043b\u0435\u0436\u043di\u0441\u0442\u044c, \u043a\u0430\u043a \u0445\u043e\u0437\u044f\u0438\u043d \u0438\u0437-\u0437\u0430 \u043b\u0443\u0436\u0438 \u0441\u043a\u0430\u0436\u0435\u0442 - \u0442\u0430\u043a \u0438 \u0441\u0434\u0435\u043b\u0430\u044e\u0442 \ud83d\ude0f #\u0443\u041a\u0440\u0430\u0438\u043d\u0430 #\u0440\u0435\u0430\u043b\u0438\u0438 #\u043d\u0430\u0441\u043a\u0430\u043a\u0430\u043b\u0438 #\u043c\u0430\u0439\u0434\u0430\u043d https://t.co/UqTvMdlfjQ",
    "truncated": false,
    "entities": {
        "hashtags": [
            {
                "text": "\u0443\u041a\u0440\u0430\u0438\u043d\u0430",
                "indices": [
                    71,
                    79
                ]
            },
            {
                "text": "\u0440\u0435\u0430\u043b\u0438\u0438",
                "indices": [
                    80,
                    87
                ]
            },
            {
                "text": "\u043d\u0430\u0441\u043a\u0430\u043a\u0430\u043b\u0438",
                "indices": [
                    88,
                    98
                ]
            },
            {
                "text": "\u043c\u0430\u0439\u0434\u0430\u043d",
                "indices": [
                    99,
                    106
                ]
            }
        ],
        "symbols": [],
        "user_mentions": [],
        "urls": [
            {
                "url": "https://t.co/UqTvMdlfjQ",
                "expanded_url": "https://twitter.com/RT_russian/status/926669318200455168",
                "display_url": "twitter.com/RT_russian/sta\u2026",
                "indices": [
                    107,
                    130
                ]
            }
        ]
    },
    "source": "<a href=\"http://twitter.com/download/android\" rel=\"nofollow\">Twitter for Android</a>",
    "in_reply_to_status_id": null,
    "in_reply_to_status_id_str": null,
    "in_reply_to_user_id": null,
    "in_reply_to_user_id_str": null,
    "in_reply_to_screen_name": null,
    "user": {
        "id": 2924500397,
        "id_str": "2924500397",
        "name": "tat-lis",
        "screen_name": "tat_lis",
        "location": "\u041c\u0430\u043b\u0435\u043d\u044c\u043a\u0430\u044f \u0442\u043e\u0447\u043a\u0430 \u0432\u043e \u0412\u0441\u0435\u043b\u0435\u043d\u043d\u043e\u0439",
        "description": "\u0418\u043d\u0442\u0435\u0440\u0435\u0441\u0443\u044e\u0449\u0430\u044f\u0441\u044f \u043b\u0438\u0447\u043d\u043e\u0441\u0442\u044c \u0441 \u0447\u0443\u0432\u0441\u0442\u0432\u043e\u043c \u044e\u043c\u043e\u0440\u0430 \u0438 \u043e\u043f\u0442\u0438\u043c\u0438\u0437\u043c\u043e\u043c.",
        "url": null,
        "entities": {
            "description": {
                "urls": []
            }
        },
        "protected": false,
        "followers_count": 81,
        "friends_count": 39,
        "listed_count": 2,
        "created_at": "Tue Dec 16 07:36:06 +0000 2014",
        "favourites_count": 575,
        "utc_offset": 10800,
        "time_zone": "Minsk",
        "geo_enabled": false,
        "verified": false,
        "statuses_count": 62729,
        "lang": "ru",
        "contributors_enabled": false,
        "is_translator": false,
        "is_translation_enabled": false,
        "profile_background_color": "ACDED6",
        "profile_background_image_url": "http://abs.twimg.com/images/themes/theme18/bg.gif",
        "profile_background_image_url_https": "https://abs.twimg.com/images/themes/theme18/bg.gif",
        "profile_background_tile": false,
        "profile_image_url": "http://pbs.twimg.com/profile_images/544759371024961536/rmLr4TLW_normal.jpeg",
        "profile_image_url_https": "https://pbs.twimg.com/profile_images/544759371024961536/rmLr4TLW_normal.jpeg",
        "profile_banner_url": "https://pbs.twimg.com/profile_banners/2924500397/1428152140",
        "profile_link_color": "1B95E0",
        "profile_sidebar_border_color": "000000",
        "profile_sidebar_fill_color": "000000",
        "profile_text_color": "000000",
        "profile_use_background_image": true,
        "has_extended_profile": false,
        "default_profile": false,
        "default_profile_image": false,
        "following": false,
        "follow_request_sent": false,
        "notifications": false,
        "translator_type": "none"
    },
    "geo": null,
    "coordinates": null,
    "place": null,
    "contributors": null,
    "is_quote_status": true,
    "quoted_status_id": 926669318200455168,
    "quoted_status_id_str": "926669318200455168",
    "quoted_status": {
        "created_at": "Sat Nov 04 04:35:56 +0000 2017",
        "id": 926669318200455168,
        "id_str": "926669318200455168",
        "text": "\u0418\u043d\u0438\u0446\u0438\u0430\u0442\u0438\u0432\u0430 \u0437\u0430 \u0420\u043e\u0441\u0441\u0438\u0435\u0439: \u0421\u0428\u0410 \u043f\u0440\u0435\u0434\u043b\u043e\u0436\u0438\u043b\u0438 \u0423\u043a\u0440\u0430\u0438\u043d\u0435 \u043d\u0435 \u0432\u044b\u0441\u0442\u0443\u043f\u0430\u0442\u044c \u0432 \u041e\u041e\u041d \u0441\u043e \u0441\u0432\u043e\u0435\u0439 \u0440\u0435\u0437\u043e\u043b\u044e\u0446\u0438\u0435\u0439 \u043e \u043c\u0438\u0440\u043e\u0442\u0432\u043e\u0440\u0446\u0430\u0445 \u0432 \u0414\u043e\u043d\u0431\u0430\u0441\u0441\u0435\u2026 https://t.co/sMOUskHxMB",
        "truncated": true,
        "entities": {
            "hashtags": [],
            "symbols": [],
            "user_mentions": [],
            "urls": [
                {
                    "url": "https://t.co/sMOUskHxMB",
                    "expanded_url": "https://twitter.com/i/web/status/926669318200455168",
                    "display_url": "twitter.com/i/web/status/9\u2026",
                    "indices": [
                        111,
                        134
                    ]
                }
            ]
        },
        "source": "<a href=\"http://amplifr.com\" rel=\"nofollow\">Amplifr</a>",
        "in_reply_to_status_id": null,
        "in_reply_to_status_id_str": null,
        "in_reply_to_user_id": null,
        "in_reply_to_user_id_str": null,
        "in_reply_to_screen_name": null,
        "user": {
            "id": 338960856,
            "id_str": "338960856",
            "name": "RT \u043d\u0430 \u0440\u0443\u0441\u0441\u043a\u043e\u043c",
            "screen_name": "RT_russian",
            "location": "\u041c\u043e\u0441\u043a\u0432\u0430, \u0420\u043e\u0441\u0441\u0438\u044f",
            "description": "\u041d\u043e\u0432\u043e\u0441\u0442\u0438 \u0442\u0435\u043b\u0435\u043a\u0430\u043d\u0430\u043b\u0430 RT \u043d\u0430 \u0440\u0443\u0441\u0441\u043a\u043e\u043c \u044f\u0437\u044b\u043a\u0435.",
            "url": "https://t.co/qGx45OeilV",
            "entities": {
                "url": {
                    "urls": [
                        {
                            "url": "https://t.co/qGx45OeilV",
                            "expanded_url": "http://Russian.RT.com",
                            "display_url": "Russian.RT.com",
                            "indices": [
                                0,
                                23
                            ]
                        }
                    ]
                },
                "description": {
                    "urls": []
                }
            },
            "protected": false,
            "followers_count": 891336,
            "friends_count": 184,
            "listed_count": 3293,
            "created_at": "Wed Jul 20 11:07:40 +0000 2011",
            "favourites_count": 2,
            "utc_offset": 10800,
            "time_zone": "Volgograd",
            "geo_enabled": true,
            "verified": true,
            "statuses_count": 289503,
            "lang": "en",
            "contributors_enabled": false,
            "is_translator": false,
            "is_translation_enabled": false,
            "profile_background_color": "000000",
            "profile_background_image_url": "http://pbs.twimg.com/profile_background_images/431574637/rt_com_02new.jpg",
            "profile_background_image_url_https": "https://pbs.twimg.com/profile_background_images/431574637/rt_com_02new.jpg",
            "profile_background_tile": false,
            "profile_image_url": "http://pbs.twimg.com/profile_images/850202985686720513/oVI_H39P_normal.jpg",
            "profile_image_url_https": "https://pbs.twimg.com/profile_images/850202985686720513/oVI_H39P_normal.jpg",
            "profile_banner_url": "https://pbs.twimg.com/profile_banners/338960856/1452771927",
            "profile_link_color": "3D990F",
            "profile_sidebar_border_color": "C0DEED",
            "profile_sidebar_fill_color": "DDEEF6",
            "profile_text_color": "333333",
            "profile_use_background_image": true,
            "has_extended_profile": false,
            "default_profile": false,
            "default_profile_image": false,
            "following": false,
            "follow_request_sent": false,
            "notifications": false,
            "translator_type": "none"
        },
        "geo": null,
        "coordinates": null,
        "place": null,
        "contributors": null,
        "is_quote_status": false,
        "retweet_count": 36,
        "favorite_count": 22,
        "favorited": false,
        "retweeted": false,
        "possibly_sensitive": false,
        "possibly_sensitive_appealable": false,
        "lang": "ru"
    },
    "retweet_count": 0,
    "favorite_count": 0,
    "favorited": false,
    "retweeted": false,
    "possibly_sensitive": false,
    "possibly_sensitive_appealable": false,
    "lang": "ru"
}