{
    "created_at": "Fri Nov 10 11:47:22 +0000 2017",
    "id": 928952217054347264,
    "id_str": "928952217054347264",
    "text": "@KimmoKannala There are a lot of 'sporadic' craters around #MH17 crash site  (ie small salvos of shelling), from bo\u2026 https://t.co/UwnhcKbxGp",
    "truncated": true,
    "entities": {
        "hashtags": [
            {
                "text": "MH17",
                "indices": [
                    59,
                    64
                ]
            }
        ],
        "symbols": [],
        "user_mentions": [
            {
                "screen_name": "KimmoKannala",
                "name": "Kimmo Kannala",
                "id": 377892342,
                "id_str": "377892342",
                "indices": [
                    0,
                    13
                ]
            }
        ],
        "urls": [
            {
                "url": "https://t.co/UwnhcKbxGp",
                "expanded_url": "https://twitter.com/i/web/status/928952217054347264",
                "display_url": "twitter.com/i/web/status/9\u2026",
                "indices": [
                    117,
                    140
                ]
            }
        ]
    },
    "source": "<a href=\"http://twitter.com/download/android\" rel=\"nofollow\">Twitter for Android</a>",
    "in_reply_to_status_id": 928930552975065089,
    "in_reply_to_status_id_str": "928930552975065089",
    "in_reply_to_user_id": 377892342,
    "in_reply_to_user_id_str": "377892342",
    "in_reply_to_screen_name": "KimmoKannala",
    "user": {
        "id": 2347485195,
        "id_str": "2347485195",
        "name": "Niels Ockelmann \ud83d\udc18",
        "screen_name": "NOckelmann",
        "location": "Roaming",
        "description": "Proud Ronkedor. Speaks only Danglish. Passionate fact-finder and liar-slayer.\nMainly MH17, Ukraine, Europe, Syria.\nNo fan of Russia (my creepy neighbour).",
        "url": null,
        "entities": {
            "description": {
                "urls": []
            }
        },
        "protected": false,
        "followers_count": 176,
        "friends_count": 139,
        "listed_count": 30,
        "created_at": "Sun Feb 16 20:34:10 +0000 2014",
        "favourites_count": 1225,
        "utc_offset": 3600,
        "time_zone": "Copenhagen",
        "geo_enabled": false,
        "verified": false,
        "statuses_count": 11571,
        "lang": "da",
        "contributors_enabled": false,
        "is_translator": false,
        "is_translation_enabled": false,
        "profile_background_color": "C0DEED",
        "profile_background_image_url": "http://abs.twimg.com/images/themes/theme1/bg.png",
        "profile_background_image_url_https": "https://abs.twimg.com/images/themes/theme1/bg.png",
        "profile_background_tile": false,
        "profile_image_url": "http://pbs.twimg.com/profile_images/968980311890710528/C0xF-eoq_normal.jpg",
        "profile_image_url_https": "https://pbs.twimg.com/profile_images/968980311890710528/C0xF-eoq_normal.jpg",
        "profile_banner_url": "https://pbs.twimg.com/profile_banners/2347485195/1519857884",
        "profile_link_color": "1DA1F2",
        "profile_sidebar_border_color": "C0DEED",
        "profile_sidebar_fill_color": "DDEEF6",
        "profile_text_color": "333333",
        "profile_use_background_image": true,
        "has_extended_profile": false,
        "default_profile": true,
        "default_profile_image": false,
        "following": false,
        "follow_request_sent": false,
        "notifications": false,
        "translator_type": "none"
    },
    "geo": null,
    "coordinates": null,
    "place": null,
    "contributors": null,
    "is_quote_status": false,
    "retweet_count": 0,
    "favorite_count": 2,
    "favorited": false,
    "retweeted": false,
    "lang": "en"
}