{
    "created_at": "Sun Nov 05 20:04:17 +0000 2017",
    "id": 927265330526814208,
    "id_str": "927265330526814208",
    "text": "#\u042f\u043d\u0443\u043a\u043e\u0432\u0438\u0447: \u044f \u0431\u044b \u0434\u0430\u043b \u0432 \u043c\u043e\u0440\u0434\u0443 #\u041f\u043e\u0440\u043e\u0448\u0435\u043d\u043a\u043e https://t.co/f7UBDHQap6\n#\u0410\u0422\u041e #\u0432\u0456\u0439\u043d\u0430 #\u0417\u0421\u0423 #\u041a\u0438\u0457\u0432 #\u0423\u043a\u0440\u0430\u0457\u043d\u0430 #\u0443\u043a\u0440\u0430\u0457\u043d\u0446\u0456",
    "truncated": false,
    "entities": {
        "hashtags": [
            {
                "text": "\u042f\u043d\u0443\u043a\u043e\u0432\u0438\u0447",
                "indices": [
                    0,
                    9
                ]
            },
            {
                "text": "\u041f\u043e\u0440\u043e\u0448\u0435\u043d\u043a\u043e",
                "indices": [
                    28,
                    38
                ]
            },
            {
                "text": "\u0410\u0422\u041e",
                "indices": [
                    63,
                    67
                ]
            },
            {
                "text": "\u0432\u0456\u0439\u043d\u0430",
                "indices": [
                    68,
                    74
                ]
            },
            {
                "text": "\u0417\u0421\u0423",
                "indices": [
                    75,
                    79
                ]
            },
            {
                "text": "\u041a\u0438\u0457\u0432",
                "indices": [
                    80,
                    85
                ]
            },
            {
                "text": "\u0423\u043a\u0440\u0430\u0457\u043d\u0430",
                "indices": [
                    86,
                    94
                ]
            },
            {
                "text": "\u0443\u043a\u0440\u0430\u0457\u043d\u0446\u0456",
                "indices": [
                    95,
                    104
                ]
            }
        ],
        "symbols": [],
        "user_mentions": [],
        "urls": [
            {
                "url": "https://t.co/f7UBDHQap6",
                "expanded_url": "https://youtu.be/bQCtcToCMDY",
                "display_url": "youtu.be/bQCtcToCMDY",
                "indices": [
                    39,
                    62
                ]
            }
        ]
    },
    "source": "<a href=\"http://twitter.com\" rel=\"nofollow\">Twitter Web Client</a>",
    "in_reply_to_status_id": null,
    "in_reply_to_status_id_str": null,
    "in_reply_to_user_id": null,
    "in_reply_to_user_id_str": null,
    "in_reply_to_screen_name": null,
    "user": {
        "id": 4405447102,
        "id_str": "4405447102",
        "name": "\u04b8\u04f2\u04c5\u04d0\u04ea\u04cb\u04d2\u04cd\u042a \u04b6\u040e\u0508\u04da\u04a8\u04f4\u04d4\u04cd\u04e6\u051c",
        "screen_name": "CHULAOCHAM",
        "location": "\u262d \u0421\u0421\u0421\u0420",
        "description": "\u0421\u043f\u043e\u0440\u0442\u0441\u043c\u0435\u043d, \u043a\u043e\u043c\u0441\u043e\u043c\u043e\u043b\u0435\u0446 \u0438 \u043f\u0440\u043e\u0441\u0442\u043e \u043a\u0440\u0430\u0441\u0430\u0432\u0435\u0446! (\u04b8\u04f2\u04c5\u04d0\u04ea\u04cb\u04d2\u04cd\u042a \u04b6\u040e\u0508\u04da\u04a8\u04f4\u04d4\u04cd\u04e6\u051c\u042a)  \u0416\u0416/LJ: https://t.co/imxnEJLkwC",
        "url": "https://t.co/CHDrsrckPG",
        "entities": {
            "url": {
                "urls": [
                    {
                        "url": "https://t.co/CHDrsrckPG",
                        "expanded_url": "https://ok.ru/profile/574108358875",
                        "display_url": "ok.ru/profile/574108\u2026",
                        "indices": [
                            0,
                            23
                        ]
                    }
                ]
            },
            "description": {
                "urls": [
                    {
                        "url": "https://t.co/imxnEJLkwC",
                        "expanded_url": "http://chulaocham.livejournal.com",
                        "display_url": "chulaocham.livejournal.com",
                        "indices": [
                            73,
                            96
                        ]
                    }
                ]
            }
        },
        "protected": false,
        "followers_count": 372,
        "friends_count": 1563,
        "listed_count": 29,
        "created_at": "Mon Dec 07 13:53:15 +0000 2015",
        "favourites_count": 140,
        "utc_offset": -28800,
        "time_zone": "Pacific Time (US & Canada)",
        "geo_enabled": false,
        "verified": false,
        "statuses_count": 41686,
        "lang": "ru",
        "contributors_enabled": false,
        "is_translator": false,
        "is_translation_enabled": false,
        "profile_background_color": "3B94D9",
        "profile_background_image_url": "http://abs.twimg.com/images/themes/theme1/bg.png",
        "profile_background_image_url_https": "https://abs.twimg.com/images/themes/theme1/bg.png",
        "profile_background_tile": false,
        "profile_image_url": "http://pbs.twimg.com/profile_images/673863382009692160/QrZjuK0Y_normal.jpg",
        "profile_image_url_https": "https://pbs.twimg.com/profile_images/673863382009692160/QrZjuK0Y_normal.jpg",
        "profile_banner_url": "https://pbs.twimg.com/profile_banners/4405447102/1493850234",
        "profile_link_color": "3B94D9",
        "profile_sidebar_border_color": "000000",
        "profile_sidebar_fill_color": "000000",
        "profile_text_color": "000000",
        "profile_use_background_image": true,
        "has_extended_profile": false,
        "default_profile": false,
        "default_profile_image": false,
        "following": false,
        "follow_request_sent": false,
        "notifications": false,
        "translator_type": "regular"
    },
    "geo": null,
    "coordinates": null,
    "place": null,
    "contributors": null,
    "is_quote_status": false,
    "retweet_count": 0,
    "favorite_count": 0,
    "favorited": false,
    "retweeted": false,
    "possibly_sensitive": false,
    "possibly_sensitive_appealable": false,
    "lang": "ru"
}