{
    "created_at": "Mon Nov 06 12:42:44 +0000 2017",
    "id": 927516601997545472,
    "id_str": "927516601997545472",
    "text": "1/5 w/end twitter highlights. @NOckelmann @ASpinOfTheWheel @MJoyce2244 @AmishJihadi @roarbro  1.Papers offer reward 4 #Buk launch witnesses.",
    "truncated": false,
    "entities": {
        "hashtags": [
            {
                "text": "Buk",
                "indices": [
                    118,
                    122
                ]
            }
        ],
        "symbols": [],
        "user_mentions": [
            {
                "screen_name": "NOckelmann",
                "name": "Niels Ockelmann \ud83d\udc18",
                "id": 2347485195,
                "id_str": "2347485195",
                "indices": [
                    30,
                    41
                ]
            },
            {
                "screen_name": "ASpinOfTheWheel",
                "name": "K Johnson",
                "id": 1670939658,
                "id_str": "1670939658",
                "indices": [
                    42,
                    58
                ]
            },
            {
                "screen_name": "MJoyce2244",
                "name": "Michael Joyce",
                "id": 460705232,
                "id_str": "460705232",
                "indices": [
                    59,
                    70
                ]
            },
            {
                "screen_name": "AmishJihadi",
                "name": "AmishJihadi",
                "id": 3850608198,
                "id_str": "3850608198",
                "indices": [
                    71,
                    83
                ]
            },
            {
                "screen_name": "roarbro",
                "name": "roarbro",
                "id": 391702208,
                "id_str": "391702208",
                "indices": [
                    84,
                    92
                ]
            }
        ],
        "urls": []
    },
    "source": "<a href=\"http://twitter.com/download/iphone\" rel=\"nofollow\">Twitter for iPhone</a>",
    "in_reply_to_status_id": null,
    "in_reply_to_status_id_str": null,
    "in_reply_to_user_id": null,
    "in_reply_to_user_id_str": null,
    "in_reply_to_screen_name": null,
    "user": {
        "id": 93015599,
        "id_str": "93015599",
        "name": "Adrian Adastra",
        "screen_name": "adrianadastra",
        "location": "@ lunch wth the Palantir rep",
        "description": "Artisan of the single intelligence environment, sometime MOBBIT, founder member of #No2Grobags, views my own not the floorplate's #RT not endorsement.",
        "url": "https://t.co/e7wyudimOZ",
        "entities": {
            "url": {
                "urls": [
                    {
                        "url": "https://t.co/e7wyudimOZ",
                        "expanded_url": "http://about.me/adrian_adastra",
                        "display_url": "about.me/adrian_adastra",
                        "indices": [
                            0,
                            23
                        ]
                    }
                ]
            },
            "description": {
                "urls": []
            }
        },
        "protected": false,
        "followers_count": 357,
        "friends_count": 906,
        "listed_count": 75,
        "created_at": "Fri Nov 27 17:56:49 +0000 2009",
        "favourites_count": 11767,
        "utc_offset": null,
        "time_zone": null,
        "geo_enabled": true,
        "verified": false,
        "statuses_count": 27051,
        "lang": "en",
        "contributors_enabled": false,
        "is_translator": false,
        "is_translation_enabled": false,
        "profile_background_color": "C0DEED",
        "profile_background_image_url": "http://abs.twimg.com/images/themes/theme1/bg.png",
        "profile_background_image_url_https": "https://abs.twimg.com/images/themes/theme1/bg.png",
        "profile_background_tile": false,
        "profile_image_url": "http://pbs.twimg.com/profile_images/378800000711013383/359e42cefdf231d715ff4f4b97097e32_normal.jpeg",
        "profile_image_url_https": "https://pbs.twimg.com/profile_images/378800000711013383/359e42cefdf231d715ff4f4b97097e32_normal.jpeg",
        "profile_banner_url": "https://pbs.twimg.com/profile_banners/93015599/1466172497",
        "profile_link_color": "1DA1F2",
        "profile_sidebar_border_color": "C0DEED",
        "profile_sidebar_fill_color": "DDEEF6",
        "profile_text_color": "333333",
        "profile_use_background_image": true,
        "has_extended_profile": false,
        "default_profile": true,
        "default_profile_image": false,
        "following": false,
        "follow_request_sent": false,
        "notifications": false,
        "translator_type": "none"
    },
    "geo": null,
    "coordinates": null,
    "place": null,
    "contributors": null,
    "is_quote_status": false,
    "retweet_count": 0,
    "favorite_count": 1,
    "favorited": false,
    "retweeted": false,
    "lang": "en"
}