{
    "created_at": "Wed Nov 08 22:27:24 +0000 2017",
    "id": 928388513271234560,
    "id_str": "928388513271234560",
    "text": "The troll fails to recognise that #Poroshenko agreed to ceasefire- no #UAF forces within 40km but #Poroshenko lied,\u2026 https://t.co/2Fg4UPlK0K",
    "truncated": true,
    "entities": {
        "hashtags": [
            {
                "text": "Poroshenko",
                "indices": [
                    34,
                    45
                ]
            },
            {
                "text": "UAF",
                "indices": [
                    70,
                    74
                ]
            },
            {
                "text": "Poroshenko",
                "indices": [
                    98,
                    109
                ]
            }
        ],
        "symbols": [],
        "user_mentions": [],
        "urls": [
            {
                "url": "https://t.co/2Fg4UPlK0K",
                "expanded_url": "https://twitter.com/i/web/status/928388513271234560",
                "display_url": "twitter.com/i/web/status/9\u2026",
                "indices": [
                    117,
                    140
                ]
            }
        ]
    },
    "source": "<a href=\"https://about.twitter.com/products/tweetdeck\" rel=\"nofollow\">TweetDeck</a>",
    "in_reply_to_status_id": null,
    "in_reply_to_status_id_str": null,
    "in_reply_to_user_id": null,
    "in_reply_to_user_id_str": null,
    "in_reply_to_screen_name": null,
    "user": {
        "id": 1958976074,
        "id_str": "1958976074",
        "name": "Deus Abscondis",
        "screen_name": "Deus_Abscondis",
        "location": "Look up at the night sky",
        "description": "Alien in exile",
        "url": null,
        "entities": {
            "description": {
                "urls": []
            }
        },
        "protected": false,
        "followers_count": 501,
        "friends_count": 467,
        "listed_count": 32,
        "created_at": "Sun Oct 13 16:06:51 +0000 2013",
        "favourites_count": 4086,
        "utc_offset": -39600,
        "time_zone": "International Date Line West",
        "geo_enabled": false,
        "verified": false,
        "statuses_count": 29742,
        "lang": "en",
        "contributors_enabled": false,
        "is_translator": false,
        "is_translation_enabled": false,
        "profile_background_color": "131516",
        "profile_background_image_url": "http://pbs.twimg.com/profile_background_images/378800000094063106/efa82f0f8d2d565205fcb933d9b82f31.gif",
        "profile_background_image_url_https": "https://pbs.twimg.com/profile_background_images/378800000094063106/efa82f0f8d2d565205fcb933d9b82f31.gif",
        "profile_background_tile": true,
        "profile_image_url": "http://pbs.twimg.com/profile_images/870197609050157056/dVOZVbfI_normal.jpg",
        "profile_image_url_https": "https://pbs.twimg.com/profile_images/870197609050157056/dVOZVbfI_normal.jpg",
        "profile_banner_url": "https://pbs.twimg.com/profile_banners/1958976074/1405089320",
        "profile_link_color": "009999",
        "profile_sidebar_border_color": "000000",
        "profile_sidebar_fill_color": "DDEEF6",
        "profile_text_color": "333333",
        "profile_use_background_image": true,
        "has_extended_profile": false,
        "default_profile": false,
        "default_profile_image": false,
        "following": false,
        "follow_request_sent": false,
        "notifications": false,
        "translator_type": "none"
    },
    "geo": null,
    "coordinates": null,
    "place": null,
    "contributors": null,
    "is_quote_status": false,
    "retweet_count": 1,
    "favorite_count": 3,
    "favorited": false,
    "retweeted": false,
    "possibly_sensitive": false,
    "possibly_sensitive_appealable": false,
    "lang": "en"
}