{
    "created_at": "Wed Nov 08 14:26:19 +0000 2017",
    "id": 928267442584936449,
    "id_str": "928267442584936449",
    "text": "No different from Lavrov saying that Ukrainians shot down #MH17. Just completely reverse the facts. Same with the c\u2026 https://t.co/8DaTxnthS7",
    "truncated": true,
    "entities": {
        "hashtags": [
            {
                "text": "MH17",
                "indices": [
                    58,
                    63
                ]
            }
        ],
        "symbols": [],
        "user_mentions": [],
        "urls": [
            {
                "url": "https://t.co/8DaTxnthS7",
                "expanded_url": "https://twitter.com/i/web/status/928267442584936449",
                "display_url": "twitter.com/i/web/status/9\u2026",
                "indices": [
                    117,
                    140
                ]
            }
        ]
    },
    "source": "<a href=\"http://twitter.com\" rel=\"nofollow\">Twitter Web Client</a>",
    "in_reply_to_status_id": 928264169694072833,
    "in_reply_to_status_id_str": "928264169694072833",
    "in_reply_to_user_id": 3061311382,
    "in_reply_to_user_id_str": "3061311382",
    "in_reply_to_screen_name": "XSovietNews",
    "user": {
        "id": 3061311382,
        "id_str": "3061311382",
        "name": "X Soviet",
        "screen_name": "XSovietNews",
        "location": "",
        "description": "#Russia, #Ukraine, former Soviet Union, #Turkey Founder: Sarah Hurst https://t.co/cUBblnzQiB",
        "url": "https://t.co/wpGmn2CyK4",
        "entities": {
            "url": {
                "urls": [
                    {
                        "url": "https://t.co/wpGmn2CyK4",
                        "expanded_url": "http://xsovietunion.blogspot.com",
                        "display_url": "xsovietunion.blogspot.com",
                        "indices": [
                            0,
                            23
                        ]
                    }
                ]
            },
            "description": {
                "urls": [
                    {
                        "url": "https://t.co/cUBblnzQiB",
                        "expanded_url": "https://www.linkedin.com/in/sarahhurst/",
                        "display_url": "linkedin.com/in/sarahhurst/",
                        "indices": [
                            69,
                            92
                        ]
                    }
                ]
            }
        },
        "protected": false,
        "followers_count": 7314,
        "friends_count": 919,
        "listed_count": 296,
        "created_at": "Wed Feb 25 07:41:38 +0000 2015",
        "favourites_count": 6662,
        "utc_offset": 0,
        "time_zone": "Dublin",
        "geo_enabled": false,
        "verified": false,
        "statuses_count": 105570,
        "lang": "en-gb",
        "contributors_enabled": false,
        "is_translator": false,
        "is_translation_enabled": true,
        "profile_background_color": "B2DFDA",
        "profile_background_image_url": "http://pbs.twimg.com/profile_background_images/623396752830406656/eE9Wzkc9.jpg",
        "profile_background_image_url_https": "https://pbs.twimg.com/profile_background_images/623396752830406656/eE9Wzkc9.jpg",
        "profile_background_tile": false,
        "profile_image_url": "http://pbs.twimg.com/profile_images/735544716054401024/1acxmhp4_normal.jpg",
        "profile_image_url_https": "https://pbs.twimg.com/profile_images/735544716054401024/1acxmhp4_normal.jpg",
        "profile_banner_url": "https://pbs.twimg.com/profile_banners/3061311382/1499500005",
        "profile_link_color": "93A644",
        "profile_sidebar_border_color": "000000",
        "profile_sidebar_fill_color": "000000",
        "profile_text_color": "000000",
        "profile_use_background_image": true,
        "has_extended_profile": false,
        "default_profile": false,
        "default_profile_image": false,
        "following": false,
        "follow_request_sent": false,
        "notifications": false,
        "translator_type": "none"
    },
    "geo": null,
    "coordinates": null,
    "place": null,
    "contributors": null,
    "is_quote_status": false,
    "retweet_count": 3,
    "favorite_count": 8,
    "favorited": false,
    "retweeted": false,
    "lang": "en"
}