{
    "created_at": "Thu Nov 09 15:28:21 +0000 2017",
    "id": 928645441654272001,
    "id_str": "928645441654272001",
    "text": "#Proof of #NATO #false #flag #attack on #MH17 https://t.co/E0CUKlXsnJ",
    "truncated": false,
    "entities": {
        "hashtags": [
            {
                "text": "Proof",
                "indices": [
                    0,
                    6
                ]
            },
            {
                "text": "NATO",
                "indices": [
                    10,
                    15
                ]
            },
            {
                "text": "false",
                "indices": [
                    16,
                    22
                ]
            },
            {
                "text": "flag",
                "indices": [
                    23,
                    28
                ]
            },
            {
                "text": "attack",
                "indices": [
                    29,
                    36
                ]
            },
            {
                "text": "MH17",
                "indices": [
                    40,
                    45
                ]
            }
        ],
        "symbols": [],
        "user_mentions": [],
        "urls": [
            {
                "url": "https://t.co/E0CUKlXsnJ",
                "expanded_url": "https://twitter.com/MH17files/status/928641038704693248",
                "display_url": "twitter.com/MH17files/stat\u2026",
                "indices": [
                    46,
                    69
                ]
            }
        ]
    },
    "source": "<a href=\"http://twitter.com\" rel=\"nofollow\">Twitter Web Client</a>",
    "in_reply_to_status_id": null,
    "in_reply_to_status_id_str": null,
    "in_reply_to_user_id": null,
    "in_reply_to_user_id_str": null,
    "in_reply_to_screen_name": null,
    "user": {
        "id": 94578764,
        "id_str": "94578764",
        "name": "YuriSL",
        "screen_name": "RussSL",
        "location": "My main website today:",
        "description": "I'm a founder of the Association 'YSL and Partners' and a Regional representative of 'MasterKey Translations', Russia. I\u2019m 73 years old and live in Omsk, Russia",
        "url": "https://t.co/VKUpfYjaPC",
        "entities": {
            "url": {
                "urls": [
                    {
                        "url": "https://t.co/VKUpfYjaPC",
                        "expanded_url": "http://yurisl.tiu.ru",
                        "display_url": "yurisl.tiu.ru",
                        "indices": [
                            0,
                            23
                        ]
                    }
                ]
            },
            "description": {
                "urls": []
            }
        },
        "protected": false,
        "followers_count": 2724,
        "friends_count": 2415,
        "listed_count": 1438,
        "created_at": "Fri Dec 04 15:25:55 +0000 2009",
        "favourites_count": 80568,
        "utc_offset": 25200,
        "time_zone": "Novosibirsk",
        "geo_enabled": true,
        "verified": false,
        "statuses_count": 149924,
        "lang": "en",
        "contributors_enabled": false,
        "is_translator": false,
        "is_translation_enabled": false,
        "profile_background_color": "BFD7E3",
        "profile_background_image_url": "http://pbs.twimg.com/profile_background_images/871913371/acd86a5fbae8dd9fd76ed1341cfc7670.png",
        "profile_background_image_url_https": "https://pbs.twimg.com/profile_background_images/871913371/acd86a5fbae8dd9fd76ed1341cfc7670.png",
        "profile_background_tile": false,
        "profile_image_url": "http://pbs.twimg.com/profile_images/861593599020064768/nMe6NuG-_normal.jpg",
        "profile_image_url_https": "https://pbs.twimg.com/profile_images/861593599020064768/nMe6NuG-_normal.jpg",
        "profile_banner_url": "https://pbs.twimg.com/profile_banners/94578764/1494254946",
        "profile_link_color": "216178",
        "profile_sidebar_border_color": "FFFFFF",
        "profile_sidebar_fill_color": "DDEEF6",
        "profile_text_color": "333333",
        "profile_use_background_image": true,
        "has_extended_profile": true,
        "default_profile": false,
        "default_profile_image": false,
        "following": false,
        "follow_request_sent": false,
        "notifications": false,
        "translator_type": "none"
    },
    "geo": null,
    "coordinates": null,
    "place": null,
    "contributors": null,
    "is_quote_status": true,
    "retweet_count": 2,
    "favorite_count": 2,
    "favorited": false,
    "retweeted": false,
    "possibly_sensitive": false,
    "possibly_sensitive_appealable": false,
    "lang": "en"
}