{
    "created_at": "Fri Nov 10 10:35:11 +0000 2017",
    "id": 928934052442370048,
    "id_str": "928934052442370048",
    "text": "@mkj1951 @marcelvandenber #Netherlands #Ukraine #MH17\n\nIMO 'new' evidence will soon be revealed - #Russia will be b\u2026 https://t.co/r1aYuvdJDa",
    "truncated": true,
    "entities": {
        "hashtags": [
            {
                "text": "Netherlands",
                "indices": [
                    26,
                    38
                ]
            },
            {
                "text": "Ukraine",
                "indices": [
                    39,
                    47
                ]
            },
            {
                "text": "MH17",
                "indices": [
                    48,
                    53
                ]
            },
            {
                "text": "Russia",
                "indices": [
                    98,
                    105
                ]
            }
        ],
        "symbols": [],
        "user_mentions": [
            {
                "screen_name": "mkj1951",
                "name": "Marilyn Justice",
                "id": 217044098,
                "id_str": "217044098",
                "indices": [
                    0,
                    8
                ]
            },
            {
                "screen_name": "marcelvandenber",
                "name": "Marcel van den Berg\u2601",
                "id": 18933045,
                "id_str": "18933045",
                "indices": [
                    9,
                    25
                ]
            }
        ],
        "urls": [
            {
                "url": "https://t.co/r1aYuvdJDa",
                "expanded_url": "https://twitter.com/i/web/status/928934052442370048",
                "display_url": "twitter.com/i/web/status/9\u2026",
                "indices": [
                    117,
                    140
                ]
            }
        ]
    },
    "source": "<a href=\"http://twitter.com\" rel=\"nofollow\">Twitter Web Client</a>",
    "in_reply_to_status_id": 928806042527584256,
    "in_reply_to_status_id_str": "928806042527584256",
    "in_reply_to_user_id": 217044098,
    "in_reply_to_user_id_str": "217044098",
    "in_reply_to_screen_name": "mkj1951",
    "user": {
        "id": 2428920877,
        "id_str": "2428920877",
        "name": "Clement Townsend",
        "screen_name": "CT4444",
        "location": "Somerset, UK",
        "description": "Retired Strategic Planner looking beyond headlines for balanced opinions & facts. I follow those with similar interests, irrespective of their views",
        "url": null,
        "entities": {
            "description": {
                "urls": []
            }
        },
        "protected": false,
        "followers_count": 1450,
        "friends_count": 419,
        "listed_count": 76,
        "created_at": "Sat Apr 05 13:31:22 +0000 2014",
        "favourites_count": 4819,
        "utc_offset": 0,
        "time_zone": "London",
        "geo_enabled": true,
        "verified": false,
        "statuses_count": 53729,
        "lang": "en-gb",
        "contributors_enabled": false,
        "is_translator": false,
        "is_translation_enabled": false,
        "profile_background_color": "C0DEED",
        "profile_background_image_url": "http://abs.twimg.com/images/themes/theme1/bg.png",
        "profile_background_image_url_https": "https://abs.twimg.com/images/themes/theme1/bg.png",
        "profile_background_tile": false,
        "profile_image_url": "http://pbs.twimg.com/profile_images/460745160205152256/r8w2faOW_normal.jpeg",
        "profile_image_url_https": "https://pbs.twimg.com/profile_images/460745160205152256/r8w2faOW_normal.jpeg",
        "profile_link_color": "1DA1F2",
        "profile_sidebar_border_color": "C0DEED",
        "profile_sidebar_fill_color": "DDEEF6",
        "profile_text_color": "333333",
        "profile_use_background_image": true,
        "has_extended_profile": false,
        "default_profile": true,
        "default_profile_image": false,
        "following": false,
        "follow_request_sent": false,
        "notifications": false,
        "translator_type": "regular"
    },
    "geo": null,
    "coordinates": null,
    "place": null,
    "contributors": null,
    "is_quote_status": false,
    "retweet_count": 0,
    "favorite_count": 0,
    "favorited": false,
    "retweeted": false,
    "lang": "en"
}