{
    "created_at": "Thu Nov 09 22:58:27 +0000 2017",
    "id": 928758713921482752,
    "id_str": "928758713921482752",
    "text": "RT @SergVoloshin: \u041f\u043e\u043b\u0437\u0443\u0447\u0430\u044f \u043a\u043e\u043d\u0442\u0440\u0440\u0435\u0432\u043e\u043b\u044e\u0446\u0438\u044f\n01.11.15 12:10 \u0413\u0435\u043d\u0435\u0440\u0430\u043b \u041e\u043b\u0435\u0433 \u0411\u043e\u0439\u043a\u043e, \u0443\u0447\u0430\u0441\u0442\u043d\u0438\u043a \u043e\u043f\u0435\u0440\u0430\u0446\u0438\u0438 \u043f\u043e \u0440\u0430\u0437\u0433\u043e\u043d\u0443 \u0415\u0432\u0440\u043e\u043c\u0430\u0439\u0434\u0430\u043d\u0430, \u043d\u0430\u0437\u043d\u0430\u0447\u0435\u043d \u0433\u043b\u0430\u0432\u043e\u0439 \u0427\u0435\u0440\u043a\u2026",
    "truncated": false,
    "entities": {
        "hashtags": [],
        "symbols": [],
        "user_mentions": [
            {
                "screen_name": "SergVoloshin",
                "name": "\u0421\u0435\u0440\u0433\u0456\u0439@\u0412\u043e\u043b\u043e\u0448\u0438\u043d",
                "id": 2876352912,
                "id_str": "2876352912",
                "indices": [
                    3,
                    16
                ]
            }
        ],
        "urls": []
    },
    "source": "<a href=\"http://twitter.com\" rel=\"nofollow\">Twitter Web Client</a>",
    "in_reply_to_status_id": null,
    "in_reply_to_status_id_str": null,
    "in_reply_to_user_id": null,
    "in_reply_to_user_id_str": null,
    "in_reply_to_screen_name": null,
    "user": {
        "id": 923998082123096067,
        "id_str": "923998082123096067",
        "name": "\u0434\u043e\u043d \u0443\u0440\u0441\u0443",
        "screen_name": "umi310369",
        "location": "",
        "description": "",
        "url": null,
        "entities": {
            "description": {
                "urls": []
            }
        },
        "protected": false,
        "followers_count": 4,
        "friends_count": 48,
        "listed_count": 0,
        "created_at": "Fri Oct 27 19:41:24 +0000 2017",
        "favourites_count": 291,
        "utc_offset": null,
        "time_zone": null,
        "geo_enabled": true,
        "verified": false,
        "statuses_count": 489,
        "lang": "uk",
        "contributors_enabled": false,
        "is_translator": false,
        "is_translation_enabled": false,
        "profile_background_color": "F5F8FA",
        "profile_background_image_url": null,
        "profile_background_image_url_https": null,
        "profile_background_tile": false,
        "profile_image_url": "http://abs.twimg.com/sticky/default_profile_images/default_profile_normal.png",
        "profile_image_url_https": "https://abs.twimg.com/sticky/default_profile_images/default_profile_normal.png",
        "profile_link_color": "1DA1F2",
        "profile_sidebar_border_color": "C0DEED",
        "profile_sidebar_fill_color": "DDEEF6",
        "profile_text_color": "333333",
        "profile_use_background_image": true,
        "has_extended_profile": false,
        "default_profile": true,
        "default_profile_image": true,
        "following": false,
        "follow_request_sent": false,
        "notifications": false,
        "translator_type": "none"
    },
    "geo": null,
    "coordinates": null,
    "place": null,
    "contributors": null,
    "retweeted_status": {
        "created_at": "Wed Nov 01 17:22:00 +0000 2017",
        "id": 925774940481228800,
        "id_str": "925774940481228800",
        "text": "\u041f\u043e\u043b\u0437\u0443\u0447\u0430\u044f \u043a\u043e\u043d\u0442\u0440\u0440\u0435\u0432\u043e\u043b\u044e\u0446\u0438\u044f\n01.11.15 12:10 \u0413\u0435\u043d\u0435\u0440\u0430\u043b \u041e\u043b\u0435\u0433 \u0411\u043e\u0439\u043a\u043e, \u0443\u0447\u0430\u0441\u0442\u043d\u0438\u043a \u043e\u043f\u0435\u0440\u0430\u0446\u0438\u0438 \u043f\u043e \u0440\u0430\u0437\u0433\u043e\u043d\u0443 \u0415\u0432\u0440\u043e\u043c\u0430\u0439\u0434\u0430\u043d\u0430, \u043d\u0430\u0437\u043d\u0430\u0447\u0435\u043d \u0433\u043b\u0430\u0432\u043e\u0439 \u0427\u0435\u0440\u043a\u0430\u0441\u0441\u043a\u043e\u0433\u043e \u0421\u0411\u0423",
        "truncated": false,
        "entities": {
            "hashtags": [],
            "symbols": [],
            "user_mentions": [],
            "urls": []
        },
        "source": "<a href=\"http://twitter.com\" rel=\"nofollow\">Twitter Web Client</a>",
        "in_reply_to_status_id": null,
        "in_reply_to_status_id_str": null,
        "in_reply_to_user_id": null,
        "in_reply_to_user_id_str": null,
        "in_reply_to_screen_name": null,
        "user": {
            "id": 2876352912,
            "id_str": "2876352912",
            "name": "\u0421\u0435\u0440\u0433\u0456\u0439@\u0412\u043e\u043b\u043e\u0448\u0438\u043d",
            "screen_name": "SergVoloshin",
            "location": "",
            "description": "\u0427\u0435\u043c \u044f \u0441\u0442\u0430\u0440\u0435\u0435,\u0442\u0435\u043c \u0431\u043e\u043b\u044c\u0448\u0435 \u0443\u0434\u0438\u0432\u043b\u044f\u044e\u0441\u044c \u041a\u0440\u0430\u0441\u043e\u0442\u0435,\u0421\u043e\u0432\u0435\u0440\u0448\u0435\u043d\u0441\u0442\u0432\u0443,\u041c\u0443\u0434\u0440\u043e\u0441\u0442\u0438 \u0417\u0435\u043c\u043b\u0438.",
            "url": null,
            "entities": {
                "description": {
                    "urls": []
                }
            },
            "protected": false,
            "followers_count": 580,
            "friends_count": 51,
            "listed_count": 69,
            "created_at": "Sat Oct 25 06:59:21 +0000 2014",
            "favourites_count": 10913,
            "utc_offset": null,
            "time_zone": null,
            "geo_enabled": false,
            "verified": false,
            "statuses_count": 15509,
            "lang": "ru",
            "contributors_enabled": false,
            "is_translator": false,
            "is_translation_enabled": false,
            "profile_background_color": "C0DEED",
            "profile_background_image_url": "http://abs.twimg.com/images/themes/theme1/bg.png",
            "profile_background_image_url_https": "https://abs.twimg.com/images/themes/theme1/bg.png",
            "profile_background_tile": false,
            "profile_image_url": "http://pbs.twimg.com/profile_images/675753528875352064/7HbJXGBr_normal.jpg",
            "profile_image_url_https": "https://pbs.twimg.com/profile_images/675753528875352064/7HbJXGBr_normal.jpg",
            "profile_banner_url": "https://pbs.twimg.com/profile_banners/2876352912/1449947007",
            "profile_link_color": "1DA1F2",
            "profile_sidebar_border_color": "C0DEED",
            "profile_sidebar_fill_color": "DDEEF6",
            "profile_text_color": "333333",
            "profile_use_background_image": true,
            "has_extended_profile": false,
            "default_profile": true,
            "default_profile_image": false,
            "following": false,
            "follow_request_sent": false,
            "notifications": false,
            "translator_type": "none"
        },
        "geo": null,
        "coordinates": null,
        "place": null,
        "contributors": null,
        "is_quote_status": false,
        "retweet_count": 7,
        "favorite_count": 2,
        "favorited": false,
        "retweeted": false,
        "lang": "ru"
    },
    "is_quote_status": false,
    "retweet_count": 7,
    "favorite_count": 0,
    "favorited": false,
    "retweeted": false,
    "lang": "ru"
}