{
    "created_at": "Thu Nov 09 18:13:57 +0000 2017",
    "id": 928687115139010561,
    "id_str": "928687115139010561",
    "text": "@StephanHaans @silver_stacker @TamrikoT @Saito_section_9 Russians did not fire at any aircraft since the start of c\u2026 https://t.co/H4pvWbBI1n",
    "truncated": true,
    "entities": {
        "hashtags": [],
        "symbols": [],
        "user_mentions": [
            {
                "screen_name": "StephanHaans",
                "name": "Stephan",
                "id": 1372594580,
                "id_str": "1372594580",
                "indices": [
                    0,
                    13
                ]
            },
            {
                "screen_name": "silver_stacker",
                "name": "SILVERSTACKER uKGB",
                "id": 422868987,
                "id_str": "422868987",
                "indices": [
                    14,
                    29
                ]
            },
            {
                "screen_name": "TamrikoT",
                "name": "Springprincess",
                "id": 306656413,
                "id_str": "306656413",
                "indices": [
                    30,
                    39
                ]
            },
            {
                "screen_name": "Saito_section_9",
                "name": "Saito",
                "id": 2515011956,
                "id_str": "2515011956",
                "indices": [
                    40,
                    56
                ]
            }
        ],
        "urls": [
            {
                "url": "https://t.co/H4pvWbBI1n",
                "expanded_url": "https://twitter.com/i/web/status/928687115139010561",
                "display_url": "twitter.com/i/web/status/9\u2026",
                "indices": [
                    117,
                    140
                ]
            }
        ]
    },
    "source": "<a href=\"http://twitter.com\" rel=\"nofollow\">Twitter Web Client</a>",
    "in_reply_to_status_id": 928683444917415936,
    "in_reply_to_status_id_str": "928683444917415936",
    "in_reply_to_user_id": 1372594580,
    "in_reply_to_user_id_str": "1372594580",
    "in_reply_to_screen_name": "StephanHaans",
    "user": {
        "id": 324572101,
        "id_str": "324572101",
        "name": "Tony Rossini",
        "screen_name": "Redbaron9495",
        "location": "UK",
        "description": "\u201cCitizens of the democratic societies should undertake a course of intellectual self-defence to protect themselves from manipulation and control\"",
        "url": null,
        "entities": {
            "description": {
                "urls": []
            }
        },
        "protected": false,
        "followers_count": 1327,
        "friends_count": 168,
        "listed_count": 55,
        "created_at": "Sun Jun 26 21:27:11 +0000 2011",
        "favourites_count": 108955,
        "utc_offset": 0,
        "time_zone": "London",
        "geo_enabled": false,
        "verified": false,
        "statuses_count": 23188,
        "lang": "en",
        "contributors_enabled": false,
        "is_translator": false,
        "is_translation_enabled": false,
        "profile_background_color": "000000",
        "profile_background_image_url": "http://pbs.twimg.com/profile_background_images/554336397436264448/kwAUnf8o.jpeg",
        "profile_background_image_url_https": "https://pbs.twimg.com/profile_background_images/554336397436264448/kwAUnf8o.jpeg",
        "profile_background_tile": false,
        "profile_image_url": "http://pbs.twimg.com/profile_images/571422535448834048/CKVfvxfF_normal.png",
        "profile_image_url_https": "https://pbs.twimg.com/profile_images/571422535448834048/CKVfvxfF_normal.png",
        "profile_banner_url": "https://pbs.twimg.com/profile_banners/324572101/1420998522",
        "profile_link_color": "3B94D9",
        "profile_sidebar_border_color": "000000",
        "profile_sidebar_fill_color": "000000",
        "profile_text_color": "000000",
        "profile_use_background_image": true,
        "has_extended_profile": false,
        "default_profile": false,
        "default_profile_image": false,
        "following": false,
        "follow_request_sent": false,
        "notifications": false,
        "translator_type": "regular"
    },
    "geo": null,
    "coordinates": null,
    "place": null,
    "contributors": null,
    "is_quote_status": false,
    "retweet_count": 0,
    "favorite_count": 0,
    "favorited": false,
    "retweeted": false,
    "lang": "en"
}