{
    "created_at": "Fri Nov 10 21:12:08 +0000 2017",
    "id": 929094347081027585,
    "id_str": "929094347081027585",
    "text": "@liliyavs \u0427\u0442\u043e \u0445\u043e\u0442\u0435\u043b\u043e\u0441\u044c? \u0412\u0441\u0435\u043c \u0443\u043a\u0440\u0430\u0438\u043d\u0446\u0430\u043c \u0445\u043e\u0442\u0435\u043b\u043e\u0441\u044c \u0431\u044b \u0432\u0438\u0434\u0435\u0442\u044c \u0420\u0435\u0436\u0438\u043c \u0434\u0438\u043a\u0442\u0430\u0442\u043e\u0440\u0430 \u041f\u044d\u041f\u043e \u0432\u0438\u0441\u044f\u0449\u0438\u043c\u0438 \u043d\u0430 \u0444\u043e\u043d\u0430\u0440\u044f\u0445. \u0417\u0430 \u0432\u043e\u0440\u043e\u0432\u0441\u0442\u0432\u043e \u0438 \u0443\u0431\u0438\u0439\u0441\u0442\u0432\u0430 \u043d\u0443\u0436\u043d\u043e \u043e\u0442\u0432\u0435\u0447\u0430\u0442\u044c!",
    "truncated": false,
    "entities": {
        "hashtags": [],
        "symbols": [],
        "user_mentions": [
            {
                "screen_name": "liliyavs",
                "name": "LS",
                "id": 449245735,
                "id_str": "449245735",
                "indices": [
                    0,
                    9
                ]
            }
        ],
        "urls": []
    },
    "source": "<a href=\"http://twitter.com/download/iphone\" rel=\"nofollow\">Twitter for iPhone</a>",
    "in_reply_to_status_id": 929092682512822272,
    "in_reply_to_status_id_str": "929092682512822272",
    "in_reply_to_user_id": 449245735,
    "in_reply_to_user_id_str": "449245735",
    "in_reply_to_screen_name": "liliyavs",
    "user": {
        "id": 2950233165,
        "id_str": "2950233165",
        "name": "Fantasma del futuro",
        "screen_name": "Krimnevash",
        "location": "Colombia. Medellin \ud83c\udde8\ud83c\uddf4\ud83c\uddfa\ud83c\udde6",
        "description": "\u041e\u0424\u0418\u0426\u0418\u0410\u041b\u042c\u041d\u041e\u0415 \u0410\u0413\u0415\u041d\u0422\u0421\u0422\u0412\u041e \u041a\u0420\u0415\u041c\u041b\u042f \u0418 \u0410\u0413\u0415\u041d\u0422\u0421\u0422\u0412\u041e \u0424\u0421\u0411 \u0412 \u0423\u041a\u0420\u0410\u0418\u041d\u0415.",
        "url": "https://t.co/xSfLY9D3Re",
        "entities": {
            "url": {
                "urls": [
                    {
                        "url": "https://t.co/xSfLY9D3Re",
                        "expanded_url": "http://page.is/krymnevas",
                        "display_url": "page.is/krymnevas",
                        "indices": [
                            0,
                            23
                        ]
                    }
                ]
            },
            "description": {
                "urls": []
            }
        },
        "protected": false,
        "followers_count": 1300,
        "friends_count": 368,
        "listed_count": 20,
        "created_at": "Mon Dec 29 23:59:52 +0000 2014",
        "favourites_count": 5468,
        "utc_offset": -18000,
        "time_zone": "Eastern Time (US & Canada)",
        "geo_enabled": false,
        "verified": false,
        "statuses_count": 64976,
        "lang": "uk",
        "contributors_enabled": false,
        "is_translator": false,
        "is_translation_enabled": true,
        "profile_background_color": "C0DEED",
        "profile_background_image_url": "http://abs.twimg.com/images/themes/theme1/bg.png",
        "profile_background_image_url_https": "https://abs.twimg.com/images/themes/theme1/bg.png",
        "profile_background_tile": false,
        "profile_image_url": "http://pbs.twimg.com/profile_images/811695994081574912/4SpYD0Gt_normal.jpg",
        "profile_image_url_https": "https://pbs.twimg.com/profile_images/811695994081574912/4SpYD0Gt_normal.jpg",
        "profile_banner_url": "https://pbs.twimg.com/profile_banners/2950233165/1518300300",
        "profile_link_color": "1DA1F2",
        "profile_sidebar_border_color": "C0DEED",
        "profile_sidebar_fill_color": "DDEEF6",
        "profile_text_color": "333333",
        "profile_use_background_image": true,
        "has_extended_profile": false,
        "default_profile": true,
        "default_profile_image": false,
        "following": false,
        "follow_request_sent": false,
        "notifications": false,
        "translator_type": "none"
    },
    "geo": null,
    "coordinates": null,
    "place": null,
    "contributors": null,
    "is_quote_status": false,
    "retweet_count": 0,
    "favorite_count": 0,
    "favorited": false,
    "retweeted": false,
    "lang": "ru"
}