{
    "created_at": "Mon Nov 06 13:27:10 +0000 2017",
    "id": 927527783751933952,
    "id_str": "927527783751933952",
    "text": "RT @asko_info: \u0412\u043e\u0442 \u0442\u0430\u043a \u043d\u043e\u0432\u043e\u0441\u0442\u044c: \u043d\u0430 \u0417\u0430\u043f\u0430\u0434\u0435 \u043d\u0430\u0447\u0430\u043b\u0438 \u043f\u0440\u0438\u0437\u043d\u0430\u0432\u0430\u0442\u044c \u0432\u0438\u043d\u0443 \u0421\u0428\u0410 \u0437\u0430 \u0441\u0431\u0438\u0442\u044b\u0439 Boeing #MH17 \u0432 \u0414\u043e\u043d\u0431\u0430\u0441\u0441\u0435 - https://t.co/BwWkD0Nxsp\n\n#USAdidit\u2026",
    "truncated": false,
    "entities": {
        "hashtags": [
            {
                "text": "MH17",
                "indices": [
                    86,
                    91
                ]
            },
            {
                "text": "USAdidit",
                "indices": [
                    130,
                    139
                ]
            }
        ],
        "symbols": [],
        "user_mentions": [
            {
                "screen_name": "asko_info",
                "name": "\u0410\u043d\u0434\u0440\u0435\u0439 \u0421\u041c\u0418\u0420\u041d\u041e\u0412",
                "id": 456686553,
                "id_str": "456686553",
                "indices": [
                    3,
                    13
                ]
            }
        ],
        "urls": [
            {
                "url": "https://t.co/BwWkD0Nxsp",
                "expanded_url": "http://3mv.ru/93270-vot-tak-novost-na-zapade-nachali-priznavat-vinu-ssha-za-sbityy-boeing-mh17-v-donbasse.html",
                "display_url": "3mv.ru/93270-vot-tak-\u2026",
                "indices": [
                    105,
                    128
                ]
            }
        ]
    },
    "source": "<a href=\"http://twitter.com/download/android\" rel=\"nofollow\">Twitter for Android</a>",
    "in_reply_to_status_id": null,
    "in_reply_to_status_id_str": null,
    "in_reply_to_user_id": null,
    "in_reply_to_user_id_str": null,
    "in_reply_to_screen_name": null,
    "user": {
        "id": 456686553,
        "id_str": "456686553",
        "name": "\u0410\u043d\u0434\u0440\u0435\u0439 \u0421\u041c\u0418\u0420\u041d\u041e\u0412",
        "screen_name": "asko_info",
        "location": "\u0421\u0432\u0463\u0442\u0430\u0467 \u048e\u0263\u00e7\u10ee - \u0412\u0435\u043b\u0438\u043a\u0430\u044f \u0422\u0430\u0440\u0442\u0430\u0440\u0438\u044f",
        "description": "\u0421 \u041d\u043e\u0432\u044b\u043c 7526 \u043b\u0463\u0442\u043e\u043c \u043e\u0442 \u0421.\u041c.\u0417.\u0425.!",
        "url": null,
        "entities": {
            "description": {
                "urls": []
            }
        },
        "protected": false,
        "followers_count": 8345,
        "friends_count": 8422,
        "listed_count": 106,
        "created_at": "Fri Jan 06 14:53:59 +0000 2012",
        "favourites_count": 20100,
        "utc_offset": 10800,
        "time_zone": "Moscow",
        "geo_enabled": false,
        "verified": false,
        "statuses_count": 104517,
        "lang": "ru",
        "contributors_enabled": false,
        "is_translator": false,
        "is_translation_enabled": false,
        "profile_background_color": "EDECE9",
        "profile_background_image_url": "http://pbs.twimg.com/profile_background_images/463930510910042112/8CM93bXt.jpeg",
        "profile_background_image_url_https": "https://pbs.twimg.com/profile_background_images/463930510910042112/8CM93bXt.jpeg",
        "profile_background_tile": false,
        "profile_image_url": "http://pbs.twimg.com/profile_images/803868764471259137/0DFxGC7C_normal.jpg",
        "profile_image_url_https": "https://pbs.twimg.com/profile_images/803868764471259137/0DFxGC7C_normal.jpg",
        "profile_banner_url": "https://pbs.twimg.com/profile_banners/456686553/1479916724",
        "profile_link_color": "FA743E",
        "profile_sidebar_border_color": "FFFFFF",
        "profile_sidebar_fill_color": "DDEEF6",
        "profile_text_color": "333333",
        "profile_use_background_image": true,
        "has_extended_profile": false,
        "default_profile": false,
        "default_profile_image": false,
        "following": false,
        "follow_request_sent": false,
        "notifications": false,
        "translator_type": "none"
    },
    "geo": null,
    "coordinates": null,
    "place": null,
    "contributors": null,
    "retweeted_status": {
        "created_at": "Fri Aug 04 09:38:04 +0000 2017",
        "id": 893405669004640257,
        "id_str": "893405669004640257",
        "text": "\u0412\u043e\u0442 \u0442\u0430\u043a \u043d\u043e\u0432\u043e\u0441\u0442\u044c: \u043d\u0430 \u0417\u0430\u043f\u0430\u0434\u0435 \u043d\u0430\u0447\u0430\u043b\u0438 \u043f\u0440\u0438\u0437\u043d\u0430\u0432\u0430\u0442\u044c \u0432\u0438\u043d\u0443 \u0421\u0428\u0410 \u0437\u0430 \u0441\u0431\u0438\u0442\u044b\u0439 Boeing #MH17 \u0432 \u0414\u043e\u043d\u0431\u0430\u0441\u0441\u0435 - https://t.co/BwWkD0Nxsp\u2026 https://t.co/lnZADx2Dls",
        "truncated": true,
        "entities": {
            "hashtags": [
                {
                    "text": "MH17",
                    "indices": [
                        71,
                        76
                    ]
                }
            ],
            "symbols": [],
            "user_mentions": [],
            "urls": [
                {
                    "url": "https://t.co/BwWkD0Nxsp",
                    "expanded_url": "http://3mv.ru/93270-vot-tak-novost-na-zapade-nachali-priznavat-vinu-ssha-za-sbityy-boeing-mh17-v-donbasse.html",
                    "display_url": "3mv.ru/93270-vot-tak-\u2026",
                    "indices": [
                        90,
                        113
                    ]
                },
                {
                    "url": "https://t.co/lnZADx2Dls",
                    "expanded_url": "https://twitter.com/i/web/status/893405669004640257",
                    "display_url": "twitter.com/i/web/status/8\u2026",
                    "indices": [
                        115,
                        138
                    ]
                }
            ]
        },
        "source": "<a href=\"http://twitter.com/download/android\" rel=\"nofollow\">Twitter for Android</a>",
        "in_reply_to_status_id": null,
        "in_reply_to_status_id_str": null,
        "in_reply_to_user_id": null,
        "in_reply_to_user_id_str": null,
        "in_reply_to_screen_name": null,
        "user": {
            "id": 456686553,
            "id_str": "456686553",
            "name": "\u0410\u043d\u0434\u0440\u0435\u0439 \u0421\u041c\u0418\u0420\u041d\u041e\u0412",
            "screen_name": "asko_info",
            "location": "\u0421\u0432\u0463\u0442\u0430\u0467 \u048e\u0263\u00e7\u10ee - \u0412\u0435\u043b\u0438\u043a\u0430\u044f \u0422\u0430\u0440\u0442\u0430\u0440\u0438\u044f",
            "description": "\u0421 \u041d\u043e\u0432\u044b\u043c 7526 \u043b\u0463\u0442\u043e\u043c \u043e\u0442 \u0421.\u041c.\u0417.\u0425.!",
            "url": null,
            "entities": {
                "description": {
                    "urls": []
                }
            },
            "protected": false,
            "followers_count": 8345,
            "friends_count": 8422,
            "listed_count": 106,
            "created_at": "Fri Jan 06 14:53:59 +0000 2012",
            "favourites_count": 20100,
            "utc_offset": 10800,
            "time_zone": "Moscow",
            "geo_enabled": false,
            "verified": false,
            "statuses_count": 104517,
            "lang": "ru",
            "contributors_enabled": false,
            "is_translator": false,
            "is_translation_enabled": false,
            "profile_background_color": "EDECE9",
            "profile_background_image_url": "http://pbs.twimg.com/profile_background_images/463930510910042112/8CM93bXt.jpeg",
            "profile_background_image_url_https": "https://pbs.twimg.com/profile_background_images/463930510910042112/8CM93bXt.jpeg",
            "profile_background_tile": false,
            "profile_image_url": "http://pbs.twimg.com/profile_images/803868764471259137/0DFxGC7C_normal.jpg",
            "profile_image_url_https": "https://pbs.twimg.com/profile_images/803868764471259137/0DFxGC7C_normal.jpg",
            "profile_banner_url": "https://pbs.twimg.com/profile_banners/456686553/1479916724",
            "profile_link_color": "FA743E",
            "profile_sidebar_border_color": "FFFFFF",
            "profile_sidebar_fill_color": "DDEEF6",
            "profile_text_color": "333333",
            "profile_use_background_image": true,
            "has_extended_profile": false,
            "default_profile": false,
            "default_profile_image": false,
            "following": false,
            "follow_request_sent": false,
            "notifications": false,
            "translator_type": "none"
        },
        "geo": null,
        "coordinates": null,
        "place": null,
        "contributors": null,
        "is_quote_status": false,
        "retweet_count": 27,
        "favorite_count": 7,
        "favorited": false,
        "retweeted": false,
        "possibly_sensitive": false,
        "possibly_sensitive_appealable": false,
        "lang": "ru"
    },
    "is_quote_status": false,
    "retweet_count": 27,
    "favorite_count": 0,
    "favorited": false,
    "retweeted": false,
    "possibly_sensitive": false,
    "possibly_sensitive_appealable": false,
    "lang": "ru"
}