{
    "created_at": "Fri Nov 10 14:56:59 +0000 2017",
    "id": 928999936573702144,
    "id_str": "928999936573702144",
    "text": "@RussiansForward \u0414\u043e\u0436\u0438\u043b\u0438\u0441\u044c ! \u0412 \u0444\u0430\u0448\u0438\u0441\u0442\u0441\u043a\u043e\u0439 \u0438\u043c\u043f\u0435\u0440\u0438\u0438 \u0443\u0431\u0438\u0439\u0441\u0442\u0432\u0430 \u0440\u0430\u0431\u043e\u0442\u043e\u0439 \u043d\u0430\u0437\u0432\u0430\u043b\u0438 ! \u0423\u0431\u0438\u0439\u0446 \u0431\u0440\u0430\u0442\u044c\u044f\u043c\u0438 \u0441\u0447\u0438\u0442\u0430\u044e\u04421 \u0422\u043e, \u0447\u0442\u043e \u043e\u043d\u0438 \u0441\u043a\u043e\u2026 https://t.co/xowZtiHbDo",
    "truncated": true,
    "entities": {
        "hashtags": [],
        "symbols": [],
        "user_mentions": [
            {
                "screen_name": "RussiansForward",
                "name": "\u0420\u0443\u0441\u0441\u043a\u0438\u0435 \u043d\u0435 \u0441\u0434\u0430\u044e\u0442\u0441\u044f",
                "id": 1656248106,
                "id_str": "1656248106",
                "indices": [
                    0,
                    16
                ]
            }
        ],
        "urls": [
            {
                "url": "https://t.co/xowZtiHbDo",
                "expanded_url": "https://twitter.com/i/web/status/928999936573702144",
                "display_url": "twitter.com/i/web/status/9\u2026",
                "indices": [
                    117,
                    140
                ]
            }
        ]
    },
    "source": "<a href=\"http://twitter.com\" rel=\"nofollow\">Twitter Web Client</a>",
    "in_reply_to_status_id": 928994447433568256,
    "in_reply_to_status_id_str": "928994447433568256",
    "in_reply_to_user_id": 1656248106,
    "in_reply_to_user_id_str": "1656248106",
    "in_reply_to_screen_name": "RussiansForward",
    "user": {
        "id": 906575762291150848,
        "id_str": "906575762291150848",
        "name": "\u0422\u0430\u0442\u044c \u0418\u0432\u0430\u043d\u043a\u043e",
        "screen_name": "istorikpravdy",
        "location": "\u043a\u0438\u0435\u0432",
        "description": "\u0438\u0441\u0442\u043e\u0440\u0438\u044f \u043f\u0440\u0430\u0432\u0434\u044b, \u0430 \u043d\u0435 \u0438\u0441\u0442\u043e\u0440\u0438\u044f \u0441 \u043f\u043e\u0434\u0432\u043e\u0440\u043e\u0442\u043d\u0438",
        "url": null,
        "entities": {
            "description": {
                "urls": []
            }
        },
        "protected": false,
        "followers_count": 29,
        "friends_count": 208,
        "listed_count": 11,
        "created_at": "Sat Sep 09 17:51:19 +0000 2017",
        "favourites_count": 1238,
        "utc_offset": null,
        "time_zone": null,
        "geo_enabled": false,
        "verified": false,
        "statuses_count": 1232,
        "lang": "ru",
        "contributors_enabled": false,
        "is_translator": false,
        "is_translation_enabled": false,
        "profile_background_color": "F5F8FA",
        "profile_background_image_url": null,
        "profile_background_image_url_https": null,
        "profile_background_tile": false,
        "profile_image_url": "http://pbs.twimg.com/profile_images/906577965408022528/jm3vopfg_normal.jpg",
        "profile_image_url_https": "https://pbs.twimg.com/profile_images/906577965408022528/jm3vopfg_normal.jpg",
        "profile_link_color": "1DA1F2",
        "profile_sidebar_border_color": "C0DEED",
        "profile_sidebar_fill_color": "DDEEF6",
        "profile_text_color": "333333",
        "profile_use_background_image": true,
        "has_extended_profile": true,
        "default_profile": true,
        "default_profile_image": false,
        "following": false,
        "follow_request_sent": false,
        "notifications": false,
        "translator_type": "none"
    },
    "geo": null,
    "coordinates": null,
    "place": null,
    "contributors": null,
    "is_quote_status": false,
    "retweet_count": 0,
    "favorite_count": 0,
    "favorited": false,
    "retweeted": false,
    "possibly_sensitive": false,
    "possibly_sensitive_appealable": false,
    "lang": "ru"
}