{
    "created_at": "Mon Nov 06 13:31:44 +0000 2017",
    "id": 927528932014002177,
    "id_str": "927528932014002177",
    "text": "RT @asko_info: \u041f\u0440\u043e\u0430\u043d\u0430\u043b\u0438\u0437\u0438\u0440\u043e\u0432\u0430\u043b #Twitter &amp; #Facebook, \u043f\u0440\u0438\u0448\u0451\u043b \u043a \u0432\u044b\u0432\u043e\u0434\u0443, \u0447\u0442\u043e \u043c\u0430\u043b\u0430\u0437\u0438\u0439\u0441\u043a\u0438\u0439 #Boeing #MH17 \u0441\u0431\u0438\u043b\u0438 #USA &amp; #Ukraine\n#USAkillerMH17 #U\u2026",
    "truncated": false,
    "entities": {
        "hashtags": [
            {
                "text": "Twitter",
                "indices": [
                    31,
                    39
                ]
            },
            {
                "text": "Facebook",
                "indices": [
                    46,
                    55
                ]
            },
            {
                "text": "Boeing",
                "indices": [
                    90,
                    97
                ]
            },
            {
                "text": "MH17",
                "indices": [
                    98,
                    103
                ]
            },
            {
                "text": "USA",
                "indices": [
                    110,
                    114
                ]
            },
            {
                "text": "Ukraine",
                "indices": [
                    121,
                    129
                ]
            },
            {
                "text": "USAkillerMH17",
                "indices": [
                    130,
                    144
                ]
            }
        ],
        "symbols": [],
        "user_mentions": [
            {
                "screen_name": "asko_info",
                "name": "\u0410\u043d\u0434\u0440\u0435\u0439 \u0421\u041c\u0418\u0420\u041d\u041e\u0412",
                "id": 456686553,
                "id_str": "456686553",
                "indices": [
                    3,
                    13
                ]
            }
        ],
        "urls": []
    },
    "source": "<a href=\"http://twitter.com/download/android\" rel=\"nofollow\">Twitter for Android</a>",
    "in_reply_to_status_id": null,
    "in_reply_to_status_id_str": null,
    "in_reply_to_user_id": null,
    "in_reply_to_user_id_str": null,
    "in_reply_to_screen_name": null,
    "user": {
        "id": 456686553,
        "id_str": "456686553",
        "name": "\u0410\u043d\u0434\u0440\u0435\u0439 \u0421\u041c\u0418\u0420\u041d\u041e\u0412",
        "screen_name": "asko_info",
        "location": "\u0421\u0432\u0463\u0442\u0430\u0467 \u048e\u0263\u00e7\u10ee - \u0412\u0435\u043b\u0438\u043a\u0430\u044f \u0422\u0430\u0440\u0442\u0430\u0440\u0438\u044f",
        "description": "\u0421 \u041d\u043e\u0432\u044b\u043c 7526 \u043b\u0463\u0442\u043e\u043c \u043e\u0442 \u0421.\u041c.\u0417.\u0425.!",
        "url": null,
        "entities": {
            "description": {
                "urls": []
            }
        },
        "protected": false,
        "followers_count": 8345,
        "friends_count": 8422,
        "listed_count": 106,
        "created_at": "Fri Jan 06 14:53:59 +0000 2012",
        "favourites_count": 20100,
        "utc_offset": 10800,
        "time_zone": "Moscow",
        "geo_enabled": false,
        "verified": false,
        "statuses_count": 104517,
        "lang": "ru",
        "contributors_enabled": false,
        "is_translator": false,
        "is_translation_enabled": false,
        "profile_background_color": "EDECE9",
        "profile_background_image_url": "http://pbs.twimg.com/profile_background_images/463930510910042112/8CM93bXt.jpeg",
        "profile_background_image_url_https": "https://pbs.twimg.com/profile_background_images/463930510910042112/8CM93bXt.jpeg",
        "profile_background_tile": false,
        "profile_image_url": "http://pbs.twimg.com/profile_images/803868764471259137/0DFxGC7C_normal.jpg",
        "profile_image_url_https": "https://pbs.twimg.com/profile_images/803868764471259137/0DFxGC7C_normal.jpg",
        "profile_banner_url": "https://pbs.twimg.com/profile_banners/456686553/1479916724",
        "profile_link_color": "FA743E",
        "profile_sidebar_border_color": "FFFFFF",
        "profile_sidebar_fill_color": "DDEEF6",
        "profile_text_color": "333333",
        "profile_use_background_image": true,
        "has_extended_profile": false,
        "default_profile": false,
        "default_profile_image": false,
        "following": false,
        "follow_request_sent": false,
        "notifications": false,
        "translator_type": "none"
    },
    "geo": null,
    "coordinates": null,
    "place": null,
    "contributors": null,
    "retweeted_status": {
        "created_at": "Wed Sep 28 16:58:20 +0000 2016",
        "id": 781176226576818177,
        "id_str": "781176226576818177",
        "text": "\u041f\u0440\u043e\u0430\u043d\u0430\u043b\u0438\u0437\u0438\u0440\u043e\u0432\u0430\u043b #Twitter &amp; #Facebook, \u043f\u0440\u0438\u0448\u0451\u043b \u043a \u0432\u044b\u0432\u043e\u0434\u0443, \u0447\u0442\u043e \u043c\u0430\u043b\u0430\u0437\u0438\u0439\u0441\u043a\u0438\u0439 #Boeing #MH17 \u0441\u0431\u0438\u043b\u0438 #USA &amp; #Ukraine\u2026 https://t.co/FGEdeNcsQe",
        "truncated": true,
        "entities": {
            "hashtags": [
                {
                    "text": "Twitter",
                    "indices": [
                        16,
                        24
                    ]
                },
                {
                    "text": "Facebook",
                    "indices": [
                        31,
                        40
                    ]
                },
                {
                    "text": "Boeing",
                    "indices": [
                        75,
                        82
                    ]
                },
                {
                    "text": "MH17",
                    "indices": [
                        83,
                        88
                    ]
                },
                {
                    "text": "USA",
                    "indices": [
                        95,
                        99
                    ]
                },
                {
                    "text": "Ukraine",
                    "indices": [
                        106,
                        114
                    ]
                }
            ],
            "symbols": [],
            "user_mentions": [],
            "urls": [
                {
                    "url": "https://t.co/FGEdeNcsQe",
                    "expanded_url": "https://twitter.com/i/web/status/781176226576818177",
                    "display_url": "twitter.com/i/web/status/7\u2026",
                    "indices": [
                        116,
                        139
                    ]
                }
            ]
        },
        "source": "<a href=\"http://twitter.com/download/android\" rel=\"nofollow\">Twitter for Android</a>",
        "in_reply_to_status_id": null,
        "in_reply_to_status_id_str": null,
        "in_reply_to_user_id": null,
        "in_reply_to_user_id_str": null,
        "in_reply_to_screen_name": null,
        "user": {
            "id": 456686553,
            "id_str": "456686553",
            "name": "\u0410\u043d\u0434\u0440\u0435\u0439 \u0421\u041c\u0418\u0420\u041d\u041e\u0412",
            "screen_name": "asko_info",
            "location": "\u0421\u0432\u0463\u0442\u0430\u0467 \u048e\u0263\u00e7\u10ee - \u0412\u0435\u043b\u0438\u043a\u0430\u044f \u0422\u0430\u0440\u0442\u0430\u0440\u0438\u044f",
            "description": "\u0421 \u041d\u043e\u0432\u044b\u043c 7526 \u043b\u0463\u0442\u043e\u043c \u043e\u0442 \u0421.\u041c.\u0417.\u0425.!",
            "url": null,
            "entities": {
                "description": {
                    "urls": []
                }
            },
            "protected": false,
            "followers_count": 8345,
            "friends_count": 8422,
            "listed_count": 106,
            "created_at": "Fri Jan 06 14:53:59 +0000 2012",
            "favourites_count": 20100,
            "utc_offset": 10800,
            "time_zone": "Moscow",
            "geo_enabled": false,
            "verified": false,
            "statuses_count": 104517,
            "lang": "ru",
            "contributors_enabled": false,
            "is_translator": false,
            "is_translation_enabled": false,
            "profile_background_color": "EDECE9",
            "profile_background_image_url": "http://pbs.twimg.com/profile_background_images/463930510910042112/8CM93bXt.jpeg",
            "profile_background_image_url_https": "https://pbs.twimg.com/profile_background_images/463930510910042112/8CM93bXt.jpeg",
            "profile_background_tile": false,
            "profile_image_url": "http://pbs.twimg.com/profile_images/803868764471259137/0DFxGC7C_normal.jpg",
            "profile_image_url_https": "https://pbs.twimg.com/profile_images/803868764471259137/0DFxGC7C_normal.jpg",
            "profile_banner_url": "https://pbs.twimg.com/profile_banners/456686553/1479916724",
            "profile_link_color": "FA743E",
            "profile_sidebar_border_color": "FFFFFF",
            "profile_sidebar_fill_color": "DDEEF6",
            "profile_text_color": "333333",
            "profile_use_background_image": true,
            "has_extended_profile": false,
            "default_profile": false,
            "default_profile_image": false,
            "following": false,
            "follow_request_sent": false,
            "notifications": false,
            "translator_type": "none"
        },
        "geo": null,
        "coordinates": null,
        "place": null,
        "contributors": null,
        "is_quote_status": false,
        "retweet_count": 29,
        "favorite_count": 2,
        "favorited": false,
        "retweeted": false,
        "possibly_sensitive": false,
        "possibly_sensitive_appealable": false,
        "lang": "ru"
    },
    "is_quote_status": false,
    "retweet_count": 29,
    "favorite_count": 0,
    "favorited": false,
    "retweeted": false,
    "lang": "ru"
}