{
    "created_at": "Thu Nov 09 19:51:09 +0000 2017",
    "id": 928711578999914496,
    "id_str": "928711578999914496",
    "text": "@Saito_section_9 @StephanHaans @Redbaron9495 @silver_stacker @TamrikoT 1. What three primary radars? Almaz Antey ou\u2026 https://t.co/FNaPgt1vVw",
    "truncated": true,
    "entities": {
        "hashtags": [],
        "symbols": [],
        "user_mentions": [
            {
                "screen_name": "Saito_section_9",
                "name": "Saito",
                "id": 2515011956,
                "id_str": "2515011956",
                "indices": [
                    0,
                    16
                ]
            },
            {
                "screen_name": "StephanHaans",
                "name": "Stephan",
                "id": 1372594580,
                "id_str": "1372594580",
                "indices": [
                    17,
                    30
                ]
            },
            {
                "screen_name": "Redbaron9495",
                "name": "Tony Rossini",
                "id": 324572101,
                "id_str": "324572101",
                "indices": [
                    31,
                    44
                ]
            },
            {
                "screen_name": "silver_stacker",
                "name": "SILVERSTACKER uKGB",
                "id": 422868987,
                "id_str": "422868987",
                "indices": [
                    45,
                    60
                ]
            },
            {
                "screen_name": "TamrikoT",
                "name": "Springprincess",
                "id": 306656413,
                "id_str": "306656413",
                "indices": [
                    61,
                    70
                ]
            }
        ],
        "urls": [
            {
                "url": "https://t.co/FNaPgt1vVw",
                "expanded_url": "https://twitter.com/i/web/status/928711578999914496",
                "display_url": "twitter.com/i/web/status/9\u2026",
                "indices": [
                    117,
                    140
                ]
            }
        ]
    },
    "source": "<a href=\"https://about.twitter.com/products/tweetdeck\" rel=\"nofollow\">TweetDeck</a>",
    "in_reply_to_status_id": 928686033583124480,
    "in_reply_to_status_id_str": "928686033583124480",
    "in_reply_to_user_id": 2515011956,
    "in_reply_to_user_id_str": "2515011956",
    "in_reply_to_screen_name": "Saito_section_9",
    "user": {
        "id": 1958976074,
        "id_str": "1958976074",
        "name": "Deus Abscondis",
        "screen_name": "Deus_Abscondis",
        "location": "Look up at the night sky",
        "description": "Alien in exile",
        "url": null,
        "entities": {
            "description": {
                "urls": []
            }
        },
        "protected": false,
        "followers_count": 501,
        "friends_count": 467,
        "listed_count": 32,
        "created_at": "Sun Oct 13 16:06:51 +0000 2013",
        "favourites_count": 4086,
        "utc_offset": -39600,
        "time_zone": "International Date Line West",
        "geo_enabled": false,
        "verified": false,
        "statuses_count": 29742,
        "lang": "en",
        "contributors_enabled": false,
        "is_translator": false,
        "is_translation_enabled": false,
        "profile_background_color": "131516",
        "profile_background_image_url": "http://pbs.twimg.com/profile_background_images/378800000094063106/efa82f0f8d2d565205fcb933d9b82f31.gif",
        "profile_background_image_url_https": "https://pbs.twimg.com/profile_background_images/378800000094063106/efa82f0f8d2d565205fcb933d9b82f31.gif",
        "profile_background_tile": true,
        "profile_image_url": "http://pbs.twimg.com/profile_images/870197609050157056/dVOZVbfI_normal.jpg",
        "profile_image_url_https": "https://pbs.twimg.com/profile_images/870197609050157056/dVOZVbfI_normal.jpg",
        "profile_banner_url": "https://pbs.twimg.com/profile_banners/1958976074/1405089320",
        "profile_link_color": "009999",
        "profile_sidebar_border_color": "000000",
        "profile_sidebar_fill_color": "DDEEF6",
        "profile_text_color": "333333",
        "profile_use_background_image": true,
        "has_extended_profile": false,
        "default_profile": false,
        "default_profile_image": false,
        "following": false,
        "follow_request_sent": false,
        "notifications": false,
        "translator_type": "none"
    },
    "geo": null,
    "coordinates": null,
    "place": null,
    "contributors": null,
    "is_quote_status": false,
    "retweet_count": 0,
    "favorite_count": 1,
    "favorited": false,
    "retweeted": false,
    "possibly_sensitive": false,
    "possibly_sensitive_appealable": false,
    "lang": "en"
}