{
    "created_at": "Wed Nov 08 20:21:36 +0000 2017",
    "id": 928356854970900480,
    "id_str": "928356854970900480",
    "text": "\u041c\u0438\u043d\u0438\u0441\u0442\u0440\u044b \u043e\u0431\u043e\u0440\u043e\u043d\u044b \u041d\u0410\u0422\u041e \u043c\u043e\u0433\u0443\u0442 \u043e\u0431\u0441\u0443\u0434\u0438\u0442\u044c \u0443\u043a\u0440\u0430\u0438\u043d\u0441\u043a\u0438\u0439 \u0432\u043e\u043f\u0440\u043e\u0441 - https://t.co/bFA336Eoac #\u0423\u043a\u0440\u0430\u0438\u043d\u0430 #\u041d\u043e\u0432\u043e\u0441\u0442\u0438 #\u0410\u0422\u041e https://t.co/N8zuM84I0s",
    "truncated": false,
    "entities": {
        "hashtags": [
            {
                "text": "\u0423\u043a\u0440\u0430\u0438\u043d\u0430",
                "indices": [
                    81,
                    89
                ]
            },
            {
                "text": "\u041d\u043e\u0432\u043e\u0441\u0442\u0438",
                "indices": [
                    90,
                    98
                ]
            },
            {
                "text": "\u0410\u0422\u041e",
                "indices": [
                    99,
                    103
                ]
            }
        ],
        "symbols": [],
        "user_mentions": [],
        "urls": [
            {
                "url": "https://t.co/bFA336Eoac",
                "expanded_url": "http://uatime.net/ukraine/ministry-oborony-nato-mogut-obsudit-ukrainskij-vopros/",
                "display_url": "uatime.net/ukraine/minist\u2026",
                "indices": [
                    57,
                    80
                ]
            }
        ],
        "media": [
            {
                "id": 928356851175043073,
                "id_str": "928356851175043073",
                "indices": [
                    104,
                    127
                ],
                "media_url": "http://pbs.twimg.com/media/DOIvozMWsAEJocV.jpg",
                "media_url_https": "https://pbs.twimg.com/media/DOIvozMWsAEJocV.jpg",
                "url": "https://t.co/N8zuM84I0s",
                "display_url": "pic.twitter.com/N8zuM84I0s",
                "expanded_url": "https://twitter.com/uatime_net/status/928356854970900480/photo/1",
                "type": "photo",
                "sizes": {
                    "large": {
                        "w": 771,
                        "h": 517,
                        "resize": "fit"
                    },
                    "thumb": {
                        "w": 150,
                        "h": 150,
                        "resize": "crop"
                    },
                    "medium": {
                        "w": 771,
                        "h": 517,
                        "resize": "fit"
                    },
                    "small": {
                        "w": 680,
                        "h": 456,
                        "resize": "fit"
                    }
                }
            }
        ]
    },
    "extended_entities": {
        "media": [
            {
                "id": 928356851175043073,
                "id_str": "928356851175043073",
                "indices": [
                    104,
                    127
                ],
                "media_url": "http://pbs.twimg.com/media/DOIvozMWsAEJocV.jpg",
                "media_url_https": "https://pbs.twimg.com/media/DOIvozMWsAEJocV.jpg",
                "url": "https://t.co/N8zuM84I0s",
                "display_url": "pic.twitter.com/N8zuM84I0s",
                "expanded_url": "https://twitter.com/uatime_net/status/928356854970900480/photo/1",
                "type": "photo",
                "sizes": {
                    "large": {
                        "w": 771,
                        "h": 517,
                        "resize": "fit"
                    },
                    "thumb": {
                        "w": 150,
                        "h": 150,
                        "resize": "crop"
                    },
                    "medium": {
                        "w": 771,
                        "h": 517,
                        "resize": "fit"
                    },
                    "small": {
                        "w": 680,
                        "h": 456,
                        "resize": "fit"
                    }
                }
            }
        ]
    },
    "source": "<a href=\"http://uatime.net\" rel=\"nofollow\">UAtime</a>",
    "in_reply_to_status_id": null,
    "in_reply_to_status_id_str": null,
    "in_reply_to_user_id": null,
    "in_reply_to_user_id_str": null,
    "in_reply_to_screen_name": null,
    "user": {
        "id": 4193226789,
        "id_str": "4193226789",
        "name": "\u041d\u043e\u0432\u043e\u0441\u0442\u0438 \u0423\u043a\u0440\u0430\u0438\u043d\u044b",
        "screen_name": "uatime_net",
        "location": "\u0423\u043a\u0440\u0430\u0438\u043d\u0430",
        "description": "\u0421\u0432\u0435\u0436\u0438\u0435 \u0438 \u0430\u043a\u0442\u0443\u0430\u043b\u044c\u043d\u044b\u0435 \u043d\u043e\u0432\u043e\u0441\u0442\u0438 \u0432 \u0423\u043a\u0440\u0430\u0438\u043d\u0435 \u0438 \u043c\u0438\u0440\u0435. \u041f\u043e\u043b\u0438\u0442\u0438\u043a\u0430, \u044d\u043a\u043e\u043d\u043e\u043c\u0438\u043a\u0430, \u043d\u043e\u0432\u043e\u0441\u0442\u0438 \u0410\u0422\u041e.",
        "url": "https://t.co/RyWxGMnrgt",
        "entities": {
            "url": {
                "urls": [
                    {
                        "url": "https://t.co/RyWxGMnrgt",
                        "expanded_url": "http://uatime.net",
                        "display_url": "uatime.net",
                        "indices": [
                            0,
                            23
                        ]
                    }
                ]
            },
            "description": {
                "urls": []
            }
        },
        "protected": false,
        "followers_count": 1308,
        "friends_count": 8,
        "listed_count": 21,
        "created_at": "Sun Nov 15 10:41:29 +0000 2015",
        "favourites_count": 0,
        "utc_offset": -28800,
        "time_zone": "Pacific Time (US & Canada)",
        "geo_enabled": false,
        "verified": false,
        "statuses_count": 69423,
        "lang": "ru",
        "contributors_enabled": false,
        "is_translator": false,
        "is_translation_enabled": false,
        "profile_background_color": "000000",
        "profile_background_image_url": "http://abs.twimg.com/images/themes/theme1/bg.png",
        "profile_background_image_url_https": "https://abs.twimg.com/images/themes/theme1/bg.png",
        "profile_background_tile": false,
        "profile_image_url": "http://pbs.twimg.com/profile_images/800324480488849408/G4O4TlMZ_normal.jpg",
        "profile_image_url_https": "https://pbs.twimg.com/profile_images/800324480488849408/G4O4TlMZ_normal.jpg",
        "profile_banner_url": "https://pbs.twimg.com/profile_banners/4193226789/1479653653",
        "profile_link_color": "3B94D9",
        "profile_sidebar_border_color": "000000",
        "profile_sidebar_fill_color": "000000",
        "profile_text_color": "000000",
        "profile_use_background_image": false,
        "has_extended_profile": false,
        "default_profile": false,
        "default_profile_image": false,
        "following": false,
        "follow_request_sent": false,
        "notifications": false,
        "translator_type": "none"
    },
    "geo": null,
    "coordinates": null,
    "place": null,
    "contributors": null,
    "is_quote_status": false,
    "retweet_count": 0,
    "favorite_count": 0,
    "favorited": false,
    "retweeted": false,
    "possibly_sensitive": false,
    "possibly_sensitive_appealable": false,
    "lang": "ru"
}