{
    "created_at": "Mon Nov 06 19:21:58 +0000 2017",
    "id": 927617071885807616,
    "id_str": "927617071885807616",
    "text": "\u0414\u0438\u0430\u0433\u043d\u043e\u0441\u0442\u0438\u043a\u0430 \u043c\u0430\u0439\u0434\u0430\u043d\u0443\u0442\u044b\u0445. \u041f\u0441\u0438\u0445\u043e\u0442\u0438\u0447\u0435\u0441\u043a\u0438\u0435 \u043f\u0440\u043e\u044f\u0432\u043b\u0435\u043d\u0438\u044f https://t.co/NBEcsKlFWJ #\u043f\u0441\u0438\u0445\u0438\u0430\u0442\u0440\u0438\u044f #\u043c\u0430\u0439\u0434\u0430\u043d",
    "truncated": false,
    "entities": {
        "hashtags": [
            {
                "text": "\u043f\u0441\u0438\u0445\u0438\u0430\u0442\u0440\u0438\u044f",
                "indices": [
                    73,
                    84
                ]
            },
            {
                "text": "\u043c\u0430\u0439\u0434\u0430\u043d",
                "indices": [
                    85,
                    92
                ]
            }
        ],
        "symbols": [],
        "user_mentions": [],
        "urls": [
            {
                "url": "https://t.co/NBEcsKlFWJ",
                "expanded_url": "https://pravdoiskatel77.livejournal.com/11764875.html?utm_source=twsharing&utm_medium=social",
                "display_url": "pravdoiskatel77.livejournal.com/11764875.html?\u2026",
                "indices": [
                    49,
                    72
                ]
            }
        ]
    },
    "source": "<a href=\"http://twitter.com\" rel=\"nofollow\">Twitter Web Client</a>",
    "in_reply_to_status_id": null,
    "in_reply_to_status_id_str": null,
    "in_reply_to_user_id": null,
    "in_reply_to_user_id_str": null,
    "in_reply_to_screen_name": null,
    "user": {
        "id": 287493868,
        "id_str": "287493868",
        "name": "\u0421\u043b\u043e\u0432\u043e \u0438 \u0434\u0435\u043b\u043e.",
        "screen_name": "jarilo2",
        "location": "\u041c\u043e\u0441\u043a\u0432\u0430, \u0420\u043e\u0441\u0441\u0438\u044f",
        "description": "https://t.co/GdxE1uK1VY\nhttps://t.co/vJwAQ4IIKH  410011231419093",
        "url": "http://t.co/H51iqxJBcm",
        "entities": {
            "url": {
                "urls": [
                    {
                        "url": "http://t.co/H51iqxJBcm",
                        "expanded_url": "http://pravdoiskatel77.livejournal.com/",
                        "display_url": "pravdoiskatel77.livejournal.com",
                        "indices": [
                            0,
                            22
                        ]
                    }
                ]
            },
            "description": {
                "urls": [
                    {
                        "url": "https://t.co/GdxE1uK1VY",
                        "expanded_url": "https://t.me/joinchat/AAAAAEM9EKp346y0RQ5z7w",
                        "display_url": "t.me/joinchat/AAAAA\u2026",
                        "indices": [
                            0,
                            23
                        ]
                    },
                    {
                        "url": "https://t.co/vJwAQ4IIKH",
                        "expanded_url": "https://vk.com/id303760671",
                        "display_url": "vk.com/id303760671",
                        "indices": [
                            24,
                            47
                        ]
                    }
                ]
            }
        },
        "protected": false,
        "followers_count": 8776,
        "friends_count": 5144,
        "listed_count": 101,
        "created_at": "Mon Apr 25 03:15:40 +0000 2011",
        "favourites_count": 20102,
        "utc_offset": -18000,
        "time_zone": "Quito",
        "geo_enabled": false,
        "verified": false,
        "statuses_count": 234250,
        "lang": "ru",
        "contributors_enabled": false,
        "is_translator": false,
        "is_translation_enabled": false,
        "profile_background_color": "000000",
        "profile_background_image_url": "http://abs.twimg.com/images/themes/theme9/bg.gif",
        "profile_background_image_url_https": "https://abs.twimg.com/images/themes/theme9/bg.gif",
        "profile_background_tile": false,
        "profile_image_url": "http://pbs.twimg.com/profile_images/378800000414417422/80e6bb7c3c6cd61ba1c3156787bfb31a_normal.jpeg",
        "profile_image_url_https": "https://pbs.twimg.com/profile_images/378800000414417422/80e6bb7c3c6cd61ba1c3156787bfb31a_normal.jpeg",
        "profile_banner_url": "https://pbs.twimg.com/profile_banners/287493868/1378378676",
        "profile_link_color": "981CEB",
        "profile_sidebar_border_color": "000000",
        "profile_sidebar_fill_color": "000000",
        "profile_text_color": "000000",
        "profile_use_background_image": false,
        "has_extended_profile": false,
        "default_profile": false,
        "default_profile_image": false,
        "following": false,
        "follow_request_sent": false,
        "notifications": false,
        "translator_type": "none"
    },
    "geo": null,
    "coordinates": null,
    "place": null,
    "contributors": null,
    "is_quote_status": false,
    "retweet_count": 0,
    "favorite_count": 0,
    "favorited": false,
    "retweeted": false,
    "possibly_sensitive": false,
    "possibly_sensitive_appealable": false,
    "lang": "ru"
}