{
    "created_at": "Fri Nov 10 01:34:03 +0000 2017",
    "id": 928797872061124613,
    "id_str": "928797872061124613",
    "text": "@Ingelief @KendallRaeOnYT BuK SAM that downed #MH17 tracked fleeing back across the border to Russia.",
    "truncated": false,
    "entities": {
        "hashtags": [
            {
                "text": "MH17",
                "indices": [
                    46,
                    51
                ]
            }
        ],
        "symbols": [],
        "user_mentions": [
            {
                "screen_name": "Ingelief",
                "name": "Inge Smit - Progressive\ud83d\udc4d\ud83d\udd4a",
                "id": 159568015,
                "id_str": "159568015",
                "indices": [
                    0,
                    9
                ]
            },
            {
                "screen_name": "KendallRaeOnYT",
                "name": "Kendall Rae\ud83d\udcab",
                "id": 620805213,
                "id_str": "620805213",
                "indices": [
                    10,
                    25
                ]
            }
        ],
        "urls": []
    },
    "source": "<a href=\"http://twitter.com/#!/download/ipad\" rel=\"nofollow\">Twitter for iPad</a>",
    "in_reply_to_status_id": 928762021901893632,
    "in_reply_to_status_id_str": "928762021901893632",
    "in_reply_to_user_id": 159568015,
    "in_reply_to_user_id_str": "159568015",
    "in_reply_to_screen_name": "Ingelief",
    "user": {
        "id": 391702208,
        "id_str": "391702208",
        "name": "roarbro",
        "screen_name": "roarbro",
        "location": "",
        "description": "\u201cWar was always here. Before man was, war waited for him. The ultimate trade awaiting its ultimate practitioner.\u201d",
        "url": null,
        "entities": {
            "description": {
                "urls": []
            }
        },
        "protected": false,
        "followers_count": 307,
        "friends_count": 230,
        "listed_count": 15,
        "created_at": "Sun Oct 16 00:01:46 +0000 2011",
        "favourites_count": 18250,
        "utc_offset": -18000,
        "time_zone": "Eastern Time (US & Canada)",
        "geo_enabled": false,
        "verified": false,
        "statuses_count": 48794,
        "lang": "en",
        "contributors_enabled": false,
        "is_translator": false,
        "is_translation_enabled": false,
        "profile_background_color": "C0DEED",
        "profile_background_image_url": "http://abs.twimg.com/images/themes/theme1/bg.png",
        "profile_background_image_url_https": "https://abs.twimg.com/images/themes/theme1/bg.png",
        "profile_background_tile": false,
        "profile_image_url": "http://pbs.twimg.com/profile_images/456795490705629184/dKQFMJtq_normal.jpeg",
        "profile_image_url_https": "https://pbs.twimg.com/profile_images/456795490705629184/dKQFMJtq_normal.jpeg",
        "profile_banner_url": "https://pbs.twimg.com/profile_banners/391702208/1401844084",
        "profile_link_color": "002766",
        "profile_sidebar_border_color": "C0DEED",
        "profile_sidebar_fill_color": "DDEEF6",
        "profile_text_color": "333333",
        "profile_use_background_image": true,
        "has_extended_profile": false,
        "default_profile": false,
        "default_profile_image": false,
        "following": false,
        "follow_request_sent": false,
        "notifications": false,
        "translator_type": "none"
    },
    "geo": null,
    "coordinates": null,
    "place": null,
    "contributors": null,
    "is_quote_status": false,
    "retweet_count": 0,
    "favorite_count": 2,
    "favorited": false,
    "retweeted": false,
    "lang": "en"
}