{
    "created_at": "Wed Nov 08 15:35:15 +0000 2017",
    "id": 928284792306765829,
    "id_str": "928284792306765829",
    "text": "\u041b\u0438\u0434\u0435\u0440 \"\u0420\u0430\u0434\u0438\u043a\u0430\u043b\u044c\u043d\u043e\u0439 \u043f\u0430\u0440\u0442\u0438\u0438\" \u041e\u043b\u0435\u0433 \u041b\u044f\u0448\u043a\u043e: \u0412 \u0442\u043e \u0432\u0440\u0435\u043c\u044f, \u043a\u0430\u043a \u0423\u043a\u0440\u0430\u0438\u043d\u0430 \u043f\u043e\u0442\u0435\u0440\u044f\u043b\u0430 45% \u0440\u043e\u0441\u0441\u0438\u0439\u0441\u043a\u043e\u0433\u043e \u0440\u044b\u043d\u043a\u0430, \u0415\u0432\u0440\u043e\u0441\u043e\u044e\u0437 \u0432\u0432\u0435\u043b \u043f\u043e\u0448\u043b\u0438\u043d\u2026 https://t.co/es3TO4p7WD",
    "truncated": true,
    "entities": {
        "hashtags": [],
        "symbols": [],
        "user_mentions": [],
        "urls": [
            {
                "url": "https://t.co/es3TO4p7WD",
                "expanded_url": "https://twitter.com/i/web/status/928284792306765829",
                "display_url": "twitter.com/i/web/status/9\u2026",
                "indices": [
                    117,
                    140
                ]
            }
        ]
    },
    "source": "<a href=\"http://twitter.com\" rel=\"nofollow\">Twitter Web Client</a>",
    "in_reply_to_status_id": null,
    "in_reply_to_status_id_str": null,
    "in_reply_to_user_id": null,
    "in_reply_to_user_id_str": null,
    "in_reply_to_screen_name": null,
    "user": {
        "id": 2453375767,
        "id_str": "2453375767",
        "name": "EireenArs",
        "screen_name": "EireenArs",
        "location": "\u0414\u043e\u043d\u0435\u0446\u043a - \u043d\u0435 \u0423\u043a\u0440\u0430\u0438\u043d\u0430!",
        "description": "",
        "url": null,
        "entities": {
            "description": {
                "urls": []
            }
        },
        "protected": false,
        "followers_count": 514,
        "friends_count": 551,
        "listed_count": 11,
        "created_at": "Sat Apr 19 15:59:40 +0000 2014",
        "favourites_count": 1435,
        "utc_offset": null,
        "time_zone": null,
        "geo_enabled": true,
        "verified": false,
        "statuses_count": 37382,
        "lang": "ru",
        "contributors_enabled": false,
        "is_translator": false,
        "is_translation_enabled": false,
        "profile_background_color": "C0DEED",
        "profile_background_image_url": "http://abs.twimg.com/images/themes/theme1/bg.png",
        "profile_background_image_url_https": "https://abs.twimg.com/images/themes/theme1/bg.png",
        "profile_background_tile": false,
        "profile_image_url": "http://pbs.twimg.com/profile_images/951252945940643840/wdEsM7Ty_normal.jpg",
        "profile_image_url_https": "https://pbs.twimg.com/profile_images/951252945940643840/wdEsM7Ty_normal.jpg",
        "profile_banner_url": "https://pbs.twimg.com/profile_banners/2453375767/1468451635",
        "profile_link_color": "1DA1F2",
        "profile_sidebar_border_color": "C0DEED",
        "profile_sidebar_fill_color": "DDEEF6",
        "profile_text_color": "333333",
        "profile_use_background_image": true,
        "has_extended_profile": false,
        "default_profile": true,
        "default_profile_image": false,
        "following": false,
        "follow_request_sent": false,
        "notifications": false,
        "translator_type": "none"
    },
    "geo": null,
    "coordinates": null,
    "place": null,
    "contributors": null,
    "is_quote_status": false,
    "retweet_count": 0,
    "favorite_count": 2,
    "favorited": false,
    "retweeted": false,
    "possibly_sensitive": false,
    "possibly_sensitive_appealable": false,
    "lang": "ru"
}