{
    "created_at": "Sat Nov 04 05:00:41 +0000 2017",
    "id": 926675543520698369,
    "id_str": "926675543520698369",
    "text": "#MH17 #DAY1207: Limited Kimmo.\n#UkraineDIDit #blamePoroshenko https://t.co/QwroAwgOHZ",
    "truncated": false,
    "entities": {
        "hashtags": [
            {
                "text": "MH17",
                "indices": [
                    0,
                    5
                ]
            },
            {
                "text": "DAY1207",
                "indices": [
                    6,
                    14
                ]
            },
            {
                "text": "UkraineDIDit",
                "indices": [
                    31,
                    44
                ]
            },
            {
                "text": "blamePoroshenko",
                "indices": [
                    45,
                    61
                ]
            }
        ],
        "symbols": [],
        "user_mentions": [],
        "urls": [
            {
                "url": "https://t.co/QwroAwgOHZ",
                "expanded_url": "https://twitter.com/CT4444/status/926397523396317185",
                "display_url": "twitter.com/CT4444/status/\u2026",
                "indices": [
                    62,
                    85
                ]
            }
        ]
    },
    "source": "<a href=\"https://mobile.twitter.com\" rel=\"nofollow\">Twitter Lite</a>",
    "in_reply_to_status_id": null,
    "in_reply_to_status_id_str": null,
    "in_reply_to_user_id": null,
    "in_reply_to_user_id_str": null,
    "in_reply_to_screen_name": null,
    "user": {
        "id": 1978165356,
        "id_str": "1978165356",
        "name": "St\u0159edn\u00ed t\u0159\u00edda v \u010cR \ud83c\udde8\ud83c\uddff",
        "screen_name": "Stredni_trida",
        "location": "",
        "description": "Prostor vyj\u00e1d\u0159en\u00ed p\u0159\u00edslu\u0161n\u00edk\u016f st\u0159edn\u00ed vrstvy ke v\u0161emu, co je aktu\u00e1ln\u00ed, d\u0159\u00edve jen ve 140 znac\u00edch. Nen\u00ed \u010das, zn.: Dan\u011b, #EET, hl\u00e1\u0161en\u00ed ... \ud83d\ude0e",
        "url": "https://t.co/7OipNZo9Li",
        "entities": {
            "url": {
                "urls": [
                    {
                        "url": "https://t.co/7OipNZo9Li",
                        "expanded_url": "http://www.facebook.com/pages/St%C5%99edn%C3%AD-T%C5%99%C3%ADda/1376364969272459",
                        "display_url": "facebook.com/pages/St%C5%99\u2026",
                        "indices": [
                            0,
                            23
                        ]
                    }
                ]
            },
            "description": {
                "urls": []
            }
        },
        "protected": false,
        "followers_count": 1992,
        "friends_count": 2019,
        "listed_count": 369,
        "created_at": "Mon Oct 21 10:10:15 +0000 2013",
        "favourites_count": 40647,
        "utc_offset": null,
        "time_zone": null,
        "geo_enabled": true,
        "verified": false,
        "statuses_count": 199269,
        "lang": "cs",
        "contributors_enabled": false,
        "is_translator": false,
        "is_translation_enabled": false,
        "profile_background_color": "ACDED6",
        "profile_background_image_url": "http://abs.twimg.com/images/themes/theme18/bg.gif",
        "profile_background_image_url_https": "https://abs.twimg.com/images/themes/theme18/bg.gif",
        "profile_background_tile": false,
        "profile_image_url": "http://pbs.twimg.com/profile_images/378800000627882949/30e1192681f27f1fea85d093777ec7d4_normal.jpeg",
        "profile_image_url_https": "https://pbs.twimg.com/profile_images/378800000627882949/30e1192681f27f1fea85d093777ec7d4_normal.jpeg",
        "profile_banner_url": "https://pbs.twimg.com/profile_banners/1978165356/1382351808",
        "profile_link_color": "3636CF",
        "profile_sidebar_border_color": "FFFFFF",
        "profile_sidebar_fill_color": "F6F6F6",
        "profile_text_color": "333333",
        "profile_use_background_image": true,
        "has_extended_profile": false,
        "default_profile": false,
        "default_profile_image": false,
        "following": false,
        "follow_request_sent": false,
        "notifications": false,
        "translator_type": "regular"
    },
    "geo": null,
    "coordinates": null,
    "place": null,
    "contributors": null,
    "is_quote_status": true,
    "quoted_status_id": 926397523396317185,
    "quoted_status_id_str": "926397523396317185",
    "quoted_status": {
        "created_at": "Fri Nov 03 10:35:55 +0000 2017",
        "id": 926397523396317185,
        "id_str": "926397523396317185",
        "text": ".@BBC @BBCWorld #Netherlands #Ukraine #Auspol #Russia\n\nAn interesting tweet from an 'engineer' who wants to blame R\u2026 https://t.co/h3iesohODY",
        "truncated": true,
        "entities": {
            "hashtags": [
                {
                    "text": "Netherlands",
                    "indices": [
                        16,
                        28
                    ]
                },
                {
                    "text": "Ukraine",
                    "indices": [
                        29,
                        37
                    ]
                },
                {
                    "text": "Auspol",
                    "indices": [
                        38,
                        45
                    ]
                },
                {
                    "text": "Russia",
                    "indices": [
                        46,
                        53
                    ]
                }
            ],
            "symbols": [],
            "user_mentions": [
                {
                    "screen_name": "BBC",
                    "name": "BBC",
                    "id": 19701628,
                    "id_str": "19701628",
                    "indices": [
                        1,
                        5
                    ]
                },
                {
                    "screen_name": "BBCWorld",
                    "name": "BBC News (World)",
                    "id": 742143,
                    "id_str": "742143",
                    "indices": [
                        6,
                        15
                    ]
                }
            ],
            "urls": [
                {
                    "url": "https://t.co/h3iesohODY",
                    "expanded_url": "https://twitter.com/i/web/status/926397523396317185",
                    "display_url": "twitter.com/i/web/status/9\u2026",
                    "indices": [
                        117,
                        140
                    ]
                }
            ]
        },
        "source": "<a href=\"http://twitter.com\" rel=\"nofollow\">Twitter Web Client</a>",
        "in_reply_to_status_id": null,
        "in_reply_to_status_id_str": null,
        "in_reply_to_user_id": null,
        "in_reply_to_user_id_str": null,
        "in_reply_to_screen_name": null,
        "user": {
            "id": 2428920877,
            "id_str": "2428920877",
            "name": "Clement Townsend",
            "screen_name": "CT4444",
            "location": "Somerset, UK",
            "description": "Retired Strategic Planner looking beyond headlines for balanced opinions & facts. I follow those with similar interests, irrespective of their views",
            "url": null,
            "entities": {
                "description": {
                    "urls": []
                }
            },
            "protected": false,
            "followers_count": 1450,
            "friends_count": 419,
            "listed_count": 76,
            "created_at": "Sat Apr 05 13:31:22 +0000 2014",
            "favourites_count": 4819,
            "utc_offset": 0,
            "time_zone": "London",
            "geo_enabled": true,
            "verified": false,
            "statuses_count": 53729,
            "lang": "en-gb",
            "contributors_enabled": false,
            "is_translator": false,
            "is_translation_enabled": false,
            "profile_background_color": "C0DEED",
            "profile_background_image_url": "http://abs.twimg.com/images/themes/theme1/bg.png",
            "profile_background_image_url_https": "https://abs.twimg.com/images/themes/theme1/bg.png",
            "profile_background_tile": false,
            "profile_image_url": "http://pbs.twimg.com/profile_images/460745160205152256/r8w2faOW_normal.jpeg",
            "profile_image_url_https": "https://pbs.twimg.com/profile_images/460745160205152256/r8w2faOW_normal.jpeg",
            "profile_link_color": "1DA1F2",
            "profile_sidebar_border_color": "C0DEED",
            "profile_sidebar_fill_color": "DDEEF6",
            "profile_text_color": "333333",
            "profile_use_background_image": true,
            "has_extended_profile": false,
            "default_profile": true,
            "default_profile_image": false,
            "following": false,
            "follow_request_sent": false,
            "notifications": false,
            "translator_type": "regular"
        },
        "geo": null,
        "coordinates": null,
        "place": null,
        "contributors": null,
        "is_quote_status": false,
        "retweet_count": 4,
        "favorite_count": 3,
        "favorited": false,
        "retweeted": false,
        "possibly_sensitive": false,
        "possibly_sensitive_appealable": false,
        "lang": "en"
    },
    "retweet_count": 0,
    "favorite_count": 0,
    "favorited": false,
    "retweeted": false,
    "possibly_sensitive": false,
    "possibly_sensitive_appealable": false,
    "lang": "en"
}