{
    "created_at": "Thu Nov 09 18:04:36 +0000 2017",
    "id": 928684762444709888,
    "id_str": "928684762444709888",
    "text": "\u041e\u043b\u0435\u0433 \u0421\u043e\u0441\u043a\u0438\u043d: \u0423\u043a\u0440\u0430\u0438\u043d\u0430 \u043f\u0440\u0435\u0432\u0440\u0430\u0442\u0438\u043b\u0430\u0441\u044c \u0432 \u0434\u0436\u0443\u043d\u0433\u043b\u0438, \u0433\u0434\u0435 \u043f\u0440\u0430\u0432\u044f\u0442 \u0431\u0430\u043b \u0440\u0430\u0437\u0431\u043e\u0439\u043d\u0438\u043a\u0438 https://t.co/SmVrAnpLiS",
    "truncated": false,
    "entities": {
        "hashtags": [],
        "symbols": [],
        "user_mentions": [],
        "urls": [
            {
                "url": "https://t.co/SmVrAnpLiS",
                "expanded_url": "https://www.youtube.com/watch?v=KYgerQG959E&feature=share",
                "display_url": "youtube.com/watch?v=KYgerQ\u2026",
                "indices": [
                    71,
                    94
                ]
            }
        ]
    },
    "source": "<a href=\"http://twitter.com/#!/download/ipad\" rel=\"nofollow\">Twitter for iPad</a>",
    "in_reply_to_status_id": null,
    "in_reply_to_status_id_str": null,
    "in_reply_to_user_id": null,
    "in_reply_to_user_id_str": null,
    "in_reply_to_screen_name": null,
    "user": {
        "id": 2164188007,
        "id_str": "2164188007",
        "name": "Luba Romanko",
        "screen_name": "lubaromanko",
        "location": "CANADA, Alberta",
        "description": "\u041c\u0438 \u0454. \u0411\u0443\u043b\u0438. \u0406 \u0431\u0443\u0434\u0435\u043c \u043c\u0438. \u0419 \u0412\u0456\u0442\u0447\u0438\u0437\u043d\u0430 \u043d\u0430\u0448\u0430 \u0437 \u043d\u0430\u043c\u0438. \ud83c\uddfa\ud83c\udde6 ZERO TOLERANCE FOR #CYBERBULLYING OF ANY KIND!",
        "url": null,
        "entities": {
            "description": {
                "urls": []
            }
        },
        "protected": false,
        "followers_count": 6783,
        "friends_count": 5931,
        "listed_count": 56,
        "created_at": "Wed Oct 30 05:56:49 +0000 2013",
        "favourites_count": 28679,
        "utc_offset": null,
        "time_zone": null,
        "geo_enabled": false,
        "verified": false,
        "statuses_count": 68395,
        "lang": "en",
        "contributors_enabled": false,
        "is_translator": false,
        "is_translation_enabled": false,
        "profile_background_color": "C6E2EE",
        "profile_background_image_url": "http://abs.twimg.com/images/themes/theme2/bg.gif",
        "profile_background_image_url_https": "https://abs.twimg.com/images/themes/theme2/bg.gif",
        "profile_background_tile": false,
        "profile_image_url": "http://pbs.twimg.com/profile_images/607075861351653377/a9h8HgkZ_normal.jpg",
        "profile_image_url_https": "https://pbs.twimg.com/profile_images/607075861351653377/a9h8HgkZ_normal.jpg",
        "profile_banner_url": "https://pbs.twimg.com/profile_banners/2164188007/1494555843",
        "profile_link_color": "1F98C7",
        "profile_sidebar_border_color": "C6E2EE",
        "profile_sidebar_fill_color": "DAECF4",
        "profile_text_color": "663B12",
        "profile_use_background_image": true,
        "has_extended_profile": false,
        "default_profile": false,
        "default_profile_image": false,
        "following": false,
        "follow_request_sent": false,
        "notifications": false,
        "translator_type": "none"
    },
    "geo": null,
    "coordinates": null,
    "place": null,
    "contributors": null,
    "is_quote_status": false,
    "retweet_count": 2,
    "favorite_count": 0,
    "favorited": false,
    "retweeted": false,
    "possibly_sensitive": false,
    "possibly_sensitive_appealable": false,
    "lang": "ru"
}