{
    "created_at": "Tue Nov 07 23:07:36 +0000 2017",
    "id": 928036239722336261,
    "id_str": "928036239722336261",
    "text": "#Holocaust in #Ukraine, just a \"crime of passion\" according to the West-backed #Maidan regime appointed history re-\u2026 https://t.co/mzIBM6TtAW",
    "truncated": true,
    "entities": {
        "hashtags": [
            {
                "text": "Holocaust",
                "indices": [
                    0,
                    10
                ]
            },
            {
                "text": "Ukraine",
                "indices": [
                    14,
                    22
                ]
            },
            {
                "text": "Maidan",
                "indices": [
                    79,
                    86
                ]
            }
        ],
        "symbols": [],
        "user_mentions": [],
        "urls": [
            {
                "url": "https://t.co/mzIBM6TtAW",
                "expanded_url": "https://twitter.com/i/web/status/928036239722336261",
                "display_url": "twitter.com/i/web/status/9\u2026",
                "indices": [
                    117,
                    140
                ]
            }
        ]
    },
    "source": "<a href=\"http://twitter.com\" rel=\"nofollow\">Twitter Web Client</a>",
    "in_reply_to_status_id": null,
    "in_reply_to_status_id_str": null,
    "in_reply_to_user_id": null,
    "in_reply_to_user_id_str": null,
    "in_reply_to_screen_name": null,
    "user": {
        "id": 1813434864,
        "id_str": "1813434864",
        "name": "Mark Sleboda",
        "screen_name": "MarkSleboda1",
        "location": "Moscow, Russia",
        "description": "IR & Security Analyst, Senior Lecturer in IR & Security Studies MGU 2012-14, LSE postgrad, Climate Change, US Navy vet-Nuclear Engineering marksleboda@gmail.com",
        "url": "https://t.co/8Lp4ZEG2qy",
        "entities": {
            "url": {
                "urls": [
                    {
                        "url": "https://t.co/8Lp4ZEG2qy",
                        "expanded_url": "https://www.facebook.com/gramsci",
                        "display_url": "facebook.com/gramsci",
                        "indices": [
                            0,
                            23
                        ]
                    }
                ]
            },
            "description": {
                "urls": []
            }
        },
        "protected": false,
        "followers_count": 12346,
        "friends_count": 3223,
        "listed_count": 408,
        "created_at": "Sun Sep 08 07:23:02 +0000 2013",
        "favourites_count": 13246,
        "utc_offset": 14400,
        "time_zone": "Abu Dhabi",
        "geo_enabled": true,
        "verified": true,
        "statuses_count": 81010,
        "lang": "en",
        "contributors_enabled": false,
        "is_translator": false,
        "is_translation_enabled": false,
        "profile_background_color": "131516",
        "profile_background_image_url": "http://abs.twimg.com/images/themes/theme14/bg.gif",
        "profile_background_image_url_https": "https://abs.twimg.com/images/themes/theme14/bg.gif",
        "profile_background_tile": true,
        "profile_image_url": "http://pbs.twimg.com/profile_images/967275096401473536/Y0uxsHQC_normal.jpg",
        "profile_image_url_https": "https://pbs.twimg.com/profile_images/967275096401473536/Y0uxsHQC_normal.jpg",
        "profile_banner_url": "https://pbs.twimg.com/profile_banners/1813434864/1519549323",
        "profile_link_color": "990000",
        "profile_sidebar_border_color": "000000",
        "profile_sidebar_fill_color": "EFEFEF",
        "profile_text_color": "333333",
        "profile_use_background_image": true,
        "has_extended_profile": true,
        "default_profile": false,
        "default_profile_image": false,
        "following": false,
        "follow_request_sent": false,
        "notifications": false,
        "translator_type": "none"
    },
    "geo": null,
    "coordinates": null,
    "place": null,
    "contributors": null,
    "is_quote_status": true,
    "quoted_status_id": 928033832372178946,
    "quoted_status_id_str": "928033832372178946",
    "quoted_status": {
        "created_at": "Tue Nov 07 22:58:02 +0000 2017",
        "id": 928033832372178946,
        "id_str": "928033832372178946",
        "text": "NUTS, RIGHT? translation from book \"Oun's Attitude Towards Jews\" by head of #Ukraine Memory Institute Viatrovych on\u2026 https://t.co/Yxe7804uec",
        "truncated": true,
        "entities": {
            "hashtags": [
                {
                    "text": "Ukraine",
                    "indices": [
                        76,
                        84
                    ]
                }
            ],
            "symbols": [],
            "user_mentions": [],
            "urls": [
                {
                    "url": "https://t.co/Yxe7804uec",
                    "expanded_url": "https://twitter.com/i/web/status/928033832372178946",
                    "display_url": "twitter.com/i/web/status/9\u2026",
                    "indices": [
                        117,
                        140
                    ]
                }
            ]
        },
        "source": "<a href=\"http://twitter.com\" rel=\"nofollow\">Twitter Web Client</a>",
        "in_reply_to_status_id": null,
        "in_reply_to_status_id_str": null,
        "in_reply_to_user_id": null,
        "in_reply_to_user_id_str": null,
        "in_reply_to_screen_name": null,
        "user": {
            "id": 840298088333996032,
            "id_str": "840298088333996032",
            "name": "Defending History",
            "screen_name": "DefendingHistor",
            "location": "Vilnius, Lithuania",
            "description": "Web journal combating Holocaust revisionism in Eastern Europe; fights human rights abuses others ignore. Tweets from our team in Vilnius, DC, NY, LON, TA, etc.",
            "url": "https://t.co/brXOKIvTm5",
            "entities": {
                "url": {
                    "urls": [
                        {
                            "url": "https://t.co/brXOKIvTm5",
                            "expanded_url": "http://www.defendinghistory.com",
                            "display_url": "defendinghistory.com",
                            "indices": [
                                0,
                                23
                            ]
                        }
                    ]
                },
                "description": {
                    "urls": []
                }
            },
            "protected": false,
            "followers_count": 1258,
            "friends_count": 23,
            "listed_count": 28,
            "created_at": "Fri Mar 10 20:27:31 +0000 2017",
            "favourites_count": 351,
            "utc_offset": -28800,
            "time_zone": "Pacific Time (US & Canada)",
            "geo_enabled": false,
            "verified": false,
            "statuses_count": 1663,
            "lang": "en",
            "contributors_enabled": false,
            "is_translator": false,
            "is_translation_enabled": false,
            "profile_background_color": "F5F8FA",
            "profile_background_image_url": null,
            "profile_background_image_url_https": null,
            "profile_background_tile": false,
            "profile_image_url": "http://pbs.twimg.com/profile_images/840301210460553216/N2BZ3RVY_normal.jpg",
            "profile_image_url_https": "https://pbs.twimg.com/profile_images/840301210460553216/N2BZ3RVY_normal.jpg",
            "profile_banner_url": "https://pbs.twimg.com/profile_banners/840298088333996032/1489178828",
            "profile_link_color": "1DA1F2",
            "profile_sidebar_border_color": "C0DEED",
            "profile_sidebar_fill_color": "DDEEF6",
            "profile_text_color": "333333",
            "profile_use_background_image": true,
            "has_extended_profile": false,
            "default_profile": true,
            "default_profile_image": false,
            "following": false,
            "follow_request_sent": false,
            "notifications": false,
            "translator_type": "none"
        },
        "geo": null,
        "coordinates": null,
        "place": null,
        "contributors": null,
        "is_quote_status": false,
        "retweet_count": 6,
        "favorite_count": 8,
        "favorited": false,
        "retweeted": false,
        "possibly_sensitive": false,
        "possibly_sensitive_appealable": false,
        "lang": "en"
    },
    "retweet_count": 5,
    "favorite_count": 10,
    "favorited": false,
    "retweeted": false,
    "possibly_sensitive": false,
    "possibly_sensitive_appealable": false,
    "lang": "en"
}