{
    "created_at": "Tue Nov 07 08:04:40 +0000 2017",
    "id": 927809009633153024,
    "id_str": "927809009633153024",
    "text": "#\u042f\u043d\u0443\u043a\u043e\u0432\u0438\u0447 \u0441\u043a\u0430\u0437\u0430\u043b, \u0447\u0442\u043e \u0445\u043e\u0447\u0435\u0442 \u0432\u043d\u0435 \u043a\u0430\u043c\u0435\u0440 \u043f\u043e\u0433\u043e\u0432\u043e\u0440\u0438\u0442\u044c \u0441 @poroshenko \u00ab\u043f\u043e-\u043c\u0443\u0436\u0441\u043a\u0438\u00bb\n\nhttps://t.co/8kMcALtGkW https://t.co/apPwD9rkqF",
    "truncated": false,
    "entities": {
        "hashtags": [
            {
                "text": "\u042f\u043d\u0443\u043a\u043e\u0432\u0438\u0447",
                "indices": [
                    0,
                    9
                ]
            }
        ],
        "symbols": [],
        "user_mentions": [
            {
                "screen_name": "poroshenko",
                "name": "\u041f\u0435\u0442\u0440\u043e \u041f\u043e\u0440\u043e\u0448\u0435\u043d\u043a\u043e",
                "id": 2423747006,
                "id_str": "2423747006",
                "indices": [
                    51,
                    62
                ]
            }
        ],
        "urls": [
            {
                "url": "https://t.co/8kMcALtGkW",
                "expanded_url": "https://www.ipnews.in.ua/news/ukraine/139693-yanukovich-zayavil-chto-khochet-po-muzhski-pogovorit-s-poroshenko",
                "display_url": "ipnews.in.ua/news/ukraine/1\u2026",
                "indices": [
                    76,
                    99
                ]
            }
        ],
        "media": [
            {
                "id": 927808605541294081,
                "id_str": "927808605541294081",
                "indices": [
                    100,
                    123
                ],
                "media_url": "http://pbs.twimg.com/media/DOA9AtDW4AEfcQ5.jpg",
                "media_url_https": "https://pbs.twimg.com/media/DOA9AtDW4AEfcQ5.jpg",
                "url": "https://t.co/apPwD9rkqF",
                "display_url": "pic.twitter.com/apPwD9rkqF",
                "expanded_url": "https://twitter.com/IPnewsinua/status/927809009633153024/photo/1",
                "type": "photo",
                "sizes": {
                    "large": {
                        "w": 600,
                        "h": 381,
                        "resize": "fit"
                    },
                    "thumb": {
                        "w": 150,
                        "h": 150,
                        "resize": "crop"
                    },
                    "medium": {
                        "w": 600,
                        "h": 381,
                        "resize": "fit"
                    },
                    "small": {
                        "w": 600,
                        "h": 381,
                        "resize": "fit"
                    }
                }
            }
        ]
    },
    "extended_entities": {
        "media": [
            {
                "id": 927808605541294081,
                "id_str": "927808605541294081",
                "indices": [
                    100,
                    123
                ],
                "media_url": "http://pbs.twimg.com/media/DOA9AtDW4AEfcQ5.jpg",
                "media_url_https": "https://pbs.twimg.com/media/DOA9AtDW4AEfcQ5.jpg",
                "url": "https://t.co/apPwD9rkqF",
                "display_url": "pic.twitter.com/apPwD9rkqF",
                "expanded_url": "https://twitter.com/IPnewsinua/status/927809009633153024/photo/1",
                "type": "photo",
                "sizes": {
                    "large": {
                        "w": 600,
                        "h": 381,
                        "resize": "fit"
                    },
                    "thumb": {
                        "w": 150,
                        "h": 150,
                        "resize": "crop"
                    },
                    "medium": {
                        "w": 600,
                        "h": 381,
                        "resize": "fit"
                    },
                    "small": {
                        "w": 600,
                        "h": 381,
                        "resize": "fit"
                    }
                }
            }
        ]
    },
    "source": "<a href=\"http://twitter.com\" rel=\"nofollow\">Twitter Web Client</a>",
    "in_reply_to_status_id": null,
    "in_reply_to_status_id_str": null,
    "in_reply_to_user_id": null,
    "in_reply_to_user_id_str": null,
    "in_reply_to_screen_name": null,
    "user": {
        "id": 560536794,
        "id_str": "560536794",
        "name": "IPnews",
        "screen_name": "IPnewsinua",
        "location": "\u0423\u043a\u0440\u0430\u0438\u043d\u0430",
        "description": "",
        "url": null,
        "entities": {
            "description": {
                "urls": []
            }
        },
        "protected": false,
        "followers_count": 1162,
        "friends_count": 431,
        "listed_count": 10,
        "created_at": "Sun Apr 22 17:30:29 +0000 2012",
        "favourites_count": 249,
        "utc_offset": 7200,
        "time_zone": "Kyiv",
        "geo_enabled": true,
        "verified": false,
        "statuses_count": 71953,
        "lang": "ru",
        "contributors_enabled": false,
        "is_translator": false,
        "is_translation_enabled": false,
        "profile_background_color": "C0DEED",
        "profile_background_image_url": "http://abs.twimg.com/images/themes/theme1/bg.png",
        "profile_background_image_url_https": "https://abs.twimg.com/images/themes/theme1/bg.png",
        "profile_background_tile": false,
        "profile_image_url": "http://pbs.twimg.com/profile_images/916663519034081281/6yfGKkFy_normal.jpg",
        "profile_image_url_https": "https://pbs.twimg.com/profile_images/916663519034081281/6yfGKkFy_normal.jpg",
        "profile_banner_url": "https://pbs.twimg.com/profile_banners/560536794/1496148057",
        "profile_link_color": "1DA1F2",
        "profile_sidebar_border_color": "C0DEED",
        "profile_sidebar_fill_color": "DDEEF6",
        "profile_text_color": "333333",
        "profile_use_background_image": true,
        "has_extended_profile": false,
        "default_profile": true,
        "default_profile_image": false,
        "following": false,
        "follow_request_sent": false,
        "notifications": false,
        "translator_type": "none"
    },
    "geo": null,
    "coordinates": null,
    "place": null,
    "contributors": null,
    "is_quote_status": false,
    "retweet_count": 0,
    "favorite_count": 0,
    "favorited": false,
    "retweeted": false,
    "possibly_sensitive": false,
    "possibly_sensitive_appealable": false,
    "lang": "ru"
}