{
    "created_at": "Fri Nov 10 08:06:02 +0000 2017",
    "id": 928896517829812224,
    "id_str": "928896517829812224",
    "text": "Well worth a read: How the Kremlin uses FAKE acted, videos/stories about #Ukrainian terrorists, Azov fighters &amp; eve\u2026 https://t.co/99Fa5ZXC4i",
    "truncated": true,
    "entities": {
        "hashtags": [
            {
                "text": "Ukrainian",
                "indices": [
                    73,
                    83
                ]
            }
        ],
        "symbols": [],
        "user_mentions": [],
        "urls": [
            {
                "url": "https://t.co/99Fa5ZXC4i",
                "expanded_url": "https://twitter.com/i/web/status/928896517829812224",
                "display_url": "twitter.com/i/web/status/9\u2026",
                "indices": [
                    121,
                    144
                ]
            }
        ]
    },
    "source": "<a href=\"http://twitter.com\" rel=\"nofollow\">Twitter Web Client</a>",
    "in_reply_to_status_id": null,
    "in_reply_to_status_id_str": null,
    "in_reply_to_user_id": null,
    "in_reply_to_user_id_str": null,
    "in_reply_to_screen_name": null,
    "user": {
        "id": 2758100418,
        "id_str": "2758100418",
        "name": "Glasnost Gone",
        "screen_name": "GlasnostGone",
        "location": "Alex King lives in London",
        "description": "Founded #FreeSavchenko campaign. Now revealing Russia's #Donbass invasion. Email GlasnostGone@aol.co.uk https://t.co/m5NBaCUK5G",
        "url": "https://t.co/T82iyd7cdL",
        "entities": {
            "url": {
                "urls": [
                    {
                        "url": "https://t.co/T82iyd7cdL",
                        "expanded_url": "https://glasnostgone.org/",
                        "display_url": "glasnostgone.org",
                        "indices": [
                            0,
                            23
                        ]
                    }
                ]
            },
            "description": {
                "urls": [
                    {
                        "url": "https://t.co/m5NBaCUK5G",
                        "expanded_url": "https://www.youtube.com/channel/UCtDBsfXZd-jd7-9hq2vqiSg",
                        "display_url": "youtube.com/channel/UCtDBs\u2026",
                        "indices": [
                            104,
                            127
                        ]
                    }
                ]
            }
        },
        "protected": false,
        "followers_count": 5899,
        "friends_count": 1984,
        "listed_count": 217,
        "created_at": "Sat Aug 23 08:08:17 +0000 2014",
        "favourites_count": 45904,
        "utc_offset": 0,
        "time_zone": "London",
        "geo_enabled": false,
        "verified": false,
        "statuses_count": 49218,
        "lang": "en-gb",
        "contributors_enabled": false,
        "is_translator": false,
        "is_translation_enabled": false,
        "profile_background_color": "000000",
        "profile_background_image_url": "http://abs.twimg.com/images/themes/theme1/bg.png",
        "profile_background_image_url_https": "https://abs.twimg.com/images/themes/theme1/bg.png",
        "profile_background_tile": false,
        "profile_image_url": "http://pbs.twimg.com/profile_images/877204602881540096/EB8Gdn25_normal.jpg",
        "profile_image_url_https": "https://pbs.twimg.com/profile_images/877204602881540096/EB8Gdn25_normal.jpg",
        "profile_banner_url": "https://pbs.twimg.com/profile_banners/2758100418/1480500499",
        "profile_link_color": "1B95E0",
        "profile_sidebar_border_color": "000000",
        "profile_sidebar_fill_color": "000000",
        "profile_text_color": "000000",
        "profile_use_background_image": false,
        "has_extended_profile": true,
        "default_profile": false,
        "default_profile_image": false,
        "following": false,
        "follow_request_sent": false,
        "notifications": false,
        "translator_type": "none"
    },
    "geo": null,
    "coordinates": null,
    "place": null,
    "contributors": null,
    "is_quote_status": false,
    "retweet_count": 13,
    "favorite_count": 7,
    "favorited": false,
    "retweeted": false,
    "possibly_sensitive": false,
    "possibly_sensitive_appealable": false,
    "lang": "en"
}