{
    "created_at": "Thu Nov 09 20:14:23 +0000 2017",
    "id": 928717425796841472,
    "id_str": "928717425796841472",
    "text": "@CT4444 @adrianadastra @MJoyce2244 @ASpinOfTheWheel @NOckelmann @Saito_section_9 @AmishJihadi Why would you say RU\u2026 https://t.co/fzk3Oa3ekX",
    "truncated": true,
    "entities": {
        "hashtags": [],
        "symbols": [],
        "user_mentions": [
            {
                "screen_name": "CT4444",
                "name": "Clement Townsend",
                "id": 2428920877,
                "id_str": "2428920877",
                "indices": [
                    0,
                    7
                ]
            },
            {
                "screen_name": "adrianadastra",
                "name": "Adrian Adastra",
                "id": 93015599,
                "id_str": "93015599",
                "indices": [
                    8,
                    22
                ]
            },
            {
                "screen_name": "MJoyce2244",
                "name": "Michael Joyce",
                "id": 460705232,
                "id_str": "460705232",
                "indices": [
                    23,
                    34
                ]
            },
            {
                "screen_name": "ASpinOfTheWheel",
                "name": "K Johnson",
                "id": 1670939658,
                "id_str": "1670939658",
                "indices": [
                    35,
                    51
                ]
            },
            {
                "screen_name": "NOckelmann",
                "name": "Niels Ockelmann \ud83d\udc18",
                "id": 2347485195,
                "id_str": "2347485195",
                "indices": [
                    52,
                    63
                ]
            },
            {
                "screen_name": "Saito_section_9",
                "name": "Saito",
                "id": 2515011956,
                "id_str": "2515011956",
                "indices": [
                    64,
                    80
                ]
            },
            {
                "screen_name": "AmishJihadi",
                "name": "AmishJihadi",
                "id": 3850608198,
                "id_str": "3850608198",
                "indices": [
                    81,
                    93
                ]
            }
        ],
        "urls": [
            {
                "url": "https://t.co/fzk3Oa3ekX",
                "expanded_url": "https://twitter.com/i/web/status/928717425796841472",
                "display_url": "twitter.com/i/web/status/9\u2026",
                "indices": [
                    116,
                    139
                ]
            }
        ]
    },
    "source": "<a href=\"http://twitter.com/#!/download/ipad\" rel=\"nofollow\">Twitter for iPad</a>",
    "in_reply_to_status_id": 928715262613958656,
    "in_reply_to_status_id_str": "928715262613958656",
    "in_reply_to_user_id": 2428920877,
    "in_reply_to_user_id_str": "2428920877",
    "in_reply_to_screen_name": "CT4444",
    "user": {
        "id": 391702208,
        "id_str": "391702208",
        "name": "roarbro",
        "screen_name": "roarbro",
        "location": "",
        "description": "\u201cWar was always here. Before man was, war waited for him. The ultimate trade awaiting its ultimate practitioner.\u201d",
        "url": null,
        "entities": {
            "description": {
                "urls": []
            }
        },
        "protected": false,
        "followers_count": 307,
        "friends_count": 230,
        "listed_count": 15,
        "created_at": "Sun Oct 16 00:01:46 +0000 2011",
        "favourites_count": 18250,
        "utc_offset": -18000,
        "time_zone": "Eastern Time (US & Canada)",
        "geo_enabled": false,
        "verified": false,
        "statuses_count": 48794,
        "lang": "en",
        "contributors_enabled": false,
        "is_translator": false,
        "is_translation_enabled": false,
        "profile_background_color": "C0DEED",
        "profile_background_image_url": "http://abs.twimg.com/images/themes/theme1/bg.png",
        "profile_background_image_url_https": "https://abs.twimg.com/images/themes/theme1/bg.png",
        "profile_background_tile": false,
        "profile_image_url": "http://pbs.twimg.com/profile_images/456795490705629184/dKQFMJtq_normal.jpeg",
        "profile_image_url_https": "https://pbs.twimg.com/profile_images/456795490705629184/dKQFMJtq_normal.jpeg",
        "profile_banner_url": "https://pbs.twimg.com/profile_banners/391702208/1401844084",
        "profile_link_color": "002766",
        "profile_sidebar_border_color": "C0DEED",
        "profile_sidebar_fill_color": "DDEEF6",
        "profile_text_color": "333333",
        "profile_use_background_image": true,
        "has_extended_profile": false,
        "default_profile": false,
        "default_profile_image": false,
        "following": false,
        "follow_request_sent": false,
        "notifications": false,
        "translator_type": "none"
    },
    "geo": null,
    "coordinates": null,
    "place": null,
    "contributors": null,
    "is_quote_status": false,
    "retweet_count": 0,
    "favorite_count": 1,
    "favorited": false,
    "retweeted": false,
    "lang": "en"
}