{
    "created_at": "Fri Nov 10 03:59:55 +0000 2017",
    "id": 928834579393257472,
    "id_str": "928834579393257472",
    "text": "@MH17files Ukraine shot down #MH17 https://t.co/jsyBUOVpva",
    "truncated": false,
    "entities": {
        "hashtags": [
            {
                "text": "MH17",
                "indices": [
                    29,
                    34
                ]
            }
        ],
        "symbols": [],
        "user_mentions": [
            {
                "screen_name": "MH17files",
                "name": "MH17 files",
                "id": 4845768045,
                "id_str": "4845768045",
                "indices": [
                    0,
                    10
                ]
            }
        ],
        "urls": [],
        "media": [
            {
                "id": 928834567380787200,
                "id_str": "928834567380787200",
                "indices": [
                    35,
                    58
                ],
                "media_url": "http://pbs.twimg.com/media/DOPiHivV4AANCip.jpg",
                "media_url_https": "https://pbs.twimg.com/media/DOPiHivV4AANCip.jpg",
                "url": "https://t.co/jsyBUOVpva",
                "display_url": "pic.twitter.com/jsyBUOVpva",
                "expanded_url": "https://twitter.com/SerboCanada/status/928834579393257472/photo/1",
                "type": "photo",
                "sizes": {
                    "large": {
                        "w": 1920,
                        "h": 1080,
                        "resize": "fit"
                    },
                    "thumb": {
                        "w": 150,
                        "h": 150,
                        "resize": "crop"
                    },
                    "medium": {
                        "w": 1200,
                        "h": 675,
                        "resize": "fit"
                    },
                    "small": {
                        "w": 680,
                        "h": 383,
                        "resize": "fit"
                    }
                }
            }
        ]
    },
    "extended_entities": {
        "media": [
            {
                "id": 928834567380787200,
                "id_str": "928834567380787200",
                "indices": [
                    35,
                    58
                ],
                "media_url": "http://pbs.twimg.com/media/DOPiHivV4AANCip.jpg",
                "media_url_https": "https://pbs.twimg.com/media/DOPiHivV4AANCip.jpg",
                "url": "https://t.co/jsyBUOVpva",
                "display_url": "pic.twitter.com/jsyBUOVpva",
                "expanded_url": "https://twitter.com/SerboCanada/status/928834579393257472/photo/1",
                "type": "photo",
                "sizes": {
                    "large": {
                        "w": 1920,
                        "h": 1080,
                        "resize": "fit"
                    },
                    "thumb": {
                        "w": 150,
                        "h": 150,
                        "resize": "crop"
                    },
                    "medium": {
                        "w": 1200,
                        "h": 675,
                        "resize": "fit"
                    },
                    "small": {
                        "w": 680,
                        "h": 383,
                        "resize": "fit"
                    }
                }
            }
        ]
    },
    "source": "<a href=\"http://twitter.com/download/android\" rel=\"nofollow\">Twitter for Android</a>",
    "in_reply_to_status_id": 928641038704693248,
    "in_reply_to_status_id_str": "928641038704693248",
    "in_reply_to_user_id": 4845768045,
    "in_reply_to_user_id_str": "4845768045",
    "in_reply_to_screen_name": "MH17files",
    "user": {
        "id": 134229643,
        "id_str": "134229643",
        "name": "Serbo-Canadian",
        "screen_name": "SerboCanada",
        "location": "BC Canada",
        "description": "Materials for the Betterment of Humanity, Happily Married, Not here to make friends. We have Family in Donetsk. NAZIS not welcome",
        "url": null,
        "entities": {
            "description": {
                "urls": []
            }
        },
        "protected": false,
        "followers_count": 1981,
        "friends_count": 2293,
        "listed_count": 61,
        "created_at": "Sat Apr 17 20:38:12 +0000 2010",
        "favourites_count": 5530,
        "utc_offset": -28800,
        "time_zone": "Pacific Time (US & Canada)",
        "geo_enabled": false,
        "verified": false,
        "statuses_count": 34446,
        "lang": "en",
        "contributors_enabled": false,
        "is_translator": false,
        "is_translation_enabled": false,
        "profile_background_color": "000000",
        "profile_background_image_url": "http://abs.twimg.com/images/themes/theme1/bg.png",
        "profile_background_image_url_https": "https://abs.twimg.com/images/themes/theme1/bg.png",
        "profile_background_tile": false,
        "profile_image_url": "http://pbs.twimg.com/profile_images/761413681133387777/mB3aekIe_normal.jpg",
        "profile_image_url_https": "https://pbs.twimg.com/profile_images/761413681133387777/mB3aekIe_normal.jpg",
        "profile_banner_url": "https://pbs.twimg.com/profile_banners/134229643/1440564837",
        "profile_link_color": "3B94D9",
        "profile_sidebar_border_color": "000000",
        "profile_sidebar_fill_color": "000000",
        "profile_text_color": "000000",
        "profile_use_background_image": false,
        "has_extended_profile": false,
        "default_profile": false,
        "default_profile_image": false,
        "following": false,
        "follow_request_sent": false,
        "notifications": false,
        "translator_type": "none"
    },
    "geo": null,
    "coordinates": null,
    "place": null,
    "contributors": null,
    "is_quote_status": false,
    "retweet_count": 4,
    "favorite_count": 3,
    "favorited": false,
    "retweeted": false,
    "possibly_sensitive": false,
    "possibly_sensitive_appealable": false,
    "lang": "en"
}