{
    "created_at": "Tue Nov 07 23:52:13 +0000 2017",
    "id": 928047470331887616,
    "id_str": "928047470331887616",
    "text": "#MH17 is not the only dastardly deed of the #Ukraine #coup plotters. They #overthrew the #government by #murdering\u2026 https://t.co/l8CeDBUOm1",
    "truncated": true,
    "entities": {
        "hashtags": [
            {
                "text": "MH17",
                "indices": [
                    0,
                    5
                ]
            },
            {
                "text": "Ukraine",
                "indices": [
                    44,
                    52
                ]
            },
            {
                "text": "coup",
                "indices": [
                    53,
                    58
                ]
            },
            {
                "text": "overthrew",
                "indices": [
                    74,
                    84
                ]
            },
            {
                "text": "government",
                "indices": [
                    89,
                    100
                ]
            },
            {
                "text": "murdering",
                "indices": [
                    104,
                    114
                ]
            }
        ],
        "symbols": [],
        "user_mentions": [],
        "urls": [
            {
                "url": "https://t.co/l8CeDBUOm1",
                "expanded_url": "https://twitter.com/i/web/status/928047470331887616",
                "display_url": "twitter.com/i/web/status/9\u2026",
                "indices": [
                    116,
                    139
                ]
            }
        ]
    },
    "source": "<a href=\"http://twitter.com\" rel=\"nofollow\">Twitter Web Client</a>",
    "in_reply_to_status_id": null,
    "in_reply_to_status_id_str": null,
    "in_reply_to_user_id": null,
    "in_reply_to_user_id_str": null,
    "in_reply_to_screen_name": null,
    "user": {
        "id": 257097577,
        "id_str": "257097577",
        "name": "Citizen of EU",
        "screen_name": "wavetossed",
        "location": "Vancouver, BC",
        "description": "An EU citizen who recognizes propaganda and thinks before believing anything",
        "url": null,
        "entities": {
            "description": {
                "urls": []
            }
        },
        "protected": false,
        "followers_count": 5677,
        "friends_count": 26,
        "listed_count": 756,
        "created_at": "Thu Feb 24 18:35:34 +0000 2011",
        "favourites_count": 24,
        "utc_offset": -28800,
        "time_zone": "Pacific Time (US & Canada)",
        "geo_enabled": true,
        "verified": false,
        "statuses_count": 353925,
        "lang": "en",
        "contributors_enabled": false,
        "is_translator": false,
        "is_translation_enabled": false,
        "profile_background_color": "73B3D1",
        "profile_background_image_url": "http://abs.twimg.com/images/themes/theme1/bg.png",
        "profile_background_image_url_https": "https://abs.twimg.com/images/themes/theme1/bg.png",
        "profile_background_tile": false,
        "profile_image_url": "http://pbs.twimg.com/profile_images/437749132757696512/7iACHULs_normal.jpeg",
        "profile_image_url_https": "https://pbs.twimg.com/profile_images/437749132757696512/7iACHULs_normal.jpeg",
        "profile_link_color": "038543",
        "profile_sidebar_border_color": "EEEEEE",
        "profile_sidebar_fill_color": "F6F6F6",
        "profile_text_color": "333333",
        "profile_use_background_image": true,
        "has_extended_profile": false,
        "default_profile": false,
        "default_profile_image": false,
        "following": false,
        "follow_request_sent": false,
        "notifications": false,
        "translator_type": "none"
    },
    "geo": null,
    "coordinates": null,
    "place": null,
    "contributors": null,
    "is_quote_status": false,
    "retweet_count": 12,
    "favorite_count": 7,
    "favorited": false,
    "retweeted": false,
    "possibly_sensitive": false,
    "possibly_sensitive_appealable": false,
    "lang": "en"
}