{
    "created_at": "Sat Nov 04 12:37:25 +0000 2017",
    "id": 926790485099692033,
    "id_str": "926790485099692033",
    "text": "RT @asko_info: #USAkillerMH17 #UkraineKillerMH17 #MH17 #MH-17 #UkraineShotDownMH17 #usa #ukraine #usashit #\u0423\u043a\u0440\u0430\u0457\u043d\u0430  #boeing #news https://t\u2026",
    "truncated": false,
    "entities": {
        "hashtags": [
            {
                "text": "USAkillerMH17",
                "indices": [
                    15,
                    29
                ]
            },
            {
                "text": "UkraineKillerMH17",
                "indices": [
                    30,
                    48
                ]
            },
            {
                "text": "MH17",
                "indices": [
                    49,
                    54
                ]
            },
            {
                "text": "MH",
                "indices": [
                    55,
                    58
                ]
            },
            {
                "text": "UkraineShotDownMH17",
                "indices": [
                    62,
                    82
                ]
            },
            {
                "text": "usa",
                "indices": [
                    83,
                    87
                ]
            },
            {
                "text": "ukraine",
                "indices": [
                    88,
                    96
                ]
            },
            {
                "text": "usashit",
                "indices": [
                    97,
                    105
                ]
            },
            {
                "text": "\u0423\u043a\u0440\u0430\u0457\u043d\u0430",
                "indices": [
                    106,
                    114
                ]
            },
            {
                "text": "boeing",
                "indices": [
                    116,
                    123
                ]
            },
            {
                "text": "news",
                "indices": [
                    124,
                    129
                ]
            }
        ],
        "symbols": [],
        "user_mentions": [
            {
                "screen_name": "asko_info",
                "name": "\u0410\u043d\u0434\u0440\u0435\u0439 \u0421\u041c\u0418\u0420\u041d\u041e\u0412",
                "id": 456686553,
                "id_str": "456686553",
                "indices": [
                    3,
                    13
                ]
            }
        ],
        "urls": []
    },
    "source": "<a href=\"http://twitter.com/download/android\" rel=\"nofollow\">Twitter for Android</a>",
    "in_reply_to_status_id": null,
    "in_reply_to_status_id_str": null,
    "in_reply_to_user_id": null,
    "in_reply_to_user_id_str": null,
    "in_reply_to_screen_name": null,
    "user": {
        "id": 456686553,
        "id_str": "456686553",
        "name": "\u0410\u043d\u0434\u0440\u0435\u0439 \u0421\u041c\u0418\u0420\u041d\u041e\u0412",
        "screen_name": "asko_info",
        "location": "\u0421\u0432\u0463\u0442\u0430\u0467 \u048e\u0263\u00e7\u10ee - \u0412\u0435\u043b\u0438\u043a\u0430\u044f \u0422\u0430\u0440\u0442\u0430\u0440\u0438\u044f",
        "description": "\u0421 \u041d\u043e\u0432\u044b\u043c 7526 \u043b\u0463\u0442\u043e\u043c \u043e\u0442 \u0421.\u041c.\u0417.\u0425.!",
        "url": null,
        "entities": {
            "description": {
                "urls": []
            }
        },
        "protected": false,
        "followers_count": 8345,
        "friends_count": 8422,
        "listed_count": 106,
        "created_at": "Fri Jan 06 14:53:59 +0000 2012",
        "favourites_count": 20100,
        "utc_offset": 10800,
        "time_zone": "Moscow",
        "geo_enabled": false,
        "verified": false,
        "statuses_count": 104517,
        "lang": "ru",
        "contributors_enabled": false,
        "is_translator": false,
        "is_translation_enabled": false,
        "profile_background_color": "EDECE9",
        "profile_background_image_url": "http://pbs.twimg.com/profile_background_images/463930510910042112/8CM93bXt.jpeg",
        "profile_background_image_url_https": "https://pbs.twimg.com/profile_background_images/463930510910042112/8CM93bXt.jpeg",
        "profile_background_tile": false,
        "profile_image_url": "http://pbs.twimg.com/profile_images/803868764471259137/0DFxGC7C_normal.jpg",
        "profile_image_url_https": "https://pbs.twimg.com/profile_images/803868764471259137/0DFxGC7C_normal.jpg",
        "profile_banner_url": "https://pbs.twimg.com/profile_banners/456686553/1479916724",
        "profile_link_color": "FA743E",
        "profile_sidebar_border_color": "FFFFFF",
        "profile_sidebar_fill_color": "DDEEF6",
        "profile_text_color": "333333",
        "profile_use_background_image": true,
        "has_extended_profile": false,
        "default_profile": false,
        "default_profile_image": false,
        "following": false,
        "follow_request_sent": false,
        "notifications": false,
        "translator_type": "none"
    },
    "geo": null,
    "coordinates": null,
    "place": null,
    "contributors": null,
    "retweeted_status": {
        "created_at": "Sat Mar 26 09:54:28 +0000 2016",
        "id": 713665414228754432,
        "id_str": "713665414228754432",
        "text": "#USAkillerMH17 #UkraineKillerMH17 #MH17 #MH-17 #UkraineShotDownMH17 #usa #ukraine #usashit #\u0423\u043a\u0440\u0430\u0457\u043d\u0430  #boeing #news https://t.co/lGZZwLXkDg",
        "truncated": false,
        "entities": {
            "hashtags": [
                {
                    "text": "USAkillerMH17",
                    "indices": [
                        0,
                        14
                    ]
                },
                {
                    "text": "UkraineKillerMH17",
                    "indices": [
                        15,
                        33
                    ]
                },
                {
                    "text": "MH17",
                    "indices": [
                        34,
                        39
                    ]
                },
                {
                    "text": "MH",
                    "indices": [
                        40,
                        43
                    ]
                },
                {
                    "text": "UkraineShotDownMH17",
                    "indices": [
                        47,
                        67
                    ]
                },
                {
                    "text": "usa",
                    "indices": [
                        68,
                        72
                    ]
                },
                {
                    "text": "ukraine",
                    "indices": [
                        73,
                        81
                    ]
                },
                {
                    "text": "usashit",
                    "indices": [
                        82,
                        90
                    ]
                },
                {
                    "text": "\u0423\u043a\u0440\u0430\u0457\u043d\u0430",
                    "indices": [
                        91,
                        99
                    ]
                },
                {
                    "text": "boeing",
                    "indices": [
                        101,
                        108
                    ]
                },
                {
                    "text": "news",
                    "indices": [
                        109,
                        114
                    ]
                }
            ],
            "symbols": [],
            "user_mentions": [],
            "urls": [],
            "media": [
                {
                    "id": 708570922920386560,
                    "id_str": "708570922920386560",
                    "indices": [
                        115,
                        138
                    ],
                    "media_url": "http://pbs.twimg.com/media/CdVZgA7XIAAKMHY.jpg",
                    "media_url_https": "https://pbs.twimg.com/media/CdVZgA7XIAAKMHY.jpg",
                    "url": "https://t.co/lGZZwLXkDg",
                    "display_url": "pic.twitter.com/lGZZwLXkDg",
                    "expanded_url": "https://twitter.com/asko_info/status/708570933456412673/photo/1",
                    "type": "photo",
                    "sizes": {
                        "large": {
                            "w": 423,
                            "h": 601,
                            "resize": "fit"
                        },
                        "thumb": {
                            "w": 150,
                            "h": 150,
                            "resize": "crop"
                        },
                        "small": {
                            "w": 423,
                            "h": 601,
                            "resize": "fit"
                        },
                        "medium": {
                            "w": 423,
                            "h": 601,
                            "resize": "fit"
                        }
                    },
                    "source_status_id": 708570933456412673,
                    "source_status_id_str": "708570933456412673",
                    "source_user_id": 456686553,
                    "source_user_id_str": "456686553"
                }
            ]
        },
        "extended_entities": {
            "media": [
                {
                    "id": 708570922920386560,
                    "id_str": "708570922920386560",
                    "indices": [
                        115,
                        138
                    ],
                    "media_url": "http://pbs.twimg.com/media/CdVZgA7XIAAKMHY.jpg",
                    "media_url_https": "https://pbs.twimg.com/media/CdVZgA7XIAAKMHY.jpg",
                    "url": "https://t.co/lGZZwLXkDg",
                    "display_url": "pic.twitter.com/lGZZwLXkDg",
                    "expanded_url": "https://twitter.com/asko_info/status/708570933456412673/photo/1",
                    "type": "photo",
                    "sizes": {
                        "large": {
                            "w": 423,
                            "h": 601,
                            "resize": "fit"
                        },
                        "thumb": {
                            "w": 150,
                            "h": 150,
                            "resize": "crop"
                        },
                        "small": {
                            "w": 423,
                            "h": 601,
                            "resize": "fit"
                        },
                        "medium": {
                            "w": 423,
                            "h": 601,
                            "resize": "fit"
                        }
                    },
                    "source_status_id": 708570933456412673,
                    "source_status_id_str": "708570933456412673",
                    "source_user_id": 456686553,
                    "source_user_id_str": "456686553"
                },
                {
                    "id": 708570927991267329,
                    "id_str": "708570927991267329",
                    "indices": [
                        115,
                        138
                    ],
                    "media_url": "http://pbs.twimg.com/media/CdVZgT0WoAEjIIW.jpg",
                    "media_url_https": "https://pbs.twimg.com/media/CdVZgT0WoAEjIIW.jpg",
                    "url": "https://t.co/lGZZwLXkDg",
                    "display_url": "pic.twitter.com/lGZZwLXkDg",
                    "expanded_url": "https://twitter.com/asko_info/status/708570933456412673/photo/1",
                    "type": "photo",
                    "sizes": {
                        "small": {
                            "w": 600,
                            "h": 600,
                            "resize": "fit"
                        },
                        "thumb": {
                            "w": 150,
                            "h": 150,
                            "resize": "crop"
                        },
                        "large": {
                            "w": 600,
                            "h": 600,
                            "resize": "fit"
                        },
                        "medium": {
                            "w": 600,
                            "h": 600,
                            "resize": "fit"
                        }
                    },
                    "source_status_id": 708570933456412673,
                    "source_status_id_str": "708570933456412673",
                    "source_user_id": 456686553,
                    "source_user_id_str": "456686553"
                }
            ]
        },
        "source": "<a href=\"http://twitter.com/download/android\" rel=\"nofollow\">Twitter for Android</a>",
        "in_reply_to_status_id": null,
        "in_reply_to_status_id_str": null,
        "in_reply_to_user_id": null,
        "in_reply_to_user_id_str": null,
        "in_reply_to_screen_name": null,
        "user": {
            "id": 456686553,
            "id_str": "456686553",
            "name": "\u0410\u043d\u0434\u0440\u0435\u0439 \u0421\u041c\u0418\u0420\u041d\u041e\u0412",
            "screen_name": "asko_info",
            "location": "\u0421\u0432\u0463\u0442\u0430\u0467 \u048e\u0263\u00e7\u10ee - \u0412\u0435\u043b\u0438\u043a\u0430\u044f \u0422\u0430\u0440\u0442\u0430\u0440\u0438\u044f",
            "description": "\u0421 \u041d\u043e\u0432\u044b\u043c 7526 \u043b\u0463\u0442\u043e\u043c \u043e\u0442 \u0421.\u041c.\u0417.\u0425.!",
            "url": null,
            "entities": {
                "description": {
                    "urls": []
                }
            },
            "protected": false,
            "followers_count": 8345,
            "friends_count": 8422,
            "listed_count": 106,
            "created_at": "Fri Jan 06 14:53:59 +0000 2012",
            "favourites_count": 20100,
            "utc_offset": 10800,
            "time_zone": "Moscow",
            "geo_enabled": false,
            "verified": false,
            "statuses_count": 104517,
            "lang": "ru",
            "contributors_enabled": false,
            "is_translator": false,
            "is_translation_enabled": false,
            "profile_background_color": "EDECE9",
            "profile_background_image_url": "http://pbs.twimg.com/profile_background_images/463930510910042112/8CM93bXt.jpeg",
            "profile_background_image_url_https": "https://pbs.twimg.com/profile_background_images/463930510910042112/8CM93bXt.jpeg",
            "profile_background_tile": false,
            "profile_image_url": "http://pbs.twimg.com/profile_images/803868764471259137/0DFxGC7C_normal.jpg",
            "profile_image_url_https": "https://pbs.twimg.com/profile_images/803868764471259137/0DFxGC7C_normal.jpg",
            "profile_banner_url": "https://pbs.twimg.com/profile_banners/456686553/1479916724",
            "profile_link_color": "FA743E",
            "profile_sidebar_border_color": "FFFFFF",
            "profile_sidebar_fill_color": "DDEEF6",
            "profile_text_color": "333333",
            "profile_use_background_image": true,
            "has_extended_profile": false,
            "default_profile": false,
            "default_profile_image": false,
            "following": false,
            "follow_request_sent": false,
            "notifications": false,
            "translator_type": "none"
        },
        "geo": null,
        "coordinates": null,
        "place": null,
        "contributors": null,
        "is_quote_status": false,
        "retweet_count": 36,
        "favorite_count": 2,
        "favorited": false,
        "retweeted": false,
        "possibly_sensitive": false,
        "possibly_sensitive_appealable": false,
        "lang": "und"
    },
    "is_quote_status": false,
    "retweet_count": 36,
    "favorite_count": 0,
    "favorited": false,
    "retweeted": false,
    "lang": "und"
}