{
    "created_at": "Wed Nov 08 06:52:47 +0000 2017",
    "id": 928153307062980608,
    "id_str": "928153307062980608",
    "text": "RT @Stredni_trida: #MH17 #DAY12010:Investigation led by the #Netherlands is biased. For all of them it is only game. But relatives of victi\u2026",
    "truncated": false,
    "entities": {
        "hashtags": [
            {
                "text": "MH17",
                "indices": [
                    19,
                    24
                ]
            },
            {
                "text": "DAY12010",
                "indices": [
                    25,
                    34
                ]
            },
            {
                "text": "Netherlands",
                "indices": [
                    60,
                    72
                ]
            }
        ],
        "symbols": [],
        "user_mentions": [
            {
                "screen_name": "Stredni_trida",
                "name": "St\u0159edn\u00ed t\u0159\u00edda v \u010cR \ud83c\udde8\ud83c\uddff",
                "id": 1978165356,
                "id_str": "1978165356",
                "indices": [
                    3,
                    17
                ]
            }
        ],
        "urls": []
    },
    "source": "<a href=\"http://twitter.com/download/android\" rel=\"nofollow\">Twitter for Android</a>",
    "in_reply_to_status_id": null,
    "in_reply_to_status_id_str": null,
    "in_reply_to_user_id": null,
    "in_reply_to_user_id_str": null,
    "in_reply_to_screen_name": null,
    "user": {
        "id": 986400799,
        "id_str": "986400799",
        "name": "Mark S.",
        "screen_name": "Marazijn",
        "location": "",
        "description": "Burned Out. Realist. Hardlopen. Voetbal. Politiek. Blank",
        "url": null,
        "entities": {
            "description": {
                "urls": []
            }
        },
        "protected": false,
        "followers_count": 113,
        "friends_count": 410,
        "listed_count": 9,
        "created_at": "Mon Dec 03 10:52:19 +0000 2012",
        "favourites_count": 1257,
        "utc_offset": 3600,
        "time_zone": "Amsterdam",
        "geo_enabled": true,
        "verified": false,
        "statuses_count": 5093,
        "lang": "nl",
        "contributors_enabled": false,
        "is_translator": false,
        "is_translation_enabled": false,
        "profile_background_color": "C0DEED",
        "profile_background_image_url": "http://abs.twimg.com/images/themes/theme1/bg.png",
        "profile_background_image_url_https": "https://abs.twimg.com/images/themes/theme1/bg.png",
        "profile_background_tile": false,
        "profile_image_url": "http://pbs.twimg.com/profile_images/873108726927900676/wvGKpMed_normal.jpg",
        "profile_image_url_https": "https://pbs.twimg.com/profile_images/873108726927900676/wvGKpMed_normal.jpg",
        "profile_banner_url": "https://pbs.twimg.com/profile_banners/986400799/1519565231",
        "profile_link_color": "1DA1F2",
        "profile_sidebar_border_color": "C0DEED",
        "profile_sidebar_fill_color": "DDEEF6",
        "profile_text_color": "333333",
        "profile_use_background_image": true,
        "has_extended_profile": false,
        "default_profile": true,
        "default_profile_image": false,
        "following": false,
        "follow_request_sent": false,
        "notifications": false,
        "translator_type": "none"
    },
    "geo": null,
    "coordinates": null,
    "place": null,
    "contributors": null,
    "retweeted_status": {
        "created_at": "Tue Nov 07 15:07:46 +0000 2017",
        "id": 927915487031328770,
        "id_str": "927915487031328770",
        "text": "#MH17 #DAY12010:Investigation led by the #Netherlands is biased. For all of them it is only game. But relatives of\u2026 https://t.co/uYU0ICIlnO",
        "truncated": true,
        "entities": {
            "hashtags": [
                {
                    "text": "MH17",
                    "indices": [
                        0,
                        5
                    ]
                },
                {
                    "text": "DAY12010",
                    "indices": [
                        6,
                        15
                    ]
                },
                {
                    "text": "Netherlands",
                    "indices": [
                        41,
                        53
                    ]
                }
            ],
            "symbols": [],
            "user_mentions": [],
            "urls": [
                {
                    "url": "https://t.co/uYU0ICIlnO",
                    "expanded_url": "https://twitter.com/i/web/status/927915487031328770",
                    "display_url": "twitter.com/i/web/status/9\u2026",
                    "indices": [
                        116,
                        139
                    ]
                }
            ]
        },
        "source": "<a href=\"http://twitter.com\" rel=\"nofollow\">Twitter Web Client</a>",
        "in_reply_to_status_id": null,
        "in_reply_to_status_id_str": null,
        "in_reply_to_user_id": null,
        "in_reply_to_user_id_str": null,
        "in_reply_to_screen_name": null,
        "user": {
            "id": 1978165356,
            "id_str": "1978165356",
            "name": "St\u0159edn\u00ed t\u0159\u00edda v \u010cR \ud83c\udde8\ud83c\uddff",
            "screen_name": "Stredni_trida",
            "location": "",
            "description": "Prostor vyj\u00e1d\u0159en\u00ed p\u0159\u00edslu\u0161n\u00edk\u016f st\u0159edn\u00ed vrstvy ke v\u0161emu, co je aktu\u00e1ln\u00ed, d\u0159\u00edve jen ve 140 znac\u00edch. Nen\u00ed \u010das, zn.: Dan\u011b, #EET, hl\u00e1\u0161en\u00ed ... \ud83d\ude0e",
            "url": "https://t.co/7OipNZo9Li",
            "entities": {
                "url": {
                    "urls": [
                        {
                            "url": "https://t.co/7OipNZo9Li",
                            "expanded_url": "http://www.facebook.com/pages/St%C5%99edn%C3%AD-T%C5%99%C3%ADda/1376364969272459",
                            "display_url": "facebook.com/pages/St%C5%99\u2026",
                            "indices": [
                                0,
                                23
                            ]
                        }
                    ]
                },
                "description": {
                    "urls": []
                }
            },
            "protected": false,
            "followers_count": 1992,
            "friends_count": 2019,
            "listed_count": 369,
            "created_at": "Mon Oct 21 10:10:15 +0000 2013",
            "favourites_count": 40647,
            "utc_offset": null,
            "time_zone": null,
            "geo_enabled": true,
            "verified": false,
            "statuses_count": 199269,
            "lang": "cs",
            "contributors_enabled": false,
            "is_translator": false,
            "is_translation_enabled": false,
            "profile_background_color": "ACDED6",
            "profile_background_image_url": "http://abs.twimg.com/images/themes/theme18/bg.gif",
            "profile_background_image_url_https": "https://abs.twimg.com/images/themes/theme18/bg.gif",
            "profile_background_tile": false,
            "profile_image_url": "http://pbs.twimg.com/profile_images/378800000627882949/30e1192681f27f1fea85d093777ec7d4_normal.jpeg",
            "profile_image_url_https": "https://pbs.twimg.com/profile_images/378800000627882949/30e1192681f27f1fea85d093777ec7d4_normal.jpeg",
            "profile_banner_url": "https://pbs.twimg.com/profile_banners/1978165356/1382351808",
            "profile_link_color": "3636CF",
            "profile_sidebar_border_color": "FFFFFF",
            "profile_sidebar_fill_color": "F6F6F6",
            "profile_text_color": "333333",
            "profile_use_background_image": true,
            "has_extended_profile": false,
            "default_profile": false,
            "default_profile_image": false,
            "following": false,
            "follow_request_sent": false,
            "notifications": false,
            "translator_type": "regular"
        },
        "geo": null,
        "coordinates": null,
        "place": null,
        "contributors": null,
        "is_quote_status": true,
        "quoted_status_id": 927679619901386752,
        "quoted_status_id_str": "927679619901386752",
        "quoted_status": {
            "created_at": "Mon Nov 06 23:30:31 +0000 2017",
            "id": 927679619901386752,
            "id_str": "927679619901386752",
            "text": "#MH17 #fakenews Anti aircraft cannon projectile residues found inside MH17 cockpit debris! https://t.co/tMN26bJ4R9",
            "truncated": false,
            "entities": {
                "hashtags": [
                    {
                        "text": "MH17",
                        "indices": [
                            0,
                            5
                        ]
                    },
                    {
                        "text": "fakenews",
                        "indices": [
                            6,
                            15
                        ]
                    }
                ],
                "symbols": [],
                "user_mentions": [],
                "urls": [],
                "media": [
                    {
                        "id": 927679497427652610,
                        "id_str": "927679497427652610",
                        "indices": [
                            91,
                            114
                        ],
                        "media_url": "http://pbs.twimg.com/media/DN_Hln2WkAI_61a.jpg",
                        "media_url_https": "https://pbs.twimg.com/media/DN_Hln2WkAI_61a.jpg",
                        "url": "https://t.co/tMN26bJ4R9",
                        "display_url": "pic.twitter.com/tMN26bJ4R9",
                        "expanded_url": "https://twitter.com/TSlicht/status/927679619901386752/photo/1",
                        "type": "photo",
                        "sizes": {
                            "small": {
                                "w": 680,
                                "h": 359,
                                "resize": "fit"
                            },
                            "thumb": {
                                "w": 150,
                                "h": 150,
                                "resize": "crop"
                            },
                            "medium": {
                                "w": 1124,
                                "h": 594,
                                "resize": "fit"
                            },
                            "large": {
                                "w": 1124,
                                "h": 594,
                                "resize": "fit"
                            }
                        }
                    }
                ]
            },
            "extended_entities": {
                "media": [
                    {
                        "id": 927679497427652610,
                        "id_str": "927679497427652610",
                        "indices": [
                            91,
                            114
                        ],
                        "media_url": "http://pbs.twimg.com/media/DN_Hln2WkAI_61a.jpg",
                        "media_url_https": "https://pbs.twimg.com/media/DN_Hln2WkAI_61a.jpg",
                        "url": "https://t.co/tMN26bJ4R9",
                        "display_url": "pic.twitter.com/tMN26bJ4R9",
                        "expanded_url": "https://twitter.com/TSlicht/status/927679619901386752/photo/1",
                        "type": "photo",
                        "sizes": {
                            "small": {
                                "w": 680,
                                "h": 359,
                                "resize": "fit"
                            },
                            "thumb": {
                                "w": 150,
                                "h": 150,
                                "resize": "crop"
                            },
                            "medium": {
                                "w": 1124,
                                "h": 594,
                                "resize": "fit"
                            },
                            "large": {
                                "w": 1124,
                                "h": 594,
                                "resize": "fit"
                            }
                        }
                    }
                ]
            },
            "source": "<a href=\"http://twitter.com\" rel=\"nofollow\">Twitter Web Client</a>",
            "in_reply_to_status_id": null,
            "in_reply_to_status_id_str": null,
            "in_reply_to_user_id": null,
            "in_reply_to_user_id_str": null,
            "in_reply_to_screen_name": null,
            "user": {
                "id": 2982686613,
                "id_str": "2982686613",
                "name": "Todd A. Slicht",
                "screen_name": "TSlicht",
                "location": "",
                "description": "",
                "url": null,
                "entities": {
                    "description": {
                        "urls": []
                    }
                },
                "protected": false,
                "followers_count": 239,
                "friends_count": 157,
                "listed_count": 23,
                "created_at": "Sat Jan 17 16:39:51 +0000 2015",
                "favourites_count": 68,
                "utc_offset": -28800,
                "time_zone": "Pacific Time (US & Canada)",
                "geo_enabled": false,
                "verified": false,
                "statuses_count": 10374,
                "lang": "de",
                "contributors_enabled": false,
                "is_translator": false,
                "is_translation_enabled": false,
                "profile_background_color": "C0DEED",
                "profile_background_image_url": "http://abs.twimg.com/images/themes/theme1/bg.png",
                "profile_background_image_url_https": "https://abs.twimg.com/images/themes/theme1/bg.png",
                "profile_background_tile": false,
                "profile_image_url": "http://pbs.twimg.com/profile_images/556492100867350528/TSycf-AS_normal.jpeg",
                "profile_image_url_https": "https://pbs.twimg.com/profile_images/556492100867350528/TSycf-AS_normal.jpeg",
                "profile_link_color": "1DA1F2",
                "profile_sidebar_border_color": "C0DEED",
                "profile_sidebar_fill_color": "DDEEF6",
                "profile_text_color": "333333",
                "profile_use_background_image": true,
                "has_extended_profile": false,
                "default_profile": true,
                "default_profile_image": false,
                "following": false,
                "follow_request_sent": false,
                "notifications": false,
                "translator_type": "none"
            },
            "geo": null,
            "coordinates": null,
            "place": null,
            "contributors": null,
            "is_quote_status": false,
            "retweet_count": 7,
            "favorite_count": 8,
            "favorited": false,
            "retweeted": false,
            "possibly_sensitive": false,
            "possibly_sensitive_appealable": false,
            "lang": "en"
        },
        "retweet_count": 6,
        "favorite_count": 4,
        "favorited": false,
        "retweeted": false,
        "possibly_sensitive": false,
        "possibly_sensitive_appealable": false,
        "lang": "en"
    },
    "is_quote_status": true,
    "quoted_status_id": 927679619901386752,
    "quoted_status_id_str": "927679619901386752",
    "retweet_count": 6,
    "favorite_count": 0,
    "favorited": false,
    "retweeted": false,
    "lang": "en"
}