{
    "created_at": "Sun Nov 05 07:40:53 +0000 2017",
    "id": 927078247753506817,
    "id_str": "927078247753506817",
    "text": "RT @rosbaltru: \u041d\u0438\u0434\u0435\u0440\u043b\u0430\u043d\u0434\u044b \u0437\u0430\u0441\u0435\u043a\u0440\u0435\u0442\u044f\u0442 \u043e\u0442\u0447\u0435\u0442\u044b \u043f\u043e \u0440\u0430\u0441\u0441\u043b\u0435\u0434\u043e\u0432\u0430\u043d\u0438\u044e \u0433\u0438\u0431\u0435\u043b\u0438 Boeing \u0432 \u0414\u043e\u043d\u0431\u0430\u0441\u0441\u0435 https://t.co/mPOO3frGt3 #Boeing #MH17",
    "truncated": false,
    "entities": {
        "hashtags": [
            {
                "text": "Boeing",
                "indices": [
                    110,
                    117
                ]
            },
            {
                "text": "MH17",
                "indices": [
                    118,
                    123
                ]
            }
        ],
        "symbols": [],
        "user_mentions": [
            {
                "screen_name": "rosbaltru",
                "name": "\u0420\u043e\u0441\u0431\u0430\u043b\u0442",
                "id": 57384343,
                "id_str": "57384343",
                "indices": [
                    3,
                    13
                ]
            }
        ],
        "urls": [
            {
                "url": "https://t.co/mPOO3frGt3",
                "expanded_url": "http://www.rosbalt.ru/world/2017/10/26/1656179.html",
                "display_url": "rosbalt.ru/world/2017/10/\u2026",
                "indices": [
                    86,
                    109
                ]
            }
        ]
    },
    "source": "<a href=\"http://twitter.com/download/android\" rel=\"nofollow\">Twitter for Android</a>",
    "in_reply_to_status_id": null,
    "in_reply_to_status_id_str": null,
    "in_reply_to_user_id": null,
    "in_reply_to_user_id_str": null,
    "in_reply_to_screen_name": null,
    "user": {
        "id": 456686553,
        "id_str": "456686553",
        "name": "\u0410\u043d\u0434\u0440\u0435\u0439 \u0421\u041c\u0418\u0420\u041d\u041e\u0412",
        "screen_name": "asko_info",
        "location": "\u0421\u0432\u0463\u0442\u0430\u0467 \u048e\u0263\u00e7\u10ee - \u0412\u0435\u043b\u0438\u043a\u0430\u044f \u0422\u0430\u0440\u0442\u0430\u0440\u0438\u044f",
        "description": "\u0421 \u041d\u043e\u0432\u044b\u043c 7526 \u043b\u0463\u0442\u043e\u043c \u043e\u0442 \u0421.\u041c.\u0417.\u0425.!",
        "url": null,
        "entities": {
            "description": {
                "urls": []
            }
        },
        "protected": false,
        "followers_count": 8345,
        "friends_count": 8422,
        "listed_count": 106,
        "created_at": "Fri Jan 06 14:53:59 +0000 2012",
        "favourites_count": 20100,
        "utc_offset": 10800,
        "time_zone": "Moscow",
        "geo_enabled": false,
        "verified": false,
        "statuses_count": 104517,
        "lang": "ru",
        "contributors_enabled": false,
        "is_translator": false,
        "is_translation_enabled": false,
        "profile_background_color": "EDECE9",
        "profile_background_image_url": "http://pbs.twimg.com/profile_background_images/463930510910042112/8CM93bXt.jpeg",
        "profile_background_image_url_https": "https://pbs.twimg.com/profile_background_images/463930510910042112/8CM93bXt.jpeg",
        "profile_background_tile": false,
        "profile_image_url": "http://pbs.twimg.com/profile_images/803868764471259137/0DFxGC7C_normal.jpg",
        "profile_image_url_https": "https://pbs.twimg.com/profile_images/803868764471259137/0DFxGC7C_normal.jpg",
        "profile_banner_url": "https://pbs.twimg.com/profile_banners/456686553/1479916724",
        "profile_link_color": "FA743E",
        "profile_sidebar_border_color": "FFFFFF",
        "profile_sidebar_fill_color": "DDEEF6",
        "profile_text_color": "333333",
        "profile_use_background_image": true,
        "has_extended_profile": false,
        "default_profile": false,
        "default_profile_image": false,
        "following": false,
        "follow_request_sent": false,
        "notifications": false,
        "translator_type": "none"
    },
    "geo": null,
    "coordinates": null,
    "place": null,
    "contributors": null,
    "retweeted_status": {
        "created_at": "Thu Oct 26 13:25:01 +0000 2017",
        "id": 923540974579707904,
        "id_str": "923540974579707904",
        "text": "\u041d\u0438\u0434\u0435\u0440\u043b\u0430\u043d\u0434\u044b \u0437\u0430\u0441\u0435\u043a\u0440\u0435\u0442\u044f\u0442 \u043e\u0442\u0447\u0435\u0442\u044b \u043f\u043e \u0440\u0430\u0441\u0441\u043b\u0435\u0434\u043e\u0432\u0430\u043d\u0438\u044e \u0433\u0438\u0431\u0435\u043b\u0438 Boeing \u0432 \u0414\u043e\u043d\u0431\u0430\u0441\u0441\u0435 https://t.co/mPOO3frGt3 #Boeing #MH17",
        "truncated": false,
        "entities": {
            "hashtags": [
                {
                    "text": "Boeing",
                    "indices": [
                        95,
                        102
                    ]
                },
                {
                    "text": "MH17",
                    "indices": [
                        103,
                        108
                    ]
                }
            ],
            "symbols": [],
            "user_mentions": [],
            "urls": [
                {
                    "url": "https://t.co/mPOO3frGt3",
                    "expanded_url": "http://www.rosbalt.ru/world/2017/10/26/1656179.html",
                    "display_url": "rosbalt.ru/world/2017/10/\u2026",
                    "indices": [
                        71,
                        94
                    ]
                }
            ]
        },
        "source": "<a href=\"http://www.rosbalt.ru/\" rel=\"nofollow\">rosbalt</a>",
        "in_reply_to_status_id": null,
        "in_reply_to_status_id_str": null,
        "in_reply_to_user_id": null,
        "in_reply_to_user_id_str": null,
        "in_reply_to_screen_name": null,
        "user": {
            "id": 57384343,
            "id_str": "57384343",
            "name": "\u0420\u043e\u0441\u0431\u0430\u043b\u0442",
            "screen_name": "rosbaltru",
            "location": "Russia",
            "description": "\u041e\u0444\u0438\u0446\u0438\u0430\u043b\u044c\u043d\u044b\u0439 \u0442\u0432\u0438\u0442\u0442\u0435\u0440 \u0418\u0410 \u0420\u043e\u0441\u0431\u0430\u043b\u0442",
            "url": "https://t.co/7Ox97uq7gO",
            "entities": {
                "url": {
                    "urls": [
                        {
                            "url": "https://t.co/7Ox97uq7gO",
                            "expanded_url": "http://www.rosbalt.ru/",
                            "display_url": "rosbalt.ru",
                            "indices": [
                                0,
                                23
                            ]
                        }
                    ]
                },
                "description": {
                    "urls": []
                }
            },
            "protected": false,
            "followers_count": 38559,
            "friends_count": 457,
            "listed_count": 453,
            "created_at": "Thu Jul 16 17:05:30 +0000 2009",
            "favourites_count": 1,
            "utc_offset": 14400,
            "time_zone": "Yerevan",
            "geo_enabled": false,
            "verified": false,
            "statuses_count": 147929,
            "lang": "ru",
            "contributors_enabled": false,
            "is_translator": false,
            "is_translation_enabled": false,
            "profile_background_color": "C0DEED",
            "profile_background_image_url": "http://abs.twimg.com/images/themes/theme1/bg.png",
            "profile_background_image_url_https": "https://abs.twimg.com/images/themes/theme1/bg.png",
            "profile_background_tile": false,
            "profile_image_url": "http://pbs.twimg.com/profile_images/316725774/rb160_normal.png",
            "profile_image_url_https": "https://pbs.twimg.com/profile_images/316725774/rb160_normal.png",
            "profile_banner_url": "https://pbs.twimg.com/profile_banners/57384343/1397073696",
            "profile_link_color": "1DA1F2",
            "profile_sidebar_border_color": "C0DEED",
            "profile_sidebar_fill_color": "DDEEF6",
            "profile_text_color": "333333",
            "profile_use_background_image": true,
            "has_extended_profile": false,
            "default_profile": true,
            "default_profile_image": false,
            "following": false,
            "follow_request_sent": false,
            "notifications": false,
            "translator_type": "none"
        },
        "geo": null,
        "coordinates": null,
        "place": null,
        "contributors": null,
        "is_quote_status": false,
        "retweet_count": 10,
        "favorite_count": 2,
        "favorited": false,
        "retweeted": false,
        "possibly_sensitive": false,
        "possibly_sensitive_appealable": false,
        "lang": "ru"
    },
    "is_quote_status": false,
    "retweet_count": 10,
    "favorite_count": 0,
    "favorited": false,
    "retweeted": false,
    "possibly_sensitive": false,
    "possibly_sensitive_appealable": false,
    "lang": "ru"
}