{
    "created_at": "Thu Nov 09 17:51:49 +0000 2017",
    "id": 928681544931307521,
    "id_str": "928681544931307521",
    "text": "Another one kremlin troll hiding behind the ban from hard questions about his lies.\n#MH17 https://t.co/BpI0Cj434w",
    "truncated": false,
    "entities": {
        "hashtags": [
            {
                "text": "MH17",
                "indices": [
                    84,
                    89
                ]
            }
        ],
        "symbols": [],
        "user_mentions": [],
        "urls": [],
        "media": [
            {
                "id": 928681478610923520,
                "id_str": "928681478610923520",
                "indices": [
                    90,
                    113
                ],
                "media_url": "http://pbs.twimg.com/media/DONW4moWsAAqFZ3.jpg",
                "media_url_https": "https://pbs.twimg.com/media/DONW4moWsAAqFZ3.jpg",
                "url": "https://t.co/BpI0Cj434w",
                "display_url": "pic.twitter.com/BpI0Cj434w",
                "expanded_url": "https://twitter.com/Saito_section_9/status/928681544931307521/photo/1",
                "type": "photo",
                "sizes": {
                    "small": {
                        "w": 680,
                        "h": 348,
                        "resize": "fit"
                    },
                    "thumb": {
                        "w": 150,
                        "h": 150,
                        "resize": "crop"
                    },
                    "medium": {
                        "w": 1200,
                        "h": 613,
                        "resize": "fit"
                    },
                    "large": {
                        "w": 1250,
                        "h": 639,
                        "resize": "fit"
                    }
                }
            }
        ]
    },
    "extended_entities": {
        "media": [
            {
                "id": 928681478610923520,
                "id_str": "928681478610923520",
                "indices": [
                    90,
                    113
                ],
                "media_url": "http://pbs.twimg.com/media/DONW4moWsAAqFZ3.jpg",
                "media_url_https": "https://pbs.twimg.com/media/DONW4moWsAAqFZ3.jpg",
                "url": "https://t.co/BpI0Cj434w",
                "display_url": "pic.twitter.com/BpI0Cj434w",
                "expanded_url": "https://twitter.com/Saito_section_9/status/928681544931307521/photo/1",
                "type": "photo",
                "sizes": {
                    "small": {
                        "w": 680,
                        "h": 348,
                        "resize": "fit"
                    },
                    "thumb": {
                        "w": 150,
                        "h": 150,
                        "resize": "crop"
                    },
                    "medium": {
                        "w": 1200,
                        "h": 613,
                        "resize": "fit"
                    },
                    "large": {
                        "w": 1250,
                        "h": 639,
                        "resize": "fit"
                    }
                }
            }
        ]
    },
    "source": "<a href=\"http://twitter.com\" rel=\"nofollow\">Twitter Web Client</a>",
    "in_reply_to_status_id": null,
    "in_reply_to_status_id_str": null,
    "in_reply_to_user_id": null,
    "in_reply_to_user_id_str": null,
    "in_reply_to_screen_name": null,
    "user": {
        "id": 2515011956,
        "id_str": "2515011956",
        "name": "Saito",
        "screen_name": "Saito_section_9",
        "location": "",
        "description": "",
        "url": null,
        "entities": {
            "description": {
                "urls": []
            }
        },
        "protected": false,
        "followers_count": 515,
        "friends_count": 462,
        "listed_count": 138,
        "created_at": "Thu May 22 09:49:32 +0000 2014",
        "favourites_count": 104281,
        "utc_offset": 7200,
        "time_zone": "Kyiv",
        "geo_enabled": true,
        "verified": false,
        "statuses_count": 91638,
        "lang": "en",
        "contributors_enabled": false,
        "is_translator": false,
        "is_translation_enabled": false,
        "profile_background_color": "1A1B1F",
        "profile_background_image_url": "http://pbs.twimg.com/profile_background_images/665642046011539456/bCBf8paO.jpg",
        "profile_background_image_url_https": "https://pbs.twimg.com/profile_background_images/665642046011539456/bCBf8paO.jpg",
        "profile_background_tile": true,
        "profile_image_url": "http://pbs.twimg.com/profile_images/469427579196145665/5RP4Tfnx_normal.jpeg",
        "profile_image_url_https": "https://pbs.twimg.com/profile_images/469427579196145665/5RP4Tfnx_normal.jpeg",
        "profile_banner_url": "https://pbs.twimg.com/profile_banners/2515011956/1437489686",
        "profile_link_color": "000000",
        "profile_sidebar_border_color": "000000",
        "profile_sidebar_fill_color": "000000",
        "profile_text_color": "000000",
        "profile_use_background_image": true,
        "has_extended_profile": true,
        "default_profile": false,
        "default_profile_image": false,
        "following": false,
        "follow_request_sent": false,
        "notifications": false,
        "translator_type": "none"
    },
    "geo": null,
    "coordinates": null,
    "place": null,
    "contributors": null,
    "is_quote_status": false,
    "retweet_count": 1,
    "favorite_count": 2,
    "favorited": false,
    "retweeted": false,
    "possibly_sensitive": false,
    "possibly_sensitive_appealable": false,
    "lang": "en"
}