{
    "created_at": "Fri Nov 10 09:58:18 +0000 2017",
    "id": 928924769709445121,
    "id_str": "928924769709445121",
    "text": "\u041e\u043b\u0435\u0433 \u0412\u043e\u043b\u043e\u0448\u0438\u043d: \u0420\u0443\u043c\u044b\u043d\u0438\u044f \u043f\u043e\u043e\u0449\u0440\u044f\u0435\u0442 \u0441\u0435\u043f\u0430\u0440\u0430\u0442\u0438\u0437\u043c\nhttps://t.co/CtyylIMwNk",
    "truncated": false,
    "entities": {
        "hashtags": [],
        "symbols": [],
        "user_mentions": [],
        "urls": [
            {
                "url": "https://t.co/CtyylIMwNk",
                "expanded_url": "http://ukraina.ru/sn/20171110/1019500957.html?utm_source=twitter.com&utm_medium=social&utm_campaign=oleg-voloshin-rumyniya-pooschryaet-separatiz&utm_content=12270117",
                "display_url": "ukraina.ru/sn/20171110/10\u2026",
                "indices": [
                    42,
                    65
                ]
            }
        ]
    },
    "source": "<a href=\"http://amplifr.com\" rel=\"nofollow\">Amplifr</a>",
    "in_reply_to_status_id": null,
    "in_reply_to_status_id_str": null,
    "in_reply_to_user_id": null,
    "in_reply_to_user_id_str": null,
    "in_reply_to_screen_name": null,
    "user": {
        "id": 2561722728,
        "id_str": "2561722728",
        "name": "\u0423\u043a\u0440\u0430\u0438\u043d\u0430 \u2022 \u0420\u0423",
        "screen_name": "ukraina_ru",
        "location": "vk.com/ukraina_ru_official",
        "description": "\u0423\u043a\u0440\u0430\u0438\u043d\u0430.\u0420\u0443 \u2014 \u044d\u0442\u043e \u0430\u043b\u044c\u0442\u0435\u0440\u043d\u0430\u0442\u0438\u0432\u043d\u0430\u044f \u0442\u043e\u0447\u043a\u0430 \u0437\u0440\u0435\u043d\u0438\u044f \u043e \u0441\u0438\u0442\u0443\u0430\u0446\u0438\u0438 \u043d\u0430 \u0423\u043a\u0440\u0430\u0438\u043d\u0435,  \u043a\u043e\u0442\u043e\u0440\u0430\u044f \u043a\u0430\u0440\u0434\u0438\u043d\u0430\u043b\u044c\u043d\u043e \u043e\u0442\u043b\u0438\u0447\u0430\u0435\u0442\u0441\u044f \u043e\u0442 \u0442\u043e\u0439, \u043a\u043e\u0442\u043e\u0440\u0430\u044f \u0434\u043e\u043c\u0438\u043d\u0438\u0440\u0443\u0435\u0442 \u0432 \u0443\u043a\u0440\u0430\u0438\u043d\u0441\u043a\u0438\u0445 \u0438  \u0437\u0430\u043f\u0430\u0434\u043d\u044b\u0445 \u0421\u041c\u0418",
        "url": "http://t.co/iKfLkHuOqu",
        "entities": {
            "url": {
                "urls": [
                    {
                        "url": "http://t.co/iKfLkHuOqu",
                        "expanded_url": "http://www.ukraina.ru/",
                        "display_url": "ukraina.ru",
                        "indices": [
                            0,
                            22
                        ]
                    }
                ]
            },
            "description": {
                "urls": []
            }
        },
        "protected": false,
        "followers_count": 20017,
        "friends_count": 7664,
        "listed_count": 166,
        "created_at": "Wed Jun 11 17:14:34 +0000 2014",
        "favourites_count": 72,
        "utc_offset": 10800,
        "time_zone": "Baghdad",
        "geo_enabled": false,
        "verified": false,
        "statuses_count": 40296,
        "lang": "ru",
        "contributors_enabled": false,
        "is_translator": false,
        "is_translation_enabled": false,
        "profile_background_color": "C0DEED",
        "profile_background_image_url": "http://abs.twimg.com/images/themes/theme1/bg.png",
        "profile_background_image_url_https": "https://abs.twimg.com/images/themes/theme1/bg.png",
        "profile_background_tile": false,
        "profile_image_url": "http://pbs.twimg.com/profile_images/937623208970391552/61aWMlDy_normal.jpg",
        "profile_image_url_https": "https://pbs.twimg.com/profile_images/937623208970391552/61aWMlDy_normal.jpg",
        "profile_banner_url": "https://pbs.twimg.com/profile_banners/2561722728/1512381783",
        "profile_link_color": "1DA1F2",
        "profile_sidebar_border_color": "C0DEED",
        "profile_sidebar_fill_color": "DDEEF6",
        "profile_text_color": "333333",
        "profile_use_background_image": true,
        "has_extended_profile": false,
        "default_profile": true,
        "default_profile_image": false,
        "following": false,
        "follow_request_sent": false,
        "notifications": false,
        "translator_type": "none"
    },
    "geo": null,
    "coordinates": null,
    "place": null,
    "contributors": null,
    "is_quote_status": false,
    "retweet_count": 0,
    "favorite_count": 0,
    "favorited": false,
    "retweeted": false,
    "possibly_sensitive": false,
    "possibly_sensitive_appealable": false,
    "lang": "ru"
}