{
    "created_at": "Thu Nov 09 20:05:47 +0000 2017",
    "id": 928715262613958656,
    "id_str": "928715262613958656",
    "text": "@roarbro @adrianadastra @MJoyce2244 @ASpinOfTheWheel @NOckelmann @Saito_section_9 @AmishJihadi I presented an alter\u2026 https://t.co/dKgOUzF4LU",
    "truncated": true,
    "entities": {
        "hashtags": [],
        "symbols": [],
        "user_mentions": [
            {
                "screen_name": "roarbro",
                "name": "roarbro",
                "id": 391702208,
                "id_str": "391702208",
                "indices": [
                    0,
                    8
                ]
            },
            {
                "screen_name": "adrianadastra",
                "name": "Adrian Adastra",
                "id": 93015599,
                "id_str": "93015599",
                "indices": [
                    9,
                    23
                ]
            },
            {
                "screen_name": "MJoyce2244",
                "name": "Michael Joyce",
                "id": 460705232,
                "id_str": "460705232",
                "indices": [
                    24,
                    35
                ]
            },
            {
                "screen_name": "ASpinOfTheWheel",
                "name": "K Johnson",
                "id": 1670939658,
                "id_str": "1670939658",
                "indices": [
                    36,
                    52
                ]
            },
            {
                "screen_name": "NOckelmann",
                "name": "Niels Ockelmann \ud83d\udc18",
                "id": 2347485195,
                "id_str": "2347485195",
                "indices": [
                    53,
                    64
                ]
            },
            {
                "screen_name": "Saito_section_9",
                "name": "Saito",
                "id": 2515011956,
                "id_str": "2515011956",
                "indices": [
                    65,
                    81
                ]
            },
            {
                "screen_name": "AmishJihadi",
                "name": "AmishJihadi",
                "id": 3850608198,
                "id_str": "3850608198",
                "indices": [
                    82,
                    94
                ]
            }
        ],
        "urls": [
            {
                "url": "https://t.co/dKgOUzF4LU",
                "expanded_url": "https://twitter.com/i/web/status/928715262613958656",
                "display_url": "twitter.com/i/web/status/9\u2026",
                "indices": [
                    117,
                    140
                ]
            }
        ]
    },
    "source": "<a href=\"http://twitter.com\" rel=\"nofollow\">Twitter Web Client</a>",
    "in_reply_to_status_id": 928591887669301248,
    "in_reply_to_status_id_str": "928591887669301248",
    "in_reply_to_user_id": 391702208,
    "in_reply_to_user_id_str": "391702208",
    "in_reply_to_screen_name": "roarbro",
    "user": {
        "id": 2428920877,
        "id_str": "2428920877",
        "name": "Clement Townsend",
        "screen_name": "CT4444",
        "location": "Somerset, UK",
        "description": "Retired Strategic Planner looking beyond headlines for balanced opinions & facts. I follow those with similar interests, irrespective of their views",
        "url": null,
        "entities": {
            "description": {
                "urls": []
            }
        },
        "protected": false,
        "followers_count": 1450,
        "friends_count": 419,
        "listed_count": 76,
        "created_at": "Sat Apr 05 13:31:22 +0000 2014",
        "favourites_count": 4819,
        "utc_offset": 0,
        "time_zone": "London",
        "geo_enabled": true,
        "verified": false,
        "statuses_count": 53729,
        "lang": "en-gb",
        "contributors_enabled": false,
        "is_translator": false,
        "is_translation_enabled": false,
        "profile_background_color": "C0DEED",
        "profile_background_image_url": "http://abs.twimg.com/images/themes/theme1/bg.png",
        "profile_background_image_url_https": "https://abs.twimg.com/images/themes/theme1/bg.png",
        "profile_background_tile": false,
        "profile_image_url": "http://pbs.twimg.com/profile_images/460745160205152256/r8w2faOW_normal.jpeg",
        "profile_image_url_https": "https://pbs.twimg.com/profile_images/460745160205152256/r8w2faOW_normal.jpeg",
        "profile_link_color": "1DA1F2",
        "profile_sidebar_border_color": "C0DEED",
        "profile_sidebar_fill_color": "DDEEF6",
        "profile_text_color": "333333",
        "profile_use_background_image": true,
        "has_extended_profile": false,
        "default_profile": true,
        "default_profile_image": false,
        "following": false,
        "follow_request_sent": false,
        "notifications": false,
        "translator_type": "regular"
    },
    "geo": null,
    "coordinates": null,
    "place": null,
    "contributors": null,
    "is_quote_status": false,
    "retweet_count": 1,
    "favorite_count": 2,
    "favorited": false,
    "retweeted": false,
    "possibly_sensitive": false,
    "possibly_sensitive_appealable": false,
    "lang": "en"
}