{
    "created_at": "Tue Nov 07 19:54:04 +0000 2017",
    "id": 927987535724335104,
    "id_str": "927987535724335104",
    "text": "#\u0420\u043e\u0441\u0441\u0438\u044f \u043e\u0442\u043a\u0430\u0437\u0430\u043b\u0430\u0441\u044c \u0432\u044b\u0434\u0430\u0442\u044c \u0423\u043a\u0440\u0430\u0438\u043d\u0435 \u0431\u044b\u0432\u0448\u0435\u0433\u043e \u0440\u0443\u043a\u043e\u0432\u043e\u0434\u0438\u0442\u0435\u043b\u044f \u043a\u0438\u0435\u0432\u0441\u043a\u043e\u0433\u043e \u00ab#\u0411\u0435\u0440\u043a\u0443\u0442'\u0430\u00bb https://t.co/iT4yNE5A3c\u2026 https://t.co/9f4A0KTaMp",
    "truncated": true,
    "entities": {
        "hashtags": [
            {
                "text": "\u0420\u043e\u0441\u0441\u0438\u044f",
                "indices": [
                    0,
                    7
                ]
            },
            {
                "text": "\u0411\u0435\u0440\u043a\u0443\u0442",
                "indices": [
                    66,
                    73
                ]
            }
        ],
        "symbols": [],
        "user_mentions": [],
        "urls": [
            {
                "url": "https://t.co/iT4yNE5A3c",
                "expanded_url": "https://lenta.ru/news/2017/11/07/berkut/?utm_source=lentatw&utm_medium=social",
                "display_url": "lenta.ru/news/2017/11/0\u2026",
                "indices": [
                    77,
                    100
                ]
            },
            {
                "url": "https://t.co/9f4A0KTaMp",
                "expanded_url": "https://twitter.com/i/web/status/927987535724335104",
                "display_url": "twitter.com/i/web/status/9\u2026",
                "indices": [
                    102,
                    125
                ]
            }
        ]
    },
    "source": "<a href=\"http://twitter.com\" rel=\"nofollow\">Twitter Web Client</a>",
    "in_reply_to_status_id": null,
    "in_reply_to_status_id_str": null,
    "in_reply_to_user_id": null,
    "in_reply_to_user_id_str": null,
    "in_reply_to_screen_name": null,
    "user": {
        "id": 1069426902,
        "id_str": "1069426902",
        "name": "Vladimir Pavelko",
        "screen_name": "b_obraz_yur",
        "location": "",
        "description": "\u0414\u0430\u043d\u043d\u044b\u0439 \u0431\u043b\u043e\u0433, \u043d\u0435 \u044f\u0432\u043b\u044f\u0435\u0442\u0441\u044f \u0421\u041c\u0418, \u043e\u0441\u043d\u043e\u0432\u0430\u043d \u043d\u0430 \u043d\u043e\u0432\u043e\u0441\u0442\u043d\u044b\u0445 \u0437\u0430\u0433\u043e\u043b\u043e\u0432\u043a\u0430\u0445 \u0438 \u043f\u0440\u0435\u0434\u043d\u0430\u0437\u043d\u0430\u0447\u0435\u043d \u0434\u043b\u044f \u0441\u0432\u043e\u0431\u043e\u0434\u043d\u043e\u0433\u043e \u0432\u044b\u0441\u043a\u0430\u0437\u044b\u0432\u0430\u043d\u0438\u044f \u043c\u044b\u0441\u043b\u0435\u0439 \u0430\u0432\u0442\u043e\u0440\u0430. \u041f\u043e\u0441\u0435\u0449\u0435\u043d\u0438\u0435 \u0431\u043b\u043e\u0433\u0430 \u044d\u0442\u043e \u0412\u0430\u0448\u0435 \u0440\u0435\u0448\u0435\u043d\u0438\u0435.",
        "url": null,
        "entities": {
            "description": {
                "urls": []
            }
        },
        "protected": false,
        "followers_count": 1984,
        "friends_count": 2031,
        "listed_count": 35,
        "created_at": "Mon Jan 07 23:19:36 +0000 2013",
        "favourites_count": 2087,
        "utc_offset": null,
        "time_zone": null,
        "geo_enabled": false,
        "verified": false,
        "statuses_count": 96948,
        "lang": "ru",
        "contributors_enabled": false,
        "is_translator": false,
        "is_translation_enabled": false,
        "profile_background_color": "106E17",
        "profile_background_image_url": "http://pbs.twimg.com/profile_background_images/461292403232501761/X1CyKxeU.jpeg",
        "profile_background_image_url_https": "https://pbs.twimg.com/profile_background_images/461292403232501761/X1CyKxeU.jpeg",
        "profile_background_tile": true,
        "profile_image_url": "http://pbs.twimg.com/profile_images/860948669465546752/qmBiF7p6_normal.jpg",
        "profile_image_url_https": "https://pbs.twimg.com/profile_images/860948669465546752/qmBiF7p6_normal.jpg",
        "profile_banner_url": "https://pbs.twimg.com/profile_banners/1069426902/1398912790",
        "profile_link_color": "B322BD",
        "profile_sidebar_border_color": "FFFFFF",
        "profile_sidebar_fill_color": "EADEAA",
        "profile_text_color": "333333",
        "profile_use_background_image": true,
        "has_extended_profile": false,
        "default_profile": false,
        "default_profile_image": false,
        "following": false,
        "follow_request_sent": false,
        "notifications": false,
        "translator_type": "regular"
    },
    "geo": null,
    "coordinates": null,
    "place": null,
    "contributors": null,
    "is_quote_status": true,
    "quoted_status_id": 927986921795670016,
    "quoted_status_id_str": "927986921795670016",
    "quoted_status": {
        "created_at": "Tue Nov 07 19:51:37 +0000 2017",
        "id": 927986921795670016,
        "id_str": "927986921795670016",
        "text": "\u0420\u043e\u0441\u0441\u0438\u044f \u043e\u0442\u043a\u0430\u0437\u0430\u043b\u0430\u0441\u044c \u0432\u044b\u0434\u0430\u0442\u044c \u0423\u043a\u0440\u0430\u0438\u043d\u0435 \u0431\u044b\u0432\u0448\u0435\u0433\u043e \u0440\u0443\u043a\u043e\u0432\u043e\u0434\u0438\u0442\u0435\u043b\u044f \u043a\u0438\u0435\u0432\u0441\u043a\u043e\u0433\u043e \u00ab\u0411\u0435\u0440\u043a\u0443\u0442\u0430\u00bb https://t.co/kXj6OAzq4l https://t.co/figVESjqlU",
        "truncated": false,
        "entities": {
            "hashtags": [],
            "symbols": [],
            "user_mentions": [],
            "urls": [
                {
                    "url": "https://t.co/kXj6OAzq4l",
                    "expanded_url": "https://lenta.ru/news/2017/11/07/berkut/?utm_source=lentatw&utm_medium=social",
                    "display_url": "lenta.ru/news/2017/11/0\u2026",
                    "indices": [
                        74,
                        97
                    ]
                }
            ],
            "media": [
                {
                    "id": 927986919421759489,
                    "id_str": "927986919421759489",
                    "indices": [
                        98,
                        121
                    ],
                    "media_url": "http://pbs.twimg.com/media/DODfL8BX0AEULkh.jpg",
                    "media_url_https": "https://pbs.twimg.com/media/DODfL8BX0AEULkh.jpg",
                    "url": "https://t.co/figVESjqlU",
                    "display_url": "pic.twitter.com/figVESjqlU",
                    "expanded_url": "https://twitter.com/lentaruofficial/status/927986921795670016/photo/1",
                    "type": "photo",
                    "sizes": {
                        "thumb": {
                            "w": 150,
                            "h": 150,
                            "resize": "crop"
                        },
                        "medium": {
                            "w": 654,
                            "h": 666,
                            "resize": "fit"
                        },
                        "small": {
                            "w": 654,
                            "h": 666,
                            "resize": "fit"
                        },
                        "large": {
                            "w": 654,
                            "h": 666,
                            "resize": "fit"
                        }
                    }
                }
            ]
        },
        "extended_entities": {
            "media": [
                {
                    "id": 927986919421759489,
                    "id_str": "927986919421759489",
                    "indices": [
                        98,
                        121
                    ],
                    "media_url": "http://pbs.twimg.com/media/DODfL8BX0AEULkh.jpg",
                    "media_url_https": "https://pbs.twimg.com/media/DODfL8BX0AEULkh.jpg",
                    "url": "https://t.co/figVESjqlU",
                    "display_url": "pic.twitter.com/figVESjqlU",
                    "expanded_url": "https://twitter.com/lentaruofficial/status/927986921795670016/photo/1",
                    "type": "photo",
                    "sizes": {
                        "thumb": {
                            "w": 150,
                            "h": 150,
                            "resize": "crop"
                        },
                        "medium": {
                            "w": 654,
                            "h": 666,
                            "resize": "fit"
                        },
                        "small": {
                            "w": 654,
                            "h": 666,
                            "resize": "fit"
                        },
                        "large": {
                            "w": 654,
                            "h": 666,
                            "resize": "fit"
                        }
                    }
                }
            ]
        },
        "source": "<a href=\"http://amplifr.com\" rel=\"nofollow\">Amplifr</a>",
        "in_reply_to_status_id": null,
        "in_reply_to_status_id_str": null,
        "in_reply_to_user_id": null,
        "in_reply_to_user_id_str": null,
        "in_reply_to_screen_name": null,
        "user": {
            "id": 228661749,
            "id_str": "228661749",
            "name": "\u041b\u0435\u043d\u0442\u0430.\u0440\u0443",
            "screen_name": "lentaruofficial",
            "location": "Moscow, Russia",
            "description": "\u041d\u043e\u0432\u043e\u0441\u0442\u0438 \u0434\u043d\u044f",
            "url": "http://t.co/cVnFo6sB56",
            "entities": {
                "url": {
                    "urls": [
                        {
                            "url": "http://t.co/cVnFo6sB56",
                            "expanded_url": "http://lenta.ru",
                            "display_url": "lenta.ru",
                            "indices": [
                                0,
                                22
                            ]
                        }
                    ]
                },
                "description": {
                    "urls": []
                }
            },
            "protected": false,
            "followers_count": 1252859,
            "friends_count": 318,
            "listed_count": 4679,
            "created_at": "Mon Dec 20 09:59:57 +0000 2010",
            "favourites_count": 109,
            "utc_offset": 10800,
            "time_zone": "Minsk",
            "geo_enabled": true,
            "verified": true,
            "statuses_count": 249444,
            "lang": "en",
            "contributors_enabled": false,
            "is_translator": false,
            "is_translation_enabled": false,
            "profile_background_color": "131516",
            "profile_background_image_url": "http://pbs.twimg.com/profile_background_images/471603395543830528/sjX7YAKL.png",
            "profile_background_image_url_https": "https://pbs.twimg.com/profile_background_images/471603395543830528/sjX7YAKL.png",
            "profile_background_tile": true,
            "profile_image_url": "http://pbs.twimg.com/profile_images/572780401785978880/2-KeOaOc_normal.jpeg",
            "profile_image_url_https": "https://pbs.twimg.com/profile_images/572780401785978880/2-KeOaOc_normal.jpeg",
            "profile_banner_url": "https://pbs.twimg.com/profile_banners/228661749/1516871056",
            "profile_link_color": "1B95E0",
            "profile_sidebar_border_color": "FFFFFF",
            "profile_sidebar_fill_color": "EFEFEF",
            "profile_text_color": "333333",
            "profile_use_background_image": true,
            "has_extended_profile": false,
            "default_profile": false,
            "default_profile_image": false,
            "following": false,
            "follow_request_sent": false,
            "notifications": false,
            "translator_type": "none"
        },
        "geo": null,
        "coordinates": null,
        "place": null,
        "contributors": null,
        "is_quote_status": false,
        "retweet_count": 17,
        "favorite_count": 52,
        "favorited": false,
        "retweeted": false,
        "possibly_sensitive": false,
        "possibly_sensitive_appealable": false,
        "lang": "ru"
    },
    "retweet_count": 1,
    "favorite_count": 1,
    "favorited": false,
    "retweeted": false,
    "possibly_sensitive": false,
    "possibly_sensitive_appealable": false,
    "lang": "ru"
}