{
    "created_at": "Thu Nov 09 17:05:48 +0000 2017",
    "id": 928669965141626886,
    "id_str": "928669965141626886",
    "text": "@Saito_section_9 @StephanHaans @TamrikoT Ukrainians DELIBERATELY shot down #MH17 it was no accident!\nhttps://t.co/SG2oxPPMxQ",
    "truncated": false,
    "entities": {
        "hashtags": [
            {
                "text": "MH17",
                "indices": [
                    75,
                    80
                ]
            }
        ],
        "symbols": [],
        "user_mentions": [
            {
                "screen_name": "Saito_section_9",
                "name": "Saito",
                "id": 2515011956,
                "id_str": "2515011956",
                "indices": [
                    0,
                    16
                ]
            },
            {
                "screen_name": "StephanHaans",
                "name": "Stephan",
                "id": 1372594580,
                "id_str": "1372594580",
                "indices": [
                    17,
                    30
                ]
            },
            {
                "screen_name": "TamrikoT",
                "name": "Springprincess",
                "id": 306656413,
                "id_str": "306656413",
                "indices": [
                    31,
                    40
                ]
            }
        ],
        "urls": [
            {
                "url": "https://t.co/SG2oxPPMxQ",
                "expanded_url": "http://themillenniumreport.com/2014/12/ukraine-pilot-reveals-kiev-plane-shot-down-mh-17/",
                "display_url": "themillenniumreport.com/2014/12/ukrain\u2026",
                "indices": [
                    101,
                    124
                ]
            }
        ]
    },
    "source": "<a href=\"http://twitter.com\" rel=\"nofollow\">Twitter Web Client</a>",
    "in_reply_to_status_id": 928661545055346688,
    "in_reply_to_status_id_str": "928661545055346688",
    "in_reply_to_user_id": 2515011956,
    "in_reply_to_user_id_str": "2515011956",
    "in_reply_to_screen_name": "Saito_section_9",
    "user": {
        "id": 324572101,
        "id_str": "324572101",
        "name": "Tony Rossini",
        "screen_name": "Redbaron9495",
        "location": "UK",
        "description": "\u201cCitizens of the democratic societies should undertake a course of intellectual self-defence to protect themselves from manipulation and control\"",
        "url": null,
        "entities": {
            "description": {
                "urls": []
            }
        },
        "protected": false,
        "followers_count": 1327,
        "friends_count": 168,
        "listed_count": 55,
        "created_at": "Sun Jun 26 21:27:11 +0000 2011",
        "favourites_count": 108955,
        "utc_offset": 0,
        "time_zone": "London",
        "geo_enabled": false,
        "verified": false,
        "statuses_count": 23188,
        "lang": "en",
        "contributors_enabled": false,
        "is_translator": false,
        "is_translation_enabled": false,
        "profile_background_color": "000000",
        "profile_background_image_url": "http://pbs.twimg.com/profile_background_images/554336397436264448/kwAUnf8o.jpeg",
        "profile_background_image_url_https": "https://pbs.twimg.com/profile_background_images/554336397436264448/kwAUnf8o.jpeg",
        "profile_background_tile": false,
        "profile_image_url": "http://pbs.twimg.com/profile_images/571422535448834048/CKVfvxfF_normal.png",
        "profile_image_url_https": "https://pbs.twimg.com/profile_images/571422535448834048/CKVfvxfF_normal.png",
        "profile_banner_url": "https://pbs.twimg.com/profile_banners/324572101/1420998522",
        "profile_link_color": "3B94D9",
        "profile_sidebar_border_color": "000000",
        "profile_sidebar_fill_color": "000000",
        "profile_text_color": "000000",
        "profile_use_background_image": true,
        "has_extended_profile": false,
        "default_profile": false,
        "default_profile_image": false,
        "following": false,
        "follow_request_sent": false,
        "notifications": false,
        "translator_type": "regular"
    },
    "geo": null,
    "coordinates": null,
    "place": null,
    "contributors": null,
    "is_quote_status": false,
    "retweet_count": 0,
    "favorite_count": 1,
    "favorited": false,
    "retweeted": false,
    "possibly_sensitive": false,
    "possibly_sensitive_appealable": false,
    "lang": "en"
}