{
    "created_at": "Sat Nov 04 16:47:01 +0000 2017",
    "id": 926853301982892032,
    "id_str": "926853301982892032",
    "text": "\u0421\u0443\u0434\u044f \u043f\u043e \u043d\u044b\u043d\u0435\u0448\u043d\u0435\u043c\u0443 \u0441\u043e\u0441\u0442\u043e\u044f\u043d\u0438\u044e \u0431\u044e\u0434\u0436\u0435\u0442\u0430 \u0423\u043a\u0440\u0430\u0438\u043d\u044b, #\u042f\u043d\u0443\u043a\u043e\u0432\u0438\u0447 \u043d\u0435 \u0432\u043e\u0440\u043e\u0432\u0430\u043b, \u0430 \u0435\u0449\u0435 \u0438 \u0438\u0437 \u0441\u0432\u043e\u0438\u0445 \u0434\u043e\u0431\u0430\u0432\u043b\u044f\u043b. https://t.co/T6sLRqtXpy",
    "truncated": false,
    "entities": {
        "hashtags": [
            {
                "text": "\u042f\u043d\u0443\u043a\u043e\u0432\u0438\u0447",
                "indices": [
                    45,
                    54
                ]
            }
        ],
        "symbols": [],
        "user_mentions": [],
        "urls": [],
        "media": [
            {
                "id": 926853298006712320,
                "id_str": "926853298006712320",
                "indices": [
                    94,
                    117
                ],
                "media_url": "http://pbs.twimg.com/media/DNzYKfKW4AATDnJ.jpg",
                "media_url_https": "https://pbs.twimg.com/media/DNzYKfKW4AATDnJ.jpg",
                "url": "https://t.co/T6sLRqtXpy",
                "display_url": "pic.twitter.com/T6sLRqtXpy",
                "expanded_url": "https://twitter.com/hanenkoaleks/status/926853301982892032/photo/1",
                "type": "photo",
                "sizes": {
                    "medium": {
                        "w": 1024,
                        "h": 683,
                        "resize": "fit"
                    },
                    "thumb": {
                        "w": 150,
                        "h": 150,
                        "resize": "crop"
                    },
                    "large": {
                        "w": 1024,
                        "h": 683,
                        "resize": "fit"
                    },
                    "small": {
                        "w": 680,
                        "h": 454,
                        "resize": "fit"
                    }
                }
            }
        ]
    },
    "extended_entities": {
        "media": [
            {
                "id": 926853298006712320,
                "id_str": "926853298006712320",
                "indices": [
                    94,
                    117
                ],
                "media_url": "http://pbs.twimg.com/media/DNzYKfKW4AATDnJ.jpg",
                "media_url_https": "https://pbs.twimg.com/media/DNzYKfKW4AATDnJ.jpg",
                "url": "https://t.co/T6sLRqtXpy",
                "display_url": "pic.twitter.com/T6sLRqtXpy",
                "expanded_url": "https://twitter.com/hanenkoaleks/status/926853301982892032/photo/1",
                "type": "photo",
                "sizes": {
                    "medium": {
                        "w": 1024,
                        "h": 683,
                        "resize": "fit"
                    },
                    "thumb": {
                        "w": 150,
                        "h": 150,
                        "resize": "crop"
                    },
                    "large": {
                        "w": 1024,
                        "h": 683,
                        "resize": "fit"
                    },
                    "small": {
                        "w": 680,
                        "h": 454,
                        "resize": "fit"
                    }
                }
            }
        ]
    },
    "source": "<a href=\"http://best-roof.ru/\" rel=\"nofollow\">Hanenko application</a>",
    "in_reply_to_status_id": null,
    "in_reply_to_status_id_str": null,
    "in_reply_to_user_id": null,
    "in_reply_to_user_id_str": null,
    "in_reply_to_screen_name": null,
    "user": {
        "id": 4821487246,
        "id_str": "4821487246",
        "name": "\u0410\u043b\u0435\u043a\u0441\u0430\u043d\u0434\u0440 \u0425\u0430\u043d\u0435\u043d\u043a\u043e",
        "screen_name": "hanenkoaleks",
        "location": "\u041a\u0438\u0457\u0432",
        "description": "\u0416\u0438\u0432\u0443, \u043d\u0456\u043a\u043e\u0433\u043e \u043d\u0435 \u0447\u0456\u043f\u0430\u044e. \u0425\u043e\u0447\u0443 \u0437\u0440\u043e\u0437\u0443\u043c\u0456\u0442\u0438, \u0449\u043e \u0432\u0456\u0434\u0431\u0443\u0432\u0430\u0454\u0442\u044c\u0441\u044f. \u041d\u0435 \u0440\u043e\u0437\u0443\u043c\u0456\u044e.",
        "url": null,
        "entities": {
            "description": {
                "urls": []
            }
        },
        "protected": false,
        "followers_count": 2154,
        "friends_count": 422,
        "listed_count": 13,
        "created_at": "Sun Jan 17 16:15:33 +0000 2016",
        "favourites_count": 9,
        "utc_offset": 7200,
        "time_zone": "Kyiv",
        "geo_enabled": false,
        "verified": false,
        "statuses_count": 26123,
        "lang": "uk",
        "contributors_enabled": false,
        "is_translator": false,
        "is_translation_enabled": false,
        "profile_background_color": "C6E2EE",
        "profile_background_image_url": "http://abs.twimg.com/images/themes/theme2/bg.gif",
        "profile_background_image_url_https": "https://abs.twimg.com/images/themes/theme2/bg.gif",
        "profile_background_tile": false,
        "profile_image_url": "http://pbs.twimg.com/profile_images/688759602985463808/X66MDoR6_normal.jpg",
        "profile_image_url_https": "https://pbs.twimg.com/profile_images/688759602985463808/X66MDoR6_normal.jpg",
        "profile_banner_url": "https://pbs.twimg.com/profile_banners/4821487246/1453048124",
        "profile_link_color": "1F98C7",
        "profile_sidebar_border_color": "C6E2EE",
        "profile_sidebar_fill_color": "DAECF4",
        "profile_text_color": "663B12",
        "profile_use_background_image": true,
        "has_extended_profile": true,
        "default_profile": false,
        "default_profile_image": false,
        "following": false,
        "follow_request_sent": false,
        "notifications": false,
        "translator_type": "none"
    },
    "geo": null,
    "coordinates": null,
    "place": null,
    "contributors": null,
    "is_quote_status": false,
    "retweet_count": 0,
    "favorite_count": 0,
    "favorited": false,
    "retweeted": false,
    "possibly_sensitive": false,
    "possibly_sensitive_appealable": false,
    "lang": "ru"
}