{
    "created_at": "Thu Nov 09 17:27:49 +0000 2017",
    "id": 928675506593116160,
    "id_str": "928675506593116160",
    "text": "RT @HotlineDNR: \u041c\u0430\u0439\u043e\u0440 #\u0412\u0421\u0423 - \u0441\u0432\u0438\u0434\u0435\u0442\u0435\u043b\u044c \u0443\u0434\u0430\u0440\u0430 #\u0417\u0420\u041a ...\n\n#\u0411\u043e\u0438\u043d\u0433 #\u0411\u0423\u041a #\u0412\u0421\u0423 #\u0413\u0435\u043d\u043e\u0446\u0438\u0434 #\u0417\u0420\u041a #\u041a\u0438\u0435\u0432 #\u041f\u0412\u041e #\u0422\u0435\u0440\u0430\u043a\u0442\n\n\u0427\u0438\u0442\u0430\u0442\u044c \u043f\u043e\u0434\u0440\u043e\u0431\u043d\u043e: https://t.co/89A\u2026",
    "truncated": false,
    "entities": {
        "hashtags": [
            {
                "text": "\u0412\u0421\u0423",
                "indices": [
                    22,
                    26
                ]
            },
            {
                "text": "\u0417\u0420\u041a",
                "indices": [
                    45,
                    49
                ]
            },
            {
                "text": "\u0411\u043e\u0438\u043d\u0433",
                "indices": [
                    55,
                    61
                ]
            },
            {
                "text": "\u0411\u0423\u041a",
                "indices": [
                    62,
                    66
                ]
            },
            {
                "text": "\u0412\u0421\u0423",
                "indices": [
                    67,
                    71
                ]
            },
            {
                "text": "\u0413\u0435\u043d\u043e\u0446\u0438\u0434",
                "indices": [
                    72,
                    80
                ]
            },
            {
                "text": "\u0417\u0420\u041a",
                "indices": [
                    81,
                    85
                ]
            },
            {
                "text": "\u041a\u0438\u0435\u0432",
                "indices": [
                    86,
                    91
                ]
            },
            {
                "text": "\u041f\u0412\u041e",
                "indices": [
                    92,
                    96
                ]
            },
            {
                "text": "\u0422\u0435\u0440\u0430\u043a\u0442",
                "indices": [
                    97,
                    104
                ]
            }
        ],
        "symbols": [],
        "user_mentions": [
            {
                "screen_name": "HotlineDNR",
                "name": "\u0413\u043e\u0440\u044f\u0447\u0430\u044f \u043b\u0438\u043d\u0438\u044f \u0414\u041d\u0420",
                "id": 2974299076,
                "id_str": "2974299076",
                "indices": [
                    3,
                    14
                ]
            }
        ],
        "urls": []
    },
    "source": "<a href=\"http://twitter.com/download/android\" rel=\"nofollow\">Twitter for Android</a>",
    "in_reply_to_status_id": null,
    "in_reply_to_status_id_str": null,
    "in_reply_to_user_id": null,
    "in_reply_to_user_id_str": null,
    "in_reply_to_screen_name": null,
    "user": {
        "id": 456686553,
        "id_str": "456686553",
        "name": "\u0410\u043d\u0434\u0440\u0435\u0439 \u0421\u041c\u0418\u0420\u041d\u041e\u0412",
        "screen_name": "asko_info",
        "location": "\u0421\u0432\u0463\u0442\u0430\u0467 \u048e\u0263\u00e7\u10ee - \u0412\u0435\u043b\u0438\u043a\u0430\u044f \u0422\u0430\u0440\u0442\u0430\u0440\u0438\u044f",
        "description": "\u0421 \u041d\u043e\u0432\u044b\u043c 7526 \u043b\u0463\u0442\u043e\u043c \u043e\u0442 \u0421.\u041c.\u0417.\u0425.!",
        "url": null,
        "entities": {
            "description": {
                "urls": []
            }
        },
        "protected": false,
        "followers_count": 8345,
        "friends_count": 8422,
        "listed_count": 106,
        "created_at": "Fri Jan 06 14:53:59 +0000 2012",
        "favourites_count": 20100,
        "utc_offset": 10800,
        "time_zone": "Moscow",
        "geo_enabled": false,
        "verified": false,
        "statuses_count": 104517,
        "lang": "ru",
        "contributors_enabled": false,
        "is_translator": false,
        "is_translation_enabled": false,
        "profile_background_color": "EDECE9",
        "profile_background_image_url": "http://pbs.twimg.com/profile_background_images/463930510910042112/8CM93bXt.jpeg",
        "profile_background_image_url_https": "https://pbs.twimg.com/profile_background_images/463930510910042112/8CM93bXt.jpeg",
        "profile_background_tile": false,
        "profile_image_url": "http://pbs.twimg.com/profile_images/803868764471259137/0DFxGC7C_normal.jpg",
        "profile_image_url_https": "https://pbs.twimg.com/profile_images/803868764471259137/0DFxGC7C_normal.jpg",
        "profile_banner_url": "https://pbs.twimg.com/profile_banners/456686553/1479916724",
        "profile_link_color": "FA743E",
        "profile_sidebar_border_color": "FFFFFF",
        "profile_sidebar_fill_color": "DDEEF6",
        "profile_text_color": "333333",
        "profile_use_background_image": true,
        "has_extended_profile": false,
        "default_profile": false,
        "default_profile_image": false,
        "following": false,
        "follow_request_sent": false,
        "notifications": false,
        "translator_type": "none"
    },
    "geo": null,
    "coordinates": null,
    "place": null,
    "contributors": null,
    "retweeted_status": {
        "created_at": "Fri Oct 06 16:48:35 +0000 2017",
        "id": 916344445989216256,
        "id_str": "916344445989216256",
        "text": "\u041c\u0430\u0439\u043e\u0440 #\u0412\u0421\u0423 - \u0441\u0432\u0438\u0434\u0435\u0442\u0435\u043b\u044c \u0443\u0434\u0430\u0440\u0430 #\u0417\u0420\u041a ...\n\n#\u0411\u043e\u0438\u043d\u0433 #\u0411\u0423\u041a #\u0412\u0421\u0423 #\u0413\u0435\u043d\u043e\u0446\u0438\u0434 #\u0417\u0420\u041a #\u041a\u0438\u0435\u0432 #\u041f\u0412\u041e #\u0422\u0435\u0440\u0430\u043a\u0442\n\n\u0427\u0438\u0442\u0430\u0442\u044c \u043f\u043e\u0434\u0440\u043e\u0431\u043d\u043e:\u2026 https://t.co/8bPd3NaWWy",
        "truncated": true,
        "entities": {
            "hashtags": [
                {
                    "text": "\u0412\u0421\u0423",
                    "indices": [
                        6,
                        10
                    ]
                },
                {
                    "text": "\u0417\u0420\u041a",
                    "indices": [
                        29,
                        33
                    ]
                },
                {
                    "text": "\u0411\u043e\u0438\u043d\u0433",
                    "indices": [
                        39,
                        45
                    ]
                },
                {
                    "text": "\u0411\u0423\u041a",
                    "indices": [
                        46,
                        50
                    ]
                },
                {
                    "text": "\u0412\u0421\u0423",
                    "indices": [
                        51,
                        55
                    ]
                },
                {
                    "text": "\u0413\u0435\u043d\u043e\u0446\u0438\u0434",
                    "indices": [
                        56,
                        64
                    ]
                },
                {
                    "text": "\u0417\u0420\u041a",
                    "indices": [
                        65,
                        69
                    ]
                },
                {
                    "text": "\u041a\u0438\u0435\u0432",
                    "indices": [
                        70,
                        75
                    ]
                },
                {
                    "text": "\u041f\u0412\u041e",
                    "indices": [
                        76,
                        80
                    ]
                },
                {
                    "text": "\u0422\u0435\u0440\u0430\u043a\u0442",
                    "indices": [
                        81,
                        88
                    ]
                }
            ],
            "symbols": [],
            "user_mentions": [],
            "urls": [
                {
                    "url": "https://t.co/8bPd3NaWWy",
                    "expanded_url": "https://twitter.com/i/web/status/916344445989216256",
                    "display_url": "twitter.com/i/web/status/9\u2026",
                    "indices": [
                        108,
                        131
                    ]
                }
            ]
        },
        "source": "<a href=\"http://dnr-hotline.ru\" rel=\"nofollow\">DnrHotline Autoposter</a>",
        "in_reply_to_status_id": null,
        "in_reply_to_status_id_str": null,
        "in_reply_to_user_id": null,
        "in_reply_to_user_id_str": null,
        "in_reply_to_screen_name": null,
        "user": {
            "id": 2974299076,
            "id_str": "2974299076",
            "name": "\u0413\u043e\u0440\u044f\u0447\u0430\u044f \u043b\u0438\u043d\u0438\u044f \u0414\u041d\u0420",
            "screen_name": "HotlineDNR",
            "location": "\u0433. \u0414\u043e\u043d\u0435\u0446\u043a - \u0441\u0442\u043e\u043b\u0438\u0446\u0430 \u0414\u041d\u0420",
            "description": "\u0414\u043e\u043d\u0431\u0430\u0441\u0441 \u043d\u0438\u043a\u0442\u043e \u043d\u0435 \u0441\u0442\u0430\u0432\u0438\u043b \u043d\u0430 \u043a\u043e\u043b\u0435\u043d\u0438 \u0438 \u043d\u0438\u043a\u043e\u043c\u0443 \u043f\u043e\u0441\u0442\u0430\u0432\u0438\u0442\u044c \u043d\u0435 \u0434\u0430\u043d\u043e!",
            "url": "https://t.co/cVHKeUsg9i",
            "entities": {
                "url": {
                    "urls": [
                        {
                            "url": "https://t.co/cVHKeUsg9i",
                            "expanded_url": "http://dnr-hotline.ru",
                            "display_url": "dnr-hotline.ru",
                            "indices": [
                                0,
                                23
                            ]
                        }
                    ]
                },
                "description": {
                    "urls": []
                }
            },
            "protected": false,
            "followers_count": 1991,
            "friends_count": 209,
            "listed_count": 47,
            "created_at": "Mon Jan 12 07:11:58 +0000 2015",
            "favourites_count": 95,
            "utc_offset": -28800,
            "time_zone": "Pacific Time (US & Canada)",
            "geo_enabled": false,
            "verified": false,
            "statuses_count": 10859,
            "lang": "ru",
            "contributors_enabled": false,
            "is_translator": false,
            "is_translation_enabled": false,
            "profile_background_color": "000000",
            "profile_background_image_url": "http://abs.twimg.com/images/themes/theme1/bg.png",
            "profile_background_image_url_https": "https://abs.twimg.com/images/themes/theme1/bg.png",
            "profile_background_tile": false,
            "profile_image_url": "http://pbs.twimg.com/profile_images/554538878015516674/6hsDVgsX_normal.jpeg",
            "profile_image_url_https": "https://pbs.twimg.com/profile_images/554538878015516674/6hsDVgsX_normal.jpeg",
            "profile_banner_url": "https://pbs.twimg.com/profile_banners/2974299076/1459705775",
            "profile_link_color": "1B95E0",
            "profile_sidebar_border_color": "000000",
            "profile_sidebar_fill_color": "000000",
            "profile_text_color": "000000",
            "profile_use_background_image": false,
            "has_extended_profile": false,
            "default_profile": false,
            "default_profile_image": false,
            "following": false,
            "follow_request_sent": false,
            "notifications": false,
            "translator_type": "none"
        },
        "geo": null,
        "coordinates": null,
        "place": null,
        "contributors": null,
        "is_quote_status": false,
        "retweet_count": 9,
        "favorite_count": 3,
        "favorited": false,
        "retweeted": false,
        "possibly_sensitive": false,
        "possibly_sensitive_appealable": false,
        "lang": "ru"
    },
    "is_quote_status": false,
    "retweet_count": 9,
    "favorite_count": 0,
    "favorited": false,
    "retweeted": false,
    "lang": "ru"
}