{
    "created_at": "Sun Nov 05 14:29:55 +0000 2017",
    "id": 927181184718790656,
    "id_str": "927181184718790656",
    "text": "Putin sued by victims of #MH17, shot down over #Russian-occupied Ukraine. (21 May 2016) #BUK\nhttps://t.co/5KY0B2AhYa",
    "truncated": false,
    "entities": {
        "hashtags": [
            {
                "text": "MH17",
                "indices": [
                    25,
                    30
                ]
            },
            {
                "text": "Russian",
                "indices": [
                    47,
                    55
                ]
            },
            {
                "text": "BUK",
                "indices": [
                    88,
                    92
                ]
            }
        ],
        "symbols": [],
        "user_mentions": [],
        "urls": [
            {
                "url": "https://t.co/5KY0B2AhYa",
                "expanded_url": "http://www.newstalk.com/Putin-sued-by-victims-of-MH17-shot-down-over-Russianoccupied-Ukraine",
                "display_url": "newstalk.com/Putin-sued-by-\u2026",
                "indices": [
                    93,
                    116
                ]
            }
        ]
    },
    "source": "<a href=\"http://twitter.com/download/iphone\" rel=\"nofollow\">Twitter for iPhone</a>",
    "in_reply_to_status_id": null,
    "in_reply_to_status_id_str": null,
    "in_reply_to_user_id": null,
    "in_reply_to_user_id_str": null,
    "in_reply_to_screen_name": null,
    "user": {
        "id": 2755243022,
        "id_str": "2755243022",
        "name": "Read Disclaimer",
        "screen_name": "Read_Disclaimer",
        "location": "Amsterdam",
        "description": "We only respond to stupid motherfuckers and madmen without brains.",
        "url": "https://t.co/cPm6QvnaY3",
        "entities": {
            "url": {
                "urls": [
                    {
                        "url": "https://t.co/cPm6QvnaY3",
                        "expanded_url": "https://www.om.nl/onderwerpen/mh17-crash/@96068/jit-flight-mh17-shot/",
                        "display_url": "om.nl/onderwerpen/mh\u2026",
                        "indices": [
                            0,
                            23
                        ]
                    }
                ]
            },
            "description": {
                "urls": []
            }
        },
        "protected": false,
        "followers_count": 88,
        "friends_count": 82,
        "listed_count": 10,
        "created_at": "Fri Aug 22 14:56:38 +0000 2014",
        "favourites_count": 4023,
        "utc_offset": 3600,
        "time_zone": "Amsterdam",
        "geo_enabled": true,
        "verified": false,
        "statuses_count": 9524,
        "lang": "nl",
        "contributors_enabled": false,
        "is_translator": false,
        "is_translation_enabled": false,
        "profile_background_color": "C0DEED",
        "profile_background_image_url": "http://abs.twimg.com/images/themes/theme1/bg.png",
        "profile_background_image_url_https": "https://abs.twimg.com/images/themes/theme1/bg.png",
        "profile_background_tile": false,
        "profile_image_url": "http://pbs.twimg.com/profile_images/503139166960357377/Zam8BcWq_normal.jpeg",
        "profile_image_url_https": "https://pbs.twimg.com/profile_images/503139166960357377/Zam8BcWq_normal.jpeg",
        "profile_banner_url": "https://pbs.twimg.com/profile_banners/2755243022/1459937005",
        "profile_link_color": "1DA1F2",
        "profile_sidebar_border_color": "C0DEED",
        "profile_sidebar_fill_color": "DDEEF6",
        "profile_text_color": "333333",
        "profile_use_background_image": true,
        "has_extended_profile": false,
        "default_profile": true,
        "default_profile_image": false,
        "following": false,
        "follow_request_sent": false,
        "notifications": false,
        "translator_type": "none"
    },
    "geo": null,
    "coordinates": null,
    "place": null,
    "contributors": null,
    "is_quote_status": false,
    "retweet_count": 0,
    "favorite_count": 0,
    "favorited": false,
    "retweeted": false,
    "possibly_sensitive": false,
    "possibly_sensitive_appealable": false,
    "lang": "en"
}