{
    "created_at": "Mon Nov 06 15:42:02 +0000 2017",
    "id": 927561723799797760,
    "id_str": "927561723799797760",
    "text": "When Russia Today calls you \"a social media cheerleader for Ukraine\u2019s 2014 #Maidan coup\"\nhttps://t.co/ORqO8ssx2O https://t.co/IbZfqvb7VP",
    "truncated": false,
    "entities": {
        "hashtags": [
            {
                "text": "Maidan",
                "indices": [
                    75,
                    82
                ]
            }
        ],
        "symbols": [],
        "user_mentions": [],
        "urls": [
            {
                "url": "https://t.co/ORqO8ssx2O",
                "expanded_url": "https://www.rt.com/op-edge/408812-russophobia-rt-twitter-guardian/",
                "display_url": "rt.com/op-edge/408812\u2026",
                "indices": [
                    89,
                    112
                ]
            }
        ],
        "media": [
            {
                "id": 927561658251337729,
                "id_str": "927561658251337729",
                "indices": [
                    113,
                    136
                ],
                "media_url": "http://pbs.twimg.com/tweet_video_thumb/DN9caetX4AEmpyb.jpg",
                "media_url_https": "https://pbs.twimg.com/tweet_video_thumb/DN9caetX4AEmpyb.jpg",
                "url": "https://t.co/IbZfqvb7VP",
                "display_url": "pic.twitter.com/IbZfqvb7VP",
                "expanded_url": "https://twitter.com/Kateryna_Kruk/status/927561723799797760/photo/1",
                "type": "photo",
                "sizes": {
                    "small": {
                        "w": 220,
                        "h": 164,
                        "resize": "fit"
                    },
                    "thumb": {
                        "w": 150,
                        "h": 150,
                        "resize": "crop"
                    },
                    "large": {
                        "w": 220,
                        "h": 164,
                        "resize": "fit"
                    },
                    "medium": {
                        "w": 220,
                        "h": 164,
                        "resize": "fit"
                    }
                }
            }
        ]
    },
    "extended_entities": {
        "media": [
            {
                "id": 927561658251337729,
                "id_str": "927561658251337729",
                "indices": [
                    113,
                    136
                ],
                "media_url": "http://pbs.twimg.com/tweet_video_thumb/DN9caetX4AEmpyb.jpg",
                "media_url_https": "https://pbs.twimg.com/tweet_video_thumb/DN9caetX4AEmpyb.jpg",
                "url": "https://t.co/IbZfqvb7VP",
                "display_url": "pic.twitter.com/IbZfqvb7VP",
                "expanded_url": "https://twitter.com/Kateryna_Kruk/status/927561723799797760/photo/1",
                "type": "animated_gif",
                "sizes": {
                    "small": {
                        "w": 220,
                        "h": 164,
                        "resize": "fit"
                    },
                    "thumb": {
                        "w": 150,
                        "h": 150,
                        "resize": "crop"
                    },
                    "large": {
                        "w": 220,
                        "h": 164,
                        "resize": "fit"
                    },
                    "medium": {
                        "w": 220,
                        "h": 164,
                        "resize": "fit"
                    }
                },
                "video_info": {
                    "aspect_ratio": [
                        55,
                        41
                    ],
                    "variants": [
                        {
                            "bitrate": 0,
                            "content_type": "video/mp4",
                            "url": "https://video.twimg.com/tweet_video/DN9caetX4AEmpyb.mp4"
                        }
                    ]
                }
            }
        ]
    },
    "source": "<a href=\"http://twitter.com\" rel=\"nofollow\">Twitter Web Client</a>",
    "in_reply_to_status_id": null,
    "in_reply_to_status_id_str": null,
    "in_reply_to_user_id": null,
    "in_reply_to_user_id_str": null,
    "in_reply_to_screen_name": null,
    "user": {
        "id": 1725292759,
        "id_str": "1725292759",
        "name": "Kateryna_Kruk",
        "screen_name": "Kateryna_Kruk",
        "location": "\u041a\u0438\u0457\u0432",
        "description": "comms specialist&political scientist, #euromaidan activist. Freedom Award recipient. Global Ukrainians co-founder.RT\u2260endorsement\nkateryni.kruk@gmail.com",
        "url": null,
        "entities": {
            "description": {
                "urls": []
            }
        },
        "protected": false,
        "followers_count": 25887,
        "friends_count": 249,
        "listed_count": 1063,
        "created_at": "Tue Sep 03 11:45:42 +0000 2013",
        "favourites_count": 4533,
        "utc_offset": 7200,
        "time_zone": "Kyiv",
        "geo_enabled": false,
        "verified": false,
        "statuses_count": 15453,
        "lang": "uk",
        "contributors_enabled": false,
        "is_translator": false,
        "is_translation_enabled": false,
        "profile_background_color": "C0DEED",
        "profile_background_image_url": "http://pbs.twimg.com/profile_background_images/378800000150861799/cTMWuFjJ.jpeg",
        "profile_background_image_url_https": "https://pbs.twimg.com/profile_background_images/378800000150861799/cTMWuFjJ.jpeg",
        "profile_background_tile": true,
        "profile_image_url": "http://pbs.twimg.com/profile_images/875856845914730498/y15eJqJ8_normal.jpg",
        "profile_image_url_https": "https://pbs.twimg.com/profile_images/875856845914730498/y15eJqJ8_normal.jpg",
        "profile_banner_url": "https://pbs.twimg.com/profile_banners/1725292759/1497655700",
        "profile_link_color": "1B95E0",
        "profile_sidebar_border_color": "FFFFFF",
        "profile_sidebar_fill_color": "DDEEF6",
        "profile_text_color": "333333",
        "profile_use_background_image": true,
        "has_extended_profile": true,
        "default_profile": false,
        "default_profile_image": false,
        "following": false,
        "follow_request_sent": false,
        "notifications": false,
        "translator_type": "none"
    },
    "geo": null,
    "coordinates": null,
    "place": null,
    "contributors": null,
    "is_quote_status": false,
    "retweet_count": 7,
    "favorite_count": 30,
    "favorited": false,
    "retweeted": false,
    "possibly_sensitive": false,
    "possibly_sensitive_appealable": false,
    "lang": "en"
}