{
    "created_at": "Fri Nov 10 04:53:30 +0000 2017",
    "id": 928848064604930048,
    "id_str": "928848064604930048",
    "text": "\u0423\u043a\u0440\u0430\u0438\u043d\u0430 \u043e\u0431\u0438\u0434\u0435\u043b\u0430\u0441\u044c \u043d\u0430 \u0420\u043e\u0441\u0441\u0438\u044e \u0437\u0430\u0434\u043d\u0438\u043c \u0447\u0438\u0441\u043b\u043e\u043c. \u0420\u0430\u0437\u0440\u044b\u0432 \u0434\u0438\u043f\u043e\u0442\u043d\u043e\u0448\u0435\u043d\u0438\u0439. \u041e\u043b\u0435\u0433 \u0412\u043e\u043b\u043e\u0448\u0438\u043d. \u041e\u043b\u0435\u0433 \u0412\u043e\u043b\u043e\u0448\u0438\u043d - \u043f\u043e\u043b\u0438\u0442\u043e\u043b\u043e\u0433-\u043c\u0435\u0436\u0434\u0443\u043d\u0430\u0440\u043e\u0434\u043d\u0438 https://t.co/sRhHLXgLO8",
    "truncated": false,
    "entities": {
        "hashtags": [],
        "symbols": [],
        "user_mentions": [],
        "urls": [
            {
                "url": "https://t.co/sRhHLXgLO8",
                "expanded_url": "http://video.t30p.ru/post.aspx?id=8b730a0f-c535-4175-b749-fc27dde657ec",
                "display_url": "video.t30p.ru/post.aspx?id=8\u2026",
                "indices": [
                    116,
                    139
                ]
            }
        ]
    },
    "source": "<a href=\"http://blogsapi.codeplex.com\" rel=\"nofollow\">BlogsAPI</a>",
    "in_reply_to_status_id": null,
    "in_reply_to_status_id_str": null,
    "in_reply_to_user_id": null,
    "in_reply_to_user_id_str": null,
    "in_reply_to_screen_name": null,
    "user": {
        "id": 1511188916,
        "id_str": "1511188916",
        "name": "T30P Video",
        "screen_name": "T30P_Video",
        "location": "",
        "description": "\u0421\u0430\u043c\u044b\u0435 \u043f\u043e\u043f\u0443\u043b\u044f\u0440\u043d\u044b\u0435 \u0412\u0438\u0434\u0435\u043e \u0440\u0443\u0441\u0441\u043a\u043e\u044f\u0437\u044b\u0447\u043d\u043e\u0439 \u0431\u043b\u043e\u0433\u043e\u0441\u0444\u0435\u0440\u044b https://t.co/clpXQrFQNH",
        "url": "https://t.co/fI6wYAH3fN",
        "entities": {
            "url": {
                "urls": [
                    {
                        "url": "https://t.co/fI6wYAH3fN",
                        "expanded_url": "https://light.t30p.ru",
                        "display_url": "light.t30p.ru",
                        "indices": [
                            0,
                            23
                        ]
                    }
                ]
            },
            "description": {
                "urls": [
                    {
                        "url": "https://t.co/clpXQrFQNH",
                        "expanded_url": "https://video.t30p.ru",
                        "display_url": "video.t30p.ru",
                        "indices": [
                            48,
                            71
                        ]
                    }
                ]
            }
        },
        "protected": false,
        "followers_count": 2196,
        "friends_count": 3,
        "listed_count": 88,
        "created_at": "Wed Jun 12 17:56:47 +0000 2013",
        "favourites_count": 0,
        "utc_offset": 10800,
        "time_zone": "Moscow",
        "geo_enabled": false,
        "verified": false,
        "statuses_count": 459198,
        "lang": "ru",
        "contributors_enabled": false,
        "is_translator": false,
        "is_translation_enabled": false,
        "profile_background_color": "FFFFFF",
        "profile_background_image_url": "http://pbs.twimg.com/profile_background_images/344511763025159573/7ff580f43077eae5cc85b4e77721d039.jpeg",
        "profile_background_image_url_https": "https://pbs.twimg.com/profile_background_images/344511763025159573/7ff580f43077eae5cc85b4e77721d039.jpeg",
        "profile_background_tile": false,
        "profile_image_url": "http://pbs.twimg.com/profile_images/574139879841361920/a0vTi7Pa_normal.png",
        "profile_image_url_https": "https://pbs.twimg.com/profile_images/574139879841361920/a0vTi7Pa_normal.png",
        "profile_link_color": "0084B4",
        "profile_sidebar_border_color": "FFFFFF",
        "profile_sidebar_fill_color": "DDEEF6",
        "profile_text_color": "333333",
        "profile_use_background_image": true,
        "has_extended_profile": false,
        "default_profile": false,
        "default_profile_image": false,
        "following": false,
        "follow_request_sent": false,
        "notifications": false,
        "translator_type": "none"
    },
    "geo": null,
    "coordinates": null,
    "place": null,
    "contributors": null,
    "is_quote_status": false,
    "retweet_count": 0,
    "favorite_count": 0,
    "favorited": false,
    "retweeted": false,
    "possibly_sensitive": false,
    "possibly_sensitive_appealable": false,
    "lang": "ru"
}