{
    "created_at": "Sat Nov 04 09:01:19 +0000 2017",
    "id": 926736101057945601,
    "id_str": "926736101057945601",
    "text": "\u0412\u0441\u0435 \u0442\u0432\u0438 \u043f\u0440\u043e \u043f\u0440\u043e\u0442\u0435\u0441\u0442\u043d\u0443\u044e \u0443\u043b\u0438\u0447\u043d\u0443\u044e \u0434\u0435\u044f\u0442\u0435\u043b\u044c\u043d\u043e\u0441\u0442\u044c \u0438 \u043f\u043e\u0434\u0433\u043e\u0442\u043e\u0432\u043a\u0443 \u043a \u043d\u0435\u0439 \u0431\u0443\u0434\u0443\u0442 \u0442\u0435\u043f\u0435\u0440\u044c \u0432 \u044d\u0442\u043e\u0439 \u0432\u0435\u0442\u043a\u0435\n\n#\u043c\u0430\u0439\u0434\u0430\u043d #\u043d\u0430\u0432\u0430\u043b\u044c\u043d\u044f\u0442\u0430\u2026 https://t.co/zZcSkoeBiF",
    "truncated": true,
    "entities": {
        "hashtags": [
            {
                "text": "\u043c\u0430\u0439\u0434\u0430\u043d",
                "indices": [
                    90,
                    97
                ]
            },
            {
                "text": "\u043d\u0430\u0432\u0430\u043b\u044c\u043d\u044f\u0442\u0430",
                "indices": [
                    98,
                    109
                ]
            }
        ],
        "symbols": [],
        "user_mentions": [],
        "urls": [
            {
                "url": "https://t.co/zZcSkoeBiF",
                "expanded_url": "https://twitter.com/i/web/status/926736101057945601",
                "display_url": "twitter.com/i/web/status/9\u2026",
                "indices": [
                    111,
                    134
                ]
            }
        ]
    },
    "source": "<a href=\"http://twitter.com/download/iphone\" rel=\"nofollow\">Twitter for iPhone</a>",
    "in_reply_to_status_id": null,
    "in_reply_to_status_id_str": null,
    "in_reply_to_user_id": null,
    "in_reply_to_user_id_str": null,
    "in_reply_to_screen_name": null,
    "user": {
        "id": 1839791838,
        "id_str": "1839791838",
        "name": "\u041a\u0430\u0442\u0451\u043d\u043a\u0430 \u041f\u043b\u0430\u0442\u043e\u0432\u0430 \u262d",
        "screen_name": "iPrupru",
        "location": "\u0415\u043a\u0430\u0442\u0435\u0440\u0438\u043d\u0431\u0443\u0440\u0433",
        "description": "\u0417\u0430 \u043e\u043b\u0438\u0433\u0430\u0440\u0445\u0430\u0442\u043e\u043c \u0435\u0441\u0442\u044c \u0421\u0421\u0421\u0420 2.0. \u042f \u0431\u0443\u0434\u0443 \u0436\u0434\u0430\u0442\u044c \u0442\u0435\u0431\u044f \u0442\u0430\u043c;)",
        "url": null,
        "entities": {
            "description": {
                "urls": []
            }
        },
        "protected": false,
        "followers_count": 3647,
        "friends_count": 225,
        "listed_count": 46,
        "created_at": "Mon Sep 09 05:11:00 +0000 2013",
        "favourites_count": 2932,
        "utc_offset": 18000,
        "time_zone": "Ekaterinburg",
        "geo_enabled": true,
        "verified": false,
        "statuses_count": 7556,
        "lang": "ru",
        "contributors_enabled": false,
        "is_translator": false,
        "is_translation_enabled": false,
        "profile_background_color": "131516",
        "profile_background_image_url": "http://abs.twimg.com/images/themes/theme14/bg.gif",
        "profile_background_image_url_https": "https://abs.twimg.com/images/themes/theme14/bg.gif",
        "profile_background_tile": true,
        "profile_image_url": "http://pbs.twimg.com/profile_images/963687936200990721/IplLQiIk_normal.jpg",
        "profile_image_url_https": "https://pbs.twimg.com/profile_images/963687936200990721/IplLQiIk_normal.jpg",
        "profile_banner_url": "https://pbs.twimg.com/profile_banners/1839791838/1504812183",
        "profile_link_color": "000000",
        "profile_sidebar_border_color": "000000",
        "profile_sidebar_fill_color": "000000",
        "profile_text_color": "000000",
        "profile_use_background_image": true,
        "has_extended_profile": true,
        "default_profile": false,
        "default_profile_image": false,
        "following": false,
        "follow_request_sent": false,
        "notifications": false,
        "translator_type": "regular"
    },
    "geo": null,
    "coordinates": null,
    "place": null,
    "contributors": null,
    "is_quote_status": false,
    "retweet_count": 9,
    "favorite_count": 13,
    "favorited": false,
    "retweeted": false,
    "possibly_sensitive": false,
    "possibly_sensitive_appealable": false,
    "lang": "ru"
}