{
    "created_at": "Fri Nov 10 12:24:47 +0000 2017",
    "id": 928961635666087936,
    "id_str": "928961635666087936",
    "text": "\u0413\u041f\u0423 \u043f\u0440\u043e\u0432\u0435\u0440\u0438\u0442 \u0441\u0432\u044f\u0437\u044c \u043c\u0438\u043d\u0438\u0441\u0442\u0440\u0430 \u0444\u0438\u043d\u0430\u043d\u0441\u043e\u0432 \u0441 \u0434\u0435\u044f\u0442\u0435\u043b\u044c\u043d\u043e\u0441\u0442\u044c\u044e \u043e\u043a\u0440\u0443\u0436\u0435\u043d\u0438\u044f #\u042f\u043d\u0443\u043a\u043e\u0432\u0438\u0447'\u0430 https://t.co/jariYPXoXn https://t.co/4mXfi000cB",
    "truncated": false,
    "entities": {
        "hashtags": [
            {
                "text": "\u042f\u043d\u0443\u043a\u043e\u0432\u0438\u0447",
                "indices": [
                    63,
                    72
                ]
            }
        ],
        "symbols": [],
        "user_mentions": [],
        "urls": [
            {
                "url": "https://t.co/jariYPXoXn",
                "expanded_url": "http://jenke.rs/Rz91Xf",
                "display_url": "jenke.rs/Rz91Xf",
                "indices": [
                    75,
                    98
                ]
            }
        ],
        "media": [
            {
                "id": 928961632235065345,
                "id_str": "928961632235065345",
                "indices": [
                    99,
                    122
                ],
                "media_url": "http://pbs.twimg.com/media/DORVrsNWkAETAVl.jpg",
                "media_url_https": "https://pbs.twimg.com/media/DORVrsNWkAETAVl.jpg",
                "url": "https://t.co/4mXfi000cB",
                "display_url": "pic.twitter.com/4mXfi000cB",
                "expanded_url": "https://twitter.com/jenkers_ru/status/928961635666087936/photo/1",
                "type": "photo",
                "sizes": {
                    "thumb": {
                        "w": 150,
                        "h": 150,
                        "resize": "crop"
                    },
                    "large": {
                        "w": 599,
                        "h": 340,
                        "resize": "fit"
                    },
                    "medium": {
                        "w": 599,
                        "h": 340,
                        "resize": "fit"
                    },
                    "small": {
                        "w": 599,
                        "h": 340,
                        "resize": "fit"
                    }
                }
            }
        ]
    },
    "extended_entities": {
        "media": [
            {
                "id": 928961632235065345,
                "id_str": "928961632235065345",
                "indices": [
                    99,
                    122
                ],
                "media_url": "http://pbs.twimg.com/media/DORVrsNWkAETAVl.jpg",
                "media_url_https": "https://pbs.twimg.com/media/DORVrsNWkAETAVl.jpg",
                "url": "https://t.co/4mXfi000cB",
                "display_url": "pic.twitter.com/4mXfi000cB",
                "expanded_url": "https://twitter.com/jenkers_ru/status/928961635666087936/photo/1",
                "type": "photo",
                "sizes": {
                    "thumb": {
                        "w": 150,
                        "h": 150,
                        "resize": "crop"
                    },
                    "large": {
                        "w": 599,
                        "h": 340,
                        "resize": "fit"
                    },
                    "medium": {
                        "w": 599,
                        "h": 340,
                        "resize": "fit"
                    },
                    "small": {
                        "w": 599,
                        "h": 340,
                        "resize": "fit"
                    }
                }
            }
        ]
    },
    "source": "<a href=\"http://jenkers.com/ru\" rel=\"nofollow\">Jenkers Rus Posting</a>",
    "in_reply_to_status_id": null,
    "in_reply_to_status_id_str": null,
    "in_reply_to_user_id": null,
    "in_reply_to_user_id_str": null,
    "in_reply_to_screen_name": null,
    "user": {
        "id": 2462817780,
        "id_str": "2462817780",
        "name": "Jenkers News (RUS)",
        "screen_name": "jenkers_ru",
        "location": "\u041c\u043e\u0441\u043a\u0432\u0430",
        "description": "Jenkers \u043e\u0431\u044a\u0435\u0434\u0438\u043d\u044f\u0435\u0442 \u043d\u043e\u0432\u043e\u0441\u0442\u0438 http://t.co/VpSHi0pNC9 http://t.co/C6Gp0F5IIK",
        "url": "http://t.co/1mLpaRGpVC",
        "entities": {
            "url": {
                "urls": [
                    {
                        "url": "http://t.co/1mLpaRGpVC",
                        "expanded_url": "http://jenkers.com/ru",
                        "display_url": "jenkers.com/ru",
                        "indices": [
                            0,
                            22
                        ]
                    }
                ]
            },
            "description": {
                "urls": [
                    {
                        "url": "http://t.co/VpSHi0pNC9",
                        "expanded_url": "http://facebook.com/jenkers.ru",
                        "display_url": "facebook.com/jenkers.ru",
                        "indices": [
                            27,
                            49
                        ]
                    },
                    {
                        "url": "http://t.co/C6Gp0F5IIK",
                        "expanded_url": "http://vk.com/jenkers_ru",
                        "display_url": "vk.com/jenkers_ru",
                        "indices": [
                            50,
                            72
                        ]
                    }
                ]
            }
        },
        "protected": false,
        "followers_count": 2271,
        "friends_count": 434,
        "listed_count": 198,
        "created_at": "Fri Apr 25 07:09:18 +0000 2014",
        "favourites_count": 0,
        "utc_offset": 10800,
        "time_zone": "Moscow",
        "geo_enabled": false,
        "verified": false,
        "statuses_count": 522328,
        "lang": "ru",
        "contributors_enabled": false,
        "is_translator": false,
        "is_translation_enabled": true,
        "profile_background_color": "C0DEED",
        "profile_background_image_url": "http://abs.twimg.com/images/themes/theme1/bg.png",
        "profile_background_image_url_https": "https://abs.twimg.com/images/themes/theme1/bg.png",
        "profile_background_tile": false,
        "profile_image_url": "http://pbs.twimg.com/profile_images/459590193666748416/dxc_3jiF_normal.png",
        "profile_image_url_https": "https://pbs.twimg.com/profile_images/459590193666748416/dxc_3jiF_normal.png",
        "profile_banner_url": "https://pbs.twimg.com/profile_banners/2462817780/1426455991",
        "profile_link_color": "0777A0",
        "profile_sidebar_border_color": "C0DEED",
        "profile_sidebar_fill_color": "DDEEF6",
        "profile_text_color": "333333",
        "profile_use_background_image": true,
        "has_extended_profile": false,
        "default_profile": false,
        "default_profile_image": false,
        "following": false,
        "follow_request_sent": false,
        "notifications": false,
        "translator_type": "regular"
    },
    "geo": null,
    "coordinates": null,
    "place": null,
    "contributors": null,
    "is_quote_status": false,
    "retweet_count": 0,
    "favorite_count": 0,
    "favorited": false,
    "retweeted": false,
    "possibly_sensitive": false,
    "possibly_sensitive_appealable": false,
    "lang": "ru"
}