{
    "created_at": "Mon Nov 06 18:12:06 +0000 2017",
    "id": 927599489208147973,
    "id_str": "927599489208147973",
    "text": "#\u0404\u0432\u0440\u043e\u043c\u0430\u0439\u0434\u0430\u043d #\u043d\u043e\u0432\u0438\u043d\u0438 #\u0415\u0432\u0440\u043e\u043c\u0430\u0439\u0434\u0430\u043d  \u0421\u041c\u0418 \u0443\u0437\u043d\u0430\u043b\u0438 \u0434\u0430\u0442\u0443 \u043d\u0430\u0447\u0430\u043b\u0430 \u0441\u0443\u0434\u0430 \u043d\u0430\u0434 \u041f\u0443\u0447\u0434\u0435\u043c\u043e\u043d\u043e\u043c https://t.co/UIsOU0D1fV #\u0410\u0422\u041e #\u0414\u043e\u043d\u0431\u0430\u0441\u0441 #\u0440\u043e\u0441\u0441\u0438\u044f #\u043d\u043e\u0432\u043e\u0441\u0442\u0438",
    "truncated": false,
    "entities": {
        "hashtags": [
            {
                "text": "\u0404\u0432\u0440\u043e\u043c\u0430\u0439\u0434\u0430\u043d",
                "indices": [
                    0,
                    11
                ]
            },
            {
                "text": "\u043d\u043e\u0432\u0438\u043d\u0438",
                "indices": [
                    12,
                    19
                ]
            },
            {
                "text": "\u0415\u0432\u0440\u043e\u043c\u0430\u0439\u0434\u0430\u043d",
                "indices": [
                    20,
                    31
                ]
            },
            {
                "text": "\u0410\u0422\u041e",
                "indices": [
                    100,
                    104
                ]
            },
            {
                "text": "\u0414\u043e\u043d\u0431\u0430\u0441\u0441",
                "indices": [
                    105,
                    113
                ]
            },
            {
                "text": "\u0440\u043e\u0441\u0441\u0438\u044f",
                "indices": [
                    114,
                    121
                ]
            },
            {
                "text": "\u043d\u043e\u0432\u043e\u0441\u0442\u0438",
                "indices": [
                    122,
                    130
                ]
            }
        ],
        "symbols": [],
        "user_mentions": [],
        "urls": [
            {
                "url": "https://t.co/UIsOU0D1fV",
                "expanded_url": "http://dlvr.it/PzXh98",
                "display_url": "dlvr.it/PzXh98",
                "indices": [
                    76,
                    99
                ]
            }
        ]
    },
    "source": "<a href=\"https://dlvrit.com/\" rel=\"nofollow\">dlvr.it</a>",
    "in_reply_to_status_id": null,
    "in_reply_to_status_id_str": null,
    "in_reply_to_user_id": null,
    "in_reply_to_user_id_str": null,
    "in_reply_to_screen_name": null,
    "user": {
        "id": 2258872316,
        "id_str": "2258872316",
        "name": "\u0423\u043a\u0440\u0430\u0438\u043d\u0430 \u0431\u0435\u0437 \u0446\u0435\u043d\u0437\u0443\u0440\u044b",
        "screen_name": "ua_ru_info",
        "location": "",
        "description": "\u041d\u043e\u0432\u043e\u0441\u0442\u0438 \u0423\u043a\u0440\u0430\u0438\u043d\u044b \u0431\u0435\u0437 \u0446\u0435\u043d\u0437\u0443\u0440\u044b \u043f\u043e-\u0440\u0443\u0441\u0441\u043a\u0438",
        "url": "http://t.co/jdWYjI9bSz",
        "entities": {
            "url": {
                "urls": [
                    {
                        "url": "http://t.co/jdWYjI9bSz",
                        "expanded_url": "http://ua-rus.info",
                        "display_url": "ua-rus.info",
                        "indices": [
                            0,
                            22
                        ]
                    }
                ]
            },
            "description": {
                "urls": []
            }
        },
        "protected": false,
        "followers_count": 1574,
        "friends_count": 140,
        "listed_count": 62,
        "created_at": "Mon Dec 23 12:32:12 +0000 2013",
        "favourites_count": 2,
        "utc_offset": 10800,
        "time_zone": "Nairobi",
        "geo_enabled": false,
        "verified": false,
        "statuses_count": 302803,
        "lang": "ru",
        "contributors_enabled": false,
        "is_translator": false,
        "is_translation_enabled": false,
        "profile_background_color": "131516",
        "profile_background_image_url": "http://abs.twimg.com/images/themes/theme14/bg.gif",
        "profile_background_image_url_https": "https://abs.twimg.com/images/themes/theme14/bg.gif",
        "profile_background_tile": true,
        "profile_image_url": "http://pbs.twimg.com/profile_images/444976522441404416/CE_InlTO_normal.jpeg",
        "profile_image_url_https": "https://pbs.twimg.com/profile_images/444976522441404416/CE_InlTO_normal.jpeg",
        "profile_banner_url": "https://pbs.twimg.com/profile_banners/2258872316/1395341380",
        "profile_link_color": "009999",
        "profile_sidebar_border_color": "EEEEEE",
        "profile_sidebar_fill_color": "EFEFEF",
        "profile_text_color": "333333",
        "profile_use_background_image": true,
        "has_extended_profile": false,
        "default_profile": false,
        "default_profile_image": false,
        "following": false,
        "follow_request_sent": false,
        "notifications": false,
        "translator_type": "none"
    },
    "geo": null,
    "coordinates": null,
    "place": null,
    "contributors": null,
    "is_quote_status": false,
    "retweet_count": 0,
    "favorite_count": 0,
    "favorited": false,
    "retweeted": false,
    "possibly_sensitive": false,
    "possibly_sensitive_appealable": false,
    "lang": "ru"
}