{
    "created_at": "Fri Nov 03 23:40:08 +0000 2017",
    "id": 926594874484371456,
    "id_str": "926594874484371456",
    "text": "RT @akihheikkinen: Russian militants came to #Donbas during #Maidan, before #Yanukovych was ousted. https://t.co/eDL7EtzhMq",
    "truncated": false,
    "entities": {
        "hashtags": [
            {
                "text": "Donbas",
                "indices": [
                    45,
                    52
                ]
            },
            {
                "text": "Maidan",
                "indices": [
                    60,
                    67
                ]
            },
            {
                "text": "Yanukovych",
                "indices": [
                    76,
                    87
                ]
            }
        ],
        "symbols": [],
        "user_mentions": [
            {
                "screen_name": "akihheikkinen",
                "name": "Aki Heikkinen",
                "id": 2318652065,
                "id_str": "2318652065",
                "indices": [
                    3,
                    17
                ]
            }
        ],
        "urls": [
            {
                "url": "https://t.co/eDL7EtzhMq",
                "expanded_url": "http://deniskazansky.com.ua/otkrovenija_rossijskogo_najemnika/",
                "display_url": "deniskazansky.com.ua/otkrovenija_ro\u2026",
                "indices": [
                    100,
                    123
                ]
            }
        ]
    },
    "source": "<a href=\"http://twitter.com/download/android\" rel=\"nofollow\">Twitter for Android</a>",
    "in_reply_to_status_id": null,
    "in_reply_to_status_id_str": null,
    "in_reply_to_user_id": null,
    "in_reply_to_user_id_str": null,
    "in_reply_to_screen_name": null,
    "user": {
        "id": 2255424079,
        "id_str": "2255424079",
        "name": "adam seven",
        "screen_name": "a7_FIN_SWE",
        "location": "between Normay and Nambia",
        "description": "Mostly sec policy and mil issues\r\nSWE FIN ENG tweets. \rUsually\nNordics, Russia and UKR. \nIndependent Elf. Trolls & Orcs stay away  \nBlocks no 1 (now)",
        "url": null,
        "entities": {
            "description": {
                "urls": []
            }
        },
        "protected": false,
        "followers_count": 2693,
        "friends_count": 3922,
        "listed_count": 142,
        "created_at": "Fri Dec 20 19:19:46 +0000 2013",
        "favourites_count": 31246,
        "utc_offset": 7200,
        "time_zone": "Kyiv",
        "geo_enabled": true,
        "verified": false,
        "statuses_count": 101223,
        "lang": "sv",
        "contributors_enabled": false,
        "is_translator": false,
        "is_translation_enabled": false,
        "profile_background_color": "000000",
        "profile_background_image_url": "http://abs.twimg.com/images/themes/theme1/bg.png",
        "profile_background_image_url_https": "https://abs.twimg.com/images/themes/theme1/bg.png",
        "profile_background_tile": false,
        "profile_image_url": "http://pbs.twimg.com/profile_images/858040033298845698/POUezxs8_normal.jpg",
        "profile_image_url_https": "https://pbs.twimg.com/profile_images/858040033298845698/POUezxs8_normal.jpg",
        "profile_banner_url": "https://pbs.twimg.com/profile_banners/2255424079/1494028054",
        "profile_link_color": "3B94D9",
        "profile_sidebar_border_color": "000000",
        "profile_sidebar_fill_color": "000000",
        "profile_text_color": "000000",
        "profile_use_background_image": false,
        "has_extended_profile": false,
        "default_profile": false,
        "default_profile_image": false,
        "following": false,
        "follow_request_sent": false,
        "notifications": false,
        "translator_type": "regular"
    },
    "geo": null,
    "coordinates": null,
    "place": null,
    "contributors": null,
    "retweeted_status": {
        "created_at": "Fri Nov 03 12:39:37 +0000 2017",
        "id": 926428653122146304,
        "id_str": "926428653122146304",
        "text": "Russian militants came to #Donbas during #Maidan, before #Yanukovych was ousted. https://t.co/eDL7EtzhMq",
        "truncated": false,
        "entities": {
            "hashtags": [
                {
                    "text": "Donbas",
                    "indices": [
                        26,
                        33
                    ]
                },
                {
                    "text": "Maidan",
                    "indices": [
                        41,
                        48
                    ]
                },
                {
                    "text": "Yanukovych",
                    "indices": [
                        57,
                        68
                    ]
                }
            ],
            "symbols": [],
            "user_mentions": [],
            "urls": [
                {
                    "url": "https://t.co/eDL7EtzhMq",
                    "expanded_url": "http://deniskazansky.com.ua/otkrovenija_rossijskogo_najemnika/",
                    "display_url": "deniskazansky.com.ua/otkrovenija_ro\u2026",
                    "indices": [
                        81,
                        104
                    ]
                }
            ]
        },
        "source": "<a href=\"https://about.twitter.com/products/tweetdeck\" rel=\"nofollow\">TweetDeck</a>",
        "in_reply_to_status_id": null,
        "in_reply_to_status_id_str": null,
        "in_reply_to_user_id": null,
        "in_reply_to_user_id_str": null,
        "in_reply_to_screen_name": null,
        "user": {
            "id": 2318652065,
            "id_str": "2318652065",
            "name": "Aki Heikkinen",
            "screen_name": "akihheikkinen",
            "location": "Finland.",
            "description": "Mostly in Finglish, mainly #Russia related | RTs, following \u2260 endorsements | Loving @KatiHeikkinen1 | Curating @RUSexercises @BYexercises @russiamilitaryw",
            "url": "https://t.co/gqFTtPrj5v",
            "entities": {
                "url": {
                    "urls": [
                        {
                            "url": "https://t.co/gqFTtPrj5v",
                            "expanded_url": "https://russiamilitarywatch.com",
                            "display_url": "russiamilitarywatch.com",
                            "indices": [
                                0,
                                23
                            ]
                        }
                    ]
                },
                "description": {
                    "urls": []
                }
            },
            "protected": false,
            "followers_count": 4385,
            "friends_count": 1037,
            "listed_count": 178,
            "created_at": "Sat Feb 01 19:41:30 +0000 2014",
            "favourites_count": 45612,
            "utc_offset": 7200,
            "time_zone": "Helsinki",
            "geo_enabled": false,
            "verified": false,
            "statuses_count": 49326,
            "lang": "fi",
            "contributors_enabled": false,
            "is_translator": false,
            "is_translation_enabled": false,
            "profile_background_color": "C0DEED",
            "profile_background_image_url": "http://abs.twimg.com/images/themes/theme1/bg.png",
            "profile_background_image_url_https": "https://abs.twimg.com/images/themes/theme1/bg.png",
            "profile_background_tile": false,
            "profile_image_url": "http://pbs.twimg.com/profile_images/961912552656687105/r4DyokcZ_normal.jpg",
            "profile_image_url_https": "https://pbs.twimg.com/profile_images/961912552656687105/r4DyokcZ_normal.jpg",
            "profile_banner_url": "https://pbs.twimg.com/profile_banners/2318652065/1446289272",
            "profile_link_color": "1DA1F2",
            "profile_sidebar_border_color": "C0DEED",
            "profile_sidebar_fill_color": "DDEEF6",
            "profile_text_color": "333333",
            "profile_use_background_image": true,
            "has_extended_profile": false,
            "default_profile": true,
            "default_profile_image": false,
            "following": false,
            "follow_request_sent": false,
            "notifications": false,
            "translator_type": "regular"
        },
        "geo": null,
        "coordinates": null,
        "place": null,
        "contributors": null,
        "is_quote_status": false,
        "retweet_count": 17,
        "favorite_count": 8,
        "favorited": false,
        "retweeted": false,
        "possibly_sensitive": false,
        "possibly_sensitive_appealable": false,
        "lang": "en"
    },
    "is_quote_status": false,
    "retweet_count": 17,
    "favorite_count": 0,
    "favorited": false,
    "retweeted": false,
    "possibly_sensitive": false,
    "possibly_sensitive_appealable": false,
    "lang": "en"
}