{
    "created_at": "Mon Nov 06 16:45:17 +0000 2017",
    "id": 927577640617340928,
    "id_str": "927577640617340928",
    "text": "RT @asko_info: \u041a\u043e\u043f\u0438\u0438 \u0441\u0435\u043a\u0440\u0435\u0442\u043d\u044b\u0445 \u0434\u043e\u043a\u0443\u043c\u0435\u043d\u0442\u043e\u0432 \u0421\u043b\u0443\u0436\u0431\u044b \u0431\u0435\u0437\u043e\u043f\u0430\u0441\u043d\u043e\u0441\u0442\u0438 \u0423\u043a\u0440\u0430\u0438\u043d\u044b \u043e \u043f\u0440\u043e\u0432\u0435\u0434\u0435\u043d\u0438\u0438 \u0441\u043f\u0435\u0446\u043e\u043f\u0435\u0440\u0430\u0446\u0438\u0438 \u043f\u043e \u0443\u043d\u0438\u0447\u0442\u043e\u0436\u0435\u043d\u0438\u044e \u0443\u043b\u0438\u043a \u043f\u043e \u0441\u0431\u0438\u0442\u0438\u044e #MH17 17.07.1\u2026",
    "truncated": false,
    "entities": {
        "hashtags": [
            {
                "text": "MH17",
                "indices": [
                    126,
                    131
                ]
            }
        ],
        "symbols": [],
        "user_mentions": [
            {
                "screen_name": "asko_info",
                "name": "\u0410\u043d\u0434\u0440\u0435\u0439 \u0421\u041c\u0418\u0420\u041d\u041e\u0412",
                "id": 456686553,
                "id_str": "456686553",
                "indices": [
                    3,
                    13
                ]
            }
        ],
        "urls": []
    },
    "source": "<a href=\"http://twitter.com/download/android\" rel=\"nofollow\">Twitter for Android</a>",
    "in_reply_to_status_id": null,
    "in_reply_to_status_id_str": null,
    "in_reply_to_user_id": null,
    "in_reply_to_user_id_str": null,
    "in_reply_to_screen_name": null,
    "user": {
        "id": 456686553,
        "id_str": "456686553",
        "name": "\u0410\u043d\u0434\u0440\u0435\u0439 \u0421\u041c\u0418\u0420\u041d\u041e\u0412",
        "screen_name": "asko_info",
        "location": "\u0421\u0432\u0463\u0442\u0430\u0467 \u048e\u0263\u00e7\u10ee - \u0412\u0435\u043b\u0438\u043a\u0430\u044f \u0422\u0430\u0440\u0442\u0430\u0440\u0438\u044f",
        "description": "\u0421 \u041d\u043e\u0432\u044b\u043c 7526 \u043b\u0463\u0442\u043e\u043c \u043e\u0442 \u0421.\u041c.\u0417.\u0425.!",
        "url": null,
        "entities": {
            "description": {
                "urls": []
            }
        },
        "protected": false,
        "followers_count": 8345,
        "friends_count": 8422,
        "listed_count": 106,
        "created_at": "Fri Jan 06 14:53:59 +0000 2012",
        "favourites_count": 20100,
        "utc_offset": 10800,
        "time_zone": "Moscow",
        "geo_enabled": false,
        "verified": false,
        "statuses_count": 104517,
        "lang": "ru",
        "contributors_enabled": false,
        "is_translator": false,
        "is_translation_enabled": false,
        "profile_background_color": "EDECE9",
        "profile_background_image_url": "http://pbs.twimg.com/profile_background_images/463930510910042112/8CM93bXt.jpeg",
        "profile_background_image_url_https": "https://pbs.twimg.com/profile_background_images/463930510910042112/8CM93bXt.jpeg",
        "profile_background_tile": false,
        "profile_image_url": "http://pbs.twimg.com/profile_images/803868764471259137/0DFxGC7C_normal.jpg",
        "profile_image_url_https": "https://pbs.twimg.com/profile_images/803868764471259137/0DFxGC7C_normal.jpg",
        "profile_banner_url": "https://pbs.twimg.com/profile_banners/456686553/1479916724",
        "profile_link_color": "FA743E",
        "profile_sidebar_border_color": "FFFFFF",
        "profile_sidebar_fill_color": "DDEEF6",
        "profile_text_color": "333333",
        "profile_use_background_image": true,
        "has_extended_profile": false,
        "default_profile": false,
        "default_profile_image": false,
        "following": false,
        "follow_request_sent": false,
        "notifications": false,
        "translator_type": "none"
    },
    "geo": null,
    "coordinates": null,
    "place": null,
    "contributors": null,
    "retweeted_status": {
        "created_at": "Sat Oct 21 08:10:43 +0000 2017",
        "id": 921649939775705088,
        "id_str": "921649939775705088",
        "text": "\u041a\u043e\u043f\u0438\u0438 \u0441\u0435\u043a\u0440\u0435\u0442\u043d\u044b\u0445 \u0434\u043e\u043a\u0443\u043c\u0435\u043d\u0442\u043e\u0432 \u0421\u043b\u0443\u0436\u0431\u044b \u0431\u0435\u0437\u043e\u043f\u0430\u0441\u043d\u043e\u0441\u0442\u0438 \u0423\u043a\u0440\u0430\u0438\u043d\u044b \u043e \u043f\u0440\u043e\u0432\u0435\u0434\u0435\u043d\u0438\u0438 \u0441\u043f\u0435\u0446\u043e\u043f\u0435\u0440\u0430\u0446\u0438\u0438 \u043f\u043e \u0443\u043d\u0438\u0447\u0442\u043e\u0436\u0435\u043d\u0438\u044e \u0443\u043b\u0438\u043a \u043f\u043e \u0441\u0431\u0438\u0442\u0438\u044e\u2026 https://t.co/bbpka2c8Wd",
        "truncated": true,
        "entities": {
            "hashtags": [],
            "symbols": [],
            "user_mentions": [],
            "urls": [
                {
                    "url": "https://t.co/bbpka2c8Wd",
                    "expanded_url": "https://twitter.com/i/web/status/921649939775705088",
                    "display_url": "twitter.com/i/web/status/9\u2026",
                    "indices": [
                        112,
                        135
                    ]
                }
            ]
        },
        "source": "<a href=\"http://twitter.com/download/android\" rel=\"nofollow\">Twitter for Android</a>",
        "in_reply_to_status_id": null,
        "in_reply_to_status_id_str": null,
        "in_reply_to_user_id": null,
        "in_reply_to_user_id_str": null,
        "in_reply_to_screen_name": null,
        "user": {
            "id": 456686553,
            "id_str": "456686553",
            "name": "\u0410\u043d\u0434\u0440\u0435\u0439 \u0421\u041c\u0418\u0420\u041d\u041e\u0412",
            "screen_name": "asko_info",
            "location": "\u0421\u0432\u0463\u0442\u0430\u0467 \u048e\u0263\u00e7\u10ee - \u0412\u0435\u043b\u0438\u043a\u0430\u044f \u0422\u0430\u0440\u0442\u0430\u0440\u0438\u044f",
            "description": "\u0421 \u041d\u043e\u0432\u044b\u043c 7526 \u043b\u0463\u0442\u043e\u043c \u043e\u0442 \u0421.\u041c.\u0417.\u0425.!",
            "url": null,
            "entities": {
                "description": {
                    "urls": []
                }
            },
            "protected": false,
            "followers_count": 8345,
            "friends_count": 8422,
            "listed_count": 106,
            "created_at": "Fri Jan 06 14:53:59 +0000 2012",
            "favourites_count": 20100,
            "utc_offset": 10800,
            "time_zone": "Moscow",
            "geo_enabled": false,
            "verified": false,
            "statuses_count": 104517,
            "lang": "ru",
            "contributors_enabled": false,
            "is_translator": false,
            "is_translation_enabled": false,
            "profile_background_color": "EDECE9",
            "profile_background_image_url": "http://pbs.twimg.com/profile_background_images/463930510910042112/8CM93bXt.jpeg",
            "profile_background_image_url_https": "https://pbs.twimg.com/profile_background_images/463930510910042112/8CM93bXt.jpeg",
            "profile_background_tile": false,
            "profile_image_url": "http://pbs.twimg.com/profile_images/803868764471259137/0DFxGC7C_normal.jpg",
            "profile_image_url_https": "https://pbs.twimg.com/profile_images/803868764471259137/0DFxGC7C_normal.jpg",
            "profile_banner_url": "https://pbs.twimg.com/profile_banners/456686553/1479916724",
            "profile_link_color": "FA743E",
            "profile_sidebar_border_color": "FFFFFF",
            "profile_sidebar_fill_color": "DDEEF6",
            "profile_text_color": "333333",
            "profile_use_background_image": true,
            "has_extended_profile": false,
            "default_profile": false,
            "default_profile_image": false,
            "following": false,
            "follow_request_sent": false,
            "notifications": false,
            "translator_type": "none"
        },
        "geo": null,
        "coordinates": null,
        "place": null,
        "contributors": null,
        "is_quote_status": true,
        "quoted_status_id": 921600737624371200,
        "quoted_status_id_str": "921600737624371200",
        "quoted_status": {
            "created_at": "Sat Oct 21 04:55:13 +0000 2017",
            "id": 921600737624371200,
            "id_str": "921600737624371200",
            "text": "#sovsekretno.ru: #\u0423\u043d\u0438\u0447\u0442\u043e\u0436\u0438\u0442\u044c #\u0444\u0430\u043a\u0442\u044b #\u043f\u0440\u043e\u0432\u0435\u0434\u0435\u043d\u0438\u044f #\u0441\u043f\u0435\u0446\u0438\u0430\u043b\u044c\u043d\u043e\u0439 #\u043e\u043f\u0435\u0440\u0430\u0446\u0438\u0438  https://t.co/gA0ndXESe9 #Ukraine #MH17 https://t.co/lN3ENKgxkl",
            "truncated": false,
            "entities": {
                "hashtags": [
                    {
                        "text": "sovsekretno",
                        "indices": [
                            0,
                            12
                        ]
                    },
                    {
                        "text": "\u0423\u043d\u0438\u0447\u0442\u043e\u0436\u0438\u0442\u044c",
                        "indices": [
                            17,
                            28
                        ]
                    },
                    {
                        "text": "\u0444\u0430\u043a\u0442\u044b",
                        "indices": [
                            29,
                            35
                        ]
                    },
                    {
                        "text": "\u043f\u0440\u043e\u0432\u0435\u0434\u0435\u043d\u0438\u044f",
                        "indices": [
                            36,
                            47
                        ]
                    },
                    {
                        "text": "\u0441\u043f\u0435\u0446\u0438\u0430\u043b\u044c\u043d\u043e\u0439",
                        "indices": [
                            48,
                            60
                        ]
                    },
                    {
                        "text": "\u043e\u043f\u0435\u0440\u0430\u0446\u0438\u0438",
                        "indices": [
                            61,
                            70
                        ]
                    },
                    {
                        "text": "Ukraine",
                        "indices": [
                            96,
                            104
                        ]
                    },
                    {
                        "text": "MH17",
                        "indices": [
                            105,
                            110
                        ]
                    }
                ],
                "symbols": [],
                "user_mentions": [],
                "urls": [
                    {
                        "url": "https://t.co/gA0ndXESe9",
                        "expanded_url": "http://bit.ly/2yE8pSf",
                        "display_url": "bit.ly/2yE8pSf",
                        "indices": [
                            72,
                            95
                        ]
                    }
                ],
                "media": [
                    {
                        "id": 921600734449213441,
                        "id_str": "921600734449213441",
                        "indices": [
                            111,
                            134
                        ],
                        "media_url": "http://pbs.twimg.com/media/DMou_DGVoAEbYlO.jpg",
                        "media_url_https": "https://pbs.twimg.com/media/DMou_DGVoAEbYlO.jpg",
                        "url": "https://t.co/lN3ENKgxkl",
                        "display_url": "pic.twitter.com/lN3ENKgxkl",
                        "expanded_url": "https://twitter.com/RussSL/status/921600737624371200/photo/1",
                        "type": "photo",
                        "sizes": {
                            "thumb": {
                                "w": 150,
                                "h": 150,
                                "resize": "crop"
                            },
                            "large": {
                                "w": 384,
                                "h": 166,
                                "resize": "fit"
                            },
                            "small": {
                                "w": 384,
                                "h": 166,
                                "resize": "fit"
                            },
                            "medium": {
                                "w": 384,
                                "h": 166,
                                "resize": "fit"
                            }
                        }
                    }
                ]
            },
            "extended_entities": {
                "media": [
                    {
                        "id": 921600734449213441,
                        "id_str": "921600734449213441",
                        "indices": [
                            111,
                            134
                        ],
                        "media_url": "http://pbs.twimg.com/media/DMou_DGVoAEbYlO.jpg",
                        "media_url_https": "https://pbs.twimg.com/media/DMou_DGVoAEbYlO.jpg",
                        "url": "https://t.co/lN3ENKgxkl",
                        "display_url": "pic.twitter.com/lN3ENKgxkl",
                        "expanded_url": "https://twitter.com/RussSL/status/921600737624371200/photo/1",
                        "type": "photo",
                        "sizes": {
                            "thumb": {
                                "w": 150,
                                "h": 150,
                                "resize": "crop"
                            },
                            "large": {
                                "w": 384,
                                "h": 166,
                                "resize": "fit"
                            },
                            "small": {
                                "w": 384,
                                "h": 166,
                                "resize": "fit"
                            },
                            "medium": {
                                "w": 384,
                                "h": 166,
                                "resize": "fit"
                            }
                        }
                    },
                    {
                        "id": 921600734516277248,
                        "id_str": "921600734516277248",
                        "indices": [
                            111,
                            134
                        ],
                        "media_url": "http://pbs.twimg.com/media/DMou_DWU8AAVORo.jpg",
                        "media_url_https": "https://pbs.twimg.com/media/DMou_DWU8AAVORo.jpg",
                        "url": "https://t.co/lN3ENKgxkl",
                        "display_url": "pic.twitter.com/lN3ENKgxkl",
                        "expanded_url": "https://twitter.com/RussSL/status/921600737624371200/photo/1",
                        "type": "photo",
                        "sizes": {
                            "thumb": {
                                "w": 150,
                                "h": 150,
                                "resize": "crop"
                            },
                            "small": {
                                "w": 350,
                                "h": 260,
                                "resize": "fit"
                            },
                            "large": {
                                "w": 350,
                                "h": 260,
                                "resize": "fit"
                            },
                            "medium": {
                                "w": 350,
                                "h": 260,
                                "resize": "fit"
                            }
                        }
                    }
                ]
            },
            "source": "<a href=\"http://bufferapp.com\" rel=\"nofollow\">Buffer</a>",
            "in_reply_to_status_id": null,
            "in_reply_to_status_id_str": null,
            "in_reply_to_user_id": null,
            "in_reply_to_user_id_str": null,
            "in_reply_to_screen_name": null,
            "user": {
                "id": 94578764,
                "id_str": "94578764",
                "name": "YuriSL",
                "screen_name": "RussSL",
                "location": "My main website today:",
                "description": "I'm a founder of the Association 'YSL and Partners' and a Regional representative of 'MasterKey Translations', Russia. I\u2019m 73 years old and live in Omsk, Russia",
                "url": "https://t.co/VKUpfYjaPC",
                "entities": {
                    "url": {
                        "urls": [
                            {
                                "url": "https://t.co/VKUpfYjaPC",
                                "expanded_url": "http://yurisl.tiu.ru",
                                "display_url": "yurisl.tiu.ru",
                                "indices": [
                                    0,
                                    23
                                ]
                            }
                        ]
                    },
                    "description": {
                        "urls": []
                    }
                },
                "protected": false,
                "followers_count": 2724,
                "friends_count": 2415,
                "listed_count": 1438,
                "created_at": "Fri Dec 04 15:25:55 +0000 2009",
                "favourites_count": 80568,
                "utc_offset": 25200,
                "time_zone": "Novosibirsk",
                "geo_enabled": true,
                "verified": false,
                "statuses_count": 149924,
                "lang": "en",
                "contributors_enabled": false,
                "is_translator": false,
                "is_translation_enabled": false,
                "profile_background_color": "BFD7E3",
                "profile_background_image_url": "http://pbs.twimg.com/profile_background_images/871913371/acd86a5fbae8dd9fd76ed1341cfc7670.png",
                "profile_background_image_url_https": "https://pbs.twimg.com/profile_background_images/871913371/acd86a5fbae8dd9fd76ed1341cfc7670.png",
                "profile_background_tile": false,
                "profile_image_url": "http://pbs.twimg.com/profile_images/861593599020064768/nMe6NuG-_normal.jpg",
                "profile_image_url_https": "https://pbs.twimg.com/profile_images/861593599020064768/nMe6NuG-_normal.jpg",
                "profile_banner_url": "https://pbs.twimg.com/profile_banners/94578764/1494254946",
                "profile_link_color": "216178",
                "profile_sidebar_border_color": "FFFFFF",
                "profile_sidebar_fill_color": "DDEEF6",
                "profile_text_color": "333333",
                "profile_use_background_image": true,
                "has_extended_profile": true,
                "default_profile": false,
                "default_profile_image": false,
                "following": false,
                "follow_request_sent": false,
                "notifications": false,
                "translator_type": "none"
            },
            "geo": null,
            "coordinates": null,
            "place": null,
            "contributors": null,
            "is_quote_status": false,
            "retweet_count": 1,
            "favorite_count": 2,
            "favorited": false,
            "retweeted": false,
            "possibly_sensitive": false,
            "possibly_sensitive_appealable": false,
            "lang": "und"
        },
        "retweet_count": 18,
        "favorite_count": 2,
        "favorited": false,
        "retweeted": false,
        "possibly_sensitive": false,
        "possibly_sensitive_appealable": false,
        "lang": "ru"
    },
    "is_quote_status": true,
    "quoted_status_id": 921600737624371200,
    "quoted_status_id_str": "921600737624371200",
    "retweet_count": 18,
    "favorite_count": 0,
    "favorited": false,
    "retweeted": false,
    "lang": "ru"
}