{
    "created_at": "Thu Nov 09 18:14:04 +0000 2017",
    "id": 928687146214547457,
    "id_str": "928687146214547457",
    "text": "@Saito_section_9 Big Lie to fly alongside #MH17 #FalseFlag.  https://t.co/p8Q4tx1lts \u2026 https://t.co/E7ug2yfiY9 \u2026 https://t.co/COVIQisI2E",
    "truncated": false,
    "entities": {
        "hashtags": [
            {
                "text": "MH17",
                "indices": [
                    42,
                    47
                ]
            },
            {
                "text": "FalseFlag",
                "indices": [
                    48,
                    58
                ]
            }
        ],
        "symbols": [],
        "user_mentions": [
            {
                "screen_name": "Saito_section_9",
                "name": "Saito",
                "id": 2515011956,
                "id_str": "2515011956",
                "indices": [
                    0,
                    16
                ]
            }
        ],
        "urls": [
            {
                "url": "https://t.co/p8Q4tx1lts",
                "expanded_url": "https://www.youtube.com/watch?v=Gst2pwtzz1w",
                "display_url": "youtube.com/watch?v=Gst2pw\u2026",
                "indices": [
                    61,
                    84
                ]
            },
            {
                "url": "https://t.co/E7ug2yfiY9",
                "expanded_url": "https://www.youtube.com/watch?v=NaYvfhCRgOc",
                "display_url": "youtube.com/watch?v=NaYvfh\u2026",
                "indices": [
                    87,
                    110
                ]
            },
            {
                "url": "https://t.co/COVIQisI2E",
                "expanded_url": "https://www.indymedia.ie/article/104989",
                "display_url": "indymedia.ie/article/104989",
                "indices": [
                    113,
                    136
                ]
            }
        ]
    },
    "source": "<a href=\"http://twitter.com\" rel=\"nofollow\">Twitter Web Client</a>",
    "in_reply_to_status_id": 928681544931307521,
    "in_reply_to_status_id_str": "928681544931307521",
    "in_reply_to_user_id": 2515011956,
    "in_reply_to_user_id_str": "2515011956",
    "in_reply_to_screen_name": "Saito_section_9",
    "user": {
        "id": 296289556,
        "id_str": "296289556",
        "name": "Paul Jaines",
        "screen_name": "Pauljaines",
        "location": "",
        "description": "",
        "url": null,
        "entities": {
            "description": {
                "urls": []
            }
        },
        "protected": false,
        "followers_count": 1267,
        "friends_count": 985,
        "listed_count": 52,
        "created_at": "Tue May 10 14:21:34 +0000 2011",
        "favourites_count": 47681,
        "utc_offset": -18000,
        "time_zone": "Eastern Time (US & Canada)",
        "geo_enabled": false,
        "verified": false,
        "statuses_count": 51254,
        "lang": "en",
        "contributors_enabled": false,
        "is_translator": false,
        "is_translation_enabled": false,
        "profile_background_color": "ACDED6",
        "profile_background_image_url": "http://abs.twimg.com/images/themes/theme18/bg.gif",
        "profile_background_image_url_https": "https://abs.twimg.com/images/themes/theme18/bg.gif",
        "profile_background_tile": false,
        "profile_image_url": "http://pbs.twimg.com/profile_images/441673457432920064/FUv2XXwW_normal.jpeg",
        "profile_image_url_https": "https://pbs.twimg.com/profile_images/441673457432920064/FUv2XXwW_normal.jpeg",
        "profile_banner_url": "https://pbs.twimg.com/profile_banners/296289556/1395717269",
        "profile_link_color": "038543",
        "profile_sidebar_border_color": "FFFFFF",
        "profile_sidebar_fill_color": "F6F6F6",
        "profile_text_color": "333333",
        "profile_use_background_image": true,
        "has_extended_profile": false,
        "default_profile": false,
        "default_profile_image": false,
        "following": false,
        "follow_request_sent": false,
        "notifications": false,
        "translator_type": "none"
    },
    "geo": null,
    "coordinates": null,
    "place": null,
    "contributors": null,
    "is_quote_status": false,
    "retweet_count": 0,
    "favorite_count": 0,
    "favorited": false,
    "retweeted": false,
    "possibly_sensitive": false,
    "possibly_sensitive_appealable": false,
    "lang": "en"
}