{
    "created_at": "Fri Nov 10 18:11:29 +0000 2017",
    "id": 929048884759924737,
    "id_str": "929048884759924737",
    "text": "@RT_America @BoomBustRT Why does #Russia not tell the truth about #MH17? Why do they not want to admit that #Russia\u2026 https://t.co/QkbWs9Ppoo",
    "truncated": true,
    "entities": {
        "hashtags": [
            {
                "text": "Russia",
                "indices": [
                    33,
                    40
                ]
            },
            {
                "text": "MH17",
                "indices": [
                    66,
                    71
                ]
            },
            {
                "text": "Russia",
                "indices": [
                    108,
                    115
                ]
            }
        ],
        "symbols": [],
        "user_mentions": [
            {
                "screen_name": "RT_America",
                "name": "RT America",
                "id": 115754870,
                "id_str": "115754870",
                "indices": [
                    0,
                    11
                ]
            },
            {
                "screen_name": "BoomBustRT",
                "name": "RT Boom Bust",
                "id": 874249625720500224,
                "id_str": "874249625720500224",
                "indices": [
                    12,
                    23
                ]
            }
        ],
        "urls": [
            {
                "url": "https://t.co/QkbWs9Ppoo",
                "expanded_url": "https://twitter.com/i/web/status/929048884759924737",
                "display_url": "twitter.com/i/web/status/9\u2026",
                "indices": [
                    117,
                    140
                ]
            }
        ]
    },
    "source": "<a href=\"http://twitter.com/download/iphone\" rel=\"nofollow\">Twitter for iPhone</a>",
    "in_reply_to_status_id": 929047059445026816,
    "in_reply_to_status_id_str": "929047059445026816",
    "in_reply_to_user_id": 115754870,
    "in_reply_to_user_id_str": "115754870",
    "in_reply_to_screen_name": "RT_America",
    "user": {
        "id": 2755243022,
        "id_str": "2755243022",
        "name": "Read Disclaimer",
        "screen_name": "Read_Disclaimer",
        "location": "Amsterdam",
        "description": "We only respond to stupid motherfuckers and madmen without brains.",
        "url": "https://t.co/cPm6QvnaY3",
        "entities": {
            "url": {
                "urls": [
                    {
                        "url": "https://t.co/cPm6QvnaY3",
                        "expanded_url": "https://www.om.nl/onderwerpen/mh17-crash/@96068/jit-flight-mh17-shot/",
                        "display_url": "om.nl/onderwerpen/mh\u2026",
                        "indices": [
                            0,
                            23
                        ]
                    }
                ]
            },
            "description": {
                "urls": []
            }
        },
        "protected": false,
        "followers_count": 88,
        "friends_count": 82,
        "listed_count": 10,
        "created_at": "Fri Aug 22 14:56:38 +0000 2014",
        "favourites_count": 4023,
        "utc_offset": 3600,
        "time_zone": "Amsterdam",
        "geo_enabled": true,
        "verified": false,
        "statuses_count": 9524,
        "lang": "nl",
        "contributors_enabled": false,
        "is_translator": false,
        "is_translation_enabled": false,
        "profile_background_color": "C0DEED",
        "profile_background_image_url": "http://abs.twimg.com/images/themes/theme1/bg.png",
        "profile_background_image_url_https": "https://abs.twimg.com/images/themes/theme1/bg.png",
        "profile_background_tile": false,
        "profile_image_url": "http://pbs.twimg.com/profile_images/503139166960357377/Zam8BcWq_normal.jpeg",
        "profile_image_url_https": "https://pbs.twimg.com/profile_images/503139166960357377/Zam8BcWq_normal.jpeg",
        "profile_banner_url": "https://pbs.twimg.com/profile_banners/2755243022/1459937005",
        "profile_link_color": "1DA1F2",
        "profile_sidebar_border_color": "C0DEED",
        "profile_sidebar_fill_color": "DDEEF6",
        "profile_text_color": "333333",
        "profile_use_background_image": true,
        "has_extended_profile": false,
        "default_profile": true,
        "default_profile_image": false,
        "following": false,
        "follow_request_sent": false,
        "notifications": false,
        "translator_type": "none"
    },
    "geo": null,
    "coordinates": null,
    "place": null,
    "contributors": null,
    "is_quote_status": false,
    "retweet_count": 0,
    "favorite_count": 0,
    "favorited": false,
    "retweeted": false,
    "lang": "en"
}