{
    "created_at": "Fri Nov 10 22:00:16 +0000 2017",
    "id": 929106461233504256,
    "id_str": "929106461233504256",
    "text": "\u041a\u0420\u042b\u0421\u042b \u041c\u0410\u0419\u0414\u0410\u041d\u0410 | \u041e\u041b\u0415\u0413 \u041b\u042f\u0428\u041a\u041e https://t.co/hPZ93verLQ \u0441 \u043f\u043e\u043c\u043e\u0449\u044c\u044e @YouTube",
    "truncated": false,
    "entities": {
        "hashtags": [],
        "symbols": [],
        "user_mentions": [
            {
                "screen_name": "YouTube",
                "name": "YouTube",
                "id": 10228272,
                "id_str": "10228272",
                "indices": [
                    61,
                    69
                ]
            }
        ],
        "urls": [
            {
                "url": "https://t.co/hPZ93verLQ",
                "expanded_url": "https://youtu.be/e62QdL8wOXY",
                "display_url": "youtu.be/e62QdL8wOXY",
                "indices": [
                    27,
                    50
                ]
            }
        ]
    },
    "source": "<a href=\"http://twitter.com\" rel=\"nofollow\">Twitter Web Client</a>",
    "in_reply_to_status_id": null,
    "in_reply_to_status_id_str": null,
    "in_reply_to_user_id": null,
    "in_reply_to_user_id_str": null,
    "in_reply_to_screen_name": null,
    "user": {
        "id": 472101775,
        "id_str": "472101775",
        "name": "\u0414\u043e\u0431\u0440\u0430 \u0432\u0430\u043c \u0432 \u043b\u0435\u043d\u0442\u0443",
        "screen_name": "BarsukSerhei",
        "location": "Rijnsburg",
        "description": "",
        "url": null,
        "entities": {
            "description": {
                "urls": []
            }
        },
        "protected": false,
        "followers_count": 4,
        "friends_count": 52,
        "listed_count": 0,
        "created_at": "Mon Jan 23 16:11:03 +0000 2012",
        "favourites_count": 26,
        "utc_offset": null,
        "time_zone": null,
        "geo_enabled": true,
        "verified": false,
        "statuses_count": 569,
        "lang": "ru",
        "contributors_enabled": false,
        "is_translator": false,
        "is_translation_enabled": false,
        "profile_background_color": "C0DEED",
        "profile_background_image_url": "http://abs.twimg.com/images/themes/theme1/bg.png",
        "profile_background_image_url_https": "https://abs.twimg.com/images/themes/theme1/bg.png",
        "profile_background_tile": false,
        "profile_image_url": "http://pbs.twimg.com/profile_images/760475637069078533/i8lzuLhw_normal.jpg",
        "profile_image_url_https": "https://pbs.twimg.com/profile_images/760475637069078533/i8lzuLhw_normal.jpg",
        "profile_banner_url": "https://pbs.twimg.com/profile_banners/472101775/1468157283",
        "profile_link_color": "1DA1F2",
        "profile_sidebar_border_color": "C0DEED",
        "profile_sidebar_fill_color": "DDEEF6",
        "profile_text_color": "333333",
        "profile_use_background_image": true,
        "has_extended_profile": false,
        "default_profile": true,
        "default_profile_image": false,
        "following": false,
        "follow_request_sent": false,
        "notifications": false,
        "translator_type": "none"
    },
    "geo": null,
    "coordinates": null,
    "place": null,
    "contributors": null,
    "is_quote_status": false,
    "retweet_count": 0,
    "favorite_count": 0,
    "favorited": false,
    "retweeted": false,
    "possibly_sensitive": false,
    "possibly_sensitive_appealable": false,
    "lang": "ru"
}