{
    "created_at": "Wed Nov 08 14:38:07 +0000 2017",
    "id": 928270412533911553,
    "id_str": "928270412533911553",
    "text": "RT @TSlicht: #mh17 #fakenews How DSB&amp;JIT and westerns mainstream media manipulate and cheat and hide real facts and sell us their conspirac\u2026",
    "truncated": false,
    "entities": {
        "hashtags": [
            {
                "text": "mh17",
                "indices": [
                    13,
                    18
                ]
            },
            {
                "text": "fakenews",
                "indices": [
                    19,
                    28
                ]
            }
        ],
        "symbols": [],
        "user_mentions": [
            {
                "screen_name": "TSlicht",
                "name": "Todd A. Slicht",
                "id": 2982686613,
                "id_str": "2982686613",
                "indices": [
                    3,
                    11
                ]
            }
        ],
        "urls": []
    },
    "source": "<a href=\"http://twitter.com/download/android\" rel=\"nofollow\">Twitter for Android</a>",
    "in_reply_to_status_id": null,
    "in_reply_to_status_id_str": null,
    "in_reply_to_user_id": null,
    "in_reply_to_user_id_str": null,
    "in_reply_to_screen_name": null,
    "user": {
        "id": 22261879,
        "id_str": "22261879",
        "name": "willy klinkenberg",
        "screen_name": "clinsch",
        "location": "",
        "description": "",
        "url": null,
        "entities": {
            "description": {
                "urls": []
            }
        },
        "protected": false,
        "followers_count": 10,
        "friends_count": 42,
        "listed_count": 4,
        "created_at": "Sat Feb 28 14:58:25 +0000 2009",
        "favourites_count": 38,
        "utc_offset": null,
        "time_zone": null,
        "geo_enabled": false,
        "verified": false,
        "statuses_count": 1332,
        "lang": "nl",
        "contributors_enabled": false,
        "is_translator": false,
        "is_translation_enabled": false,
        "profile_background_color": "C0DEED",
        "profile_background_image_url": "http://abs.twimg.com/images/themes/theme1/bg.png",
        "profile_background_image_url_https": "https://abs.twimg.com/images/themes/theme1/bg.png",
        "profile_background_tile": false,
        "profile_image_url": "http://pbs.twimg.com/profile_images/912138571116576768/8c2LW13Y_normal.jpg",
        "profile_image_url_https": "https://pbs.twimg.com/profile_images/912138571116576768/8c2LW13Y_normal.jpg",
        "profile_link_color": "1DA1F2",
        "profile_sidebar_border_color": "C0DEED",
        "profile_sidebar_fill_color": "DDEEF6",
        "profile_text_color": "333333",
        "profile_use_background_image": true,
        "has_extended_profile": false,
        "default_profile": true,
        "default_profile_image": false,
        "following": false,
        "follow_request_sent": false,
        "notifications": false,
        "translator_type": "none"
    },
    "geo": null,
    "coordinates": null,
    "place": null,
    "contributors": null,
    "retweeted_status": {
        "created_at": "Mon Nov 06 00:12:38 +0000 2017",
        "id": 927327829104250881,
        "id_str": "927327829104250881",
        "text": "#mh17 #fakenews How DSB&amp;JIT and westerns mainstream media manipulate and cheat and hide real facts and sell us thei\u2026 https://t.co/lPMfeOI1VS",
        "truncated": true,
        "entities": {
            "hashtags": [
                {
                    "text": "mh17",
                    "indices": [
                        0,
                        5
                    ]
                },
                {
                    "text": "fakenews",
                    "indices": [
                        6,
                        15
                    ]
                }
            ],
            "symbols": [],
            "user_mentions": [],
            "urls": [
                {
                    "url": "https://t.co/lPMfeOI1VS",
                    "expanded_url": "https://twitter.com/i/web/status/927327829104250881",
                    "display_url": "twitter.com/i/web/status/9\u2026",
                    "indices": [
                        121,
                        144
                    ]
                }
            ]
        },
        "source": "<a href=\"http://twitter.com\" rel=\"nofollow\">Twitter Web Client</a>",
        "in_reply_to_status_id": null,
        "in_reply_to_status_id_str": null,
        "in_reply_to_user_id": null,
        "in_reply_to_user_id_str": null,
        "in_reply_to_screen_name": null,
        "user": {
            "id": 2982686613,
            "id_str": "2982686613",
            "name": "Todd A. Slicht",
            "screen_name": "TSlicht",
            "location": "",
            "description": "",
            "url": null,
            "entities": {
                "description": {
                    "urls": []
                }
            },
            "protected": false,
            "followers_count": 239,
            "friends_count": 157,
            "listed_count": 23,
            "created_at": "Sat Jan 17 16:39:51 +0000 2015",
            "favourites_count": 68,
            "utc_offset": -28800,
            "time_zone": "Pacific Time (US & Canada)",
            "geo_enabled": false,
            "verified": false,
            "statuses_count": 10374,
            "lang": "de",
            "contributors_enabled": false,
            "is_translator": false,
            "is_translation_enabled": false,
            "profile_background_color": "C0DEED",
            "profile_background_image_url": "http://abs.twimg.com/images/themes/theme1/bg.png",
            "profile_background_image_url_https": "https://abs.twimg.com/images/themes/theme1/bg.png",
            "profile_background_tile": false,
            "profile_image_url": "http://pbs.twimg.com/profile_images/556492100867350528/TSycf-AS_normal.jpeg",
            "profile_image_url_https": "https://pbs.twimg.com/profile_images/556492100867350528/TSycf-AS_normal.jpeg",
            "profile_link_color": "1DA1F2",
            "profile_sidebar_border_color": "C0DEED",
            "profile_sidebar_fill_color": "DDEEF6",
            "profile_text_color": "333333",
            "profile_use_background_image": true,
            "has_extended_profile": false,
            "default_profile": true,
            "default_profile_image": false,
            "following": false,
            "follow_request_sent": false,
            "notifications": false,
            "translator_type": "none"
        },
        "geo": null,
        "coordinates": null,
        "place": null,
        "contributors": null,
        "is_quote_status": false,
        "retweet_count": 13,
        "favorite_count": 5,
        "favorited": false,
        "retweeted": false,
        "possibly_sensitive": false,
        "possibly_sensitive_appealable": false,
        "lang": "en"
    },
    "is_quote_status": false,
    "retweet_count": 13,
    "favorite_count": 0,
    "favorited": false,
    "retweeted": false,
    "lang": "en"
}