{
    "created_at": "Thu Nov 09 17:18:44 +0000 2017",
    "id": 928673220877799425,
    "id_str": "928673220877799425",
    "text": "\u0412 #\u041d\u0410\u0411\u0423 \u043d\u0430\u0437\u0432\u0430\u043b\u0438 \u043d\u0435\u0437\u0430\u043a\u043e\u043d\u043d\u043e\u0439 \u043a\u043e\u043d\u0444\u0438\u0441\u043a\u0430\u0446\u0438\u044e \u0430\u0440\u0435\u0441\u0442\u043e\u0432\u0430\u043d\u043d\u044b\u0445 \u0432 \u0440\u0430\u043c\u043a\u0430\u0445 \"\u0433\u0430\u0437\u043e\u0432\u043e\u0433\u043e \u0434\u0435\u043b\u0430\" \u0434\u0435\u043d\u0435\u0433 \u0432 \"\u041e\u0449\u0430\u0434\u0431\u0430\u043d\u043a\u0435\"\u2026 https://t.co/iuf7nyzAG5",
    "truncated": true,
    "entities": {
        "hashtags": [
            {
                "text": "\u041d\u0410\u0411\u0423",
                "indices": [
                    2,
                    7
                ]
            }
        ],
        "symbols": [],
        "user_mentions": [],
        "urls": [
            {
                "url": "https://t.co/iuf7nyzAG5",
                "expanded_url": "https://twitter.com/i/web/status/928673220877799425",
                "display_url": "twitter.com/i/web/status/9\u2026",
                "indices": [
                    98,
                    121
                ]
            }
        ]
    },
    "source": "<a href=\"http://twitter.com\" rel=\"nofollow\">Twitter Web Client</a>",
    "in_reply_to_status_id": null,
    "in_reply_to_status_id_str": null,
    "in_reply_to_user_id": null,
    "in_reply_to_user_id_str": null,
    "in_reply_to_screen_name": null,
    "user": {
        "id": 156617684,
        "id_str": "156617684",
        "name": "ZN.UA \u0417\u0435\u0440\u043a\u0430\u043b\u043e \u043d\u0435\u0434\u0435\u043b\u0438",
        "screen_name": "zn_ua",
        "location": "Ukraine",
        "description": "\u041e\u0431\u0437\u043e\u0440 \u0441\u0430\u043c\u044b\u0445 \u0432\u0430\u0436\u043d\u044b\u0445 \u0438 \u0430\u043a\u0442\u0443\u0430\u043b\u044c\u043d\u044b\u0445 \u043f\u043e\u043b\u0438\u0442\u0438\u0447\u0435\u0441\u043a\u0438\u0445, \u044d\u043a\u043e\u043d\u043e\u043c\u0438\u0447\u0435\u0441\u043a\u0438\u0445 \u0438 \u0441\u043e\u0446\u0438\u0430\u043b\u044c\u043d\u043e-\u043a\u0443\u043b\u044c\u0442\u0443\u0440\u043d\u044b\u0445 \u0441\u043e\u0431\u044b\u0442\u0438\u0439 \u0432 \u0423\u043a\u0440\u0430\u0438\u043d\u0435 \u0438 \u0437\u0430 \u0440\u0443\u0431\u0435\u0436\u043e\u043c.",
        "url": "http://t.co/qBp6PQIAmB",
        "entities": {
            "url": {
                "urls": [
                    {
                        "url": "http://t.co/qBp6PQIAmB",
                        "expanded_url": "http://zn.ua",
                        "display_url": "zn.ua",
                        "indices": [
                            0,
                            22
                        ]
                    }
                ]
            },
            "description": {
                "urls": []
            }
        },
        "protected": false,
        "followers_count": 85325,
        "friends_count": 336,
        "listed_count": 616,
        "created_at": "Thu Jun 17 12:20:10 +0000 2010",
        "favourites_count": 73,
        "utc_offset": 7200,
        "time_zone": "Kyiv",
        "geo_enabled": true,
        "verified": true,
        "statuses_count": 94394,
        "lang": "uk",
        "contributors_enabled": false,
        "is_translator": false,
        "is_translation_enabled": false,
        "profile_background_color": "EAEAEA",
        "profile_background_image_url": "http://pbs.twimg.com/profile_background_images/208235186/zntwitterback.png",
        "profile_background_image_url_https": "https://pbs.twimg.com/profile_background_images/208235186/zntwitterback.png",
        "profile_background_tile": true,
        "profile_image_url": "http://pbs.twimg.com/profile_images/822094492119474176/X2YQJN-O_normal.jpg",
        "profile_image_url_https": "https://pbs.twimg.com/profile_images/822094492119474176/X2YQJN-O_normal.jpg",
        "profile_banner_url": "https://pbs.twimg.com/profile_banners/156617684/1495633657",
        "profile_link_color": "0055A4",
        "profile_sidebar_border_color": "CCCCCC",
        "profile_sidebar_fill_color": "EAEAEA",
        "profile_text_color": "222222",
        "profile_use_background_image": false,
        "has_extended_profile": false,
        "default_profile": false,
        "default_profile_image": false,
        "following": false,
        "follow_request_sent": false,
        "notifications": false,
        "translator_type": "none"
    },
    "geo": null,
    "coordinates": null,
    "place": {
        "id": "084d0d0155787e9d",
        "url": "https://api.twitter.com/1.1/geo/id/084d0d0155787e9d.json",
        "place_type": "country",
        "name": "Ukraine",
        "full_name": "Ukraine",
        "country_code": "UA",
        "country": "Ukraine",
        "contained_within": [],
        "bounding_box": {
            "type": "Polygon",
            "coordinates": [
                [
                    [
                        22.1357201,
                        44.386383
                    ],
                    [
                        40.227172,
                        44.386383
                    ],
                    [
                        40.227172,
                        52.379475
                    ],
                    [
                        22.1357201,
                        52.379475
                    ]
                ]
            ]
        },
        "attributes": {}
    },
    "contributors": null,
    "is_quote_status": false,
    "retweet_count": 2,
    "favorite_count": 1,
    "favorited": false,
    "retweeted": false,
    "possibly_sensitive": false,
    "possibly_sensitive_appealable": false,
    "lang": "ru"
}