{
    "created_at": "Sat Nov 04 19:42:47 +0000 2017",
    "id": 926897531161890818,
    "id_str": "926897531161890818",
    "text": "\u0427\u0442\u043e \u0435\u0439 \u043d\u0435 \u043d\u0440\u0430\u0432\u0438\u0442\u0441\u044f??\ud83d\ude35 \u042d\u0442\u043e \u0436\u0435 \u044d\u043b\u0435\u043c\u0435\u043d\u0442 \u0443\u043a\u0440-\u043a\u043e\u0439 \u043d\u0430\u0446.\u043e\u0434\u0435\u0436\u0434\u044b \u043f\u043e\u0441\u043b\u0435 #\u043c\u0430\u0439\u0434\u0430\u043d'\u0430 \u0438 \u0434\u0435\u0439\u0441\u0442\u0432\u0438\u044f \u043e\u0434\u043e\u0431\u0440\u0435\u043d\u044b \u0441 2014\u0433 \u0437\u0430\u043a\u043e\u043d\u043d\u044b \u0438 \u043e\u0431\u043e\u0441\u043d\u2026 https://t.co/a6cWAxsOVh",
    "truncated": true,
    "entities": {
        "hashtags": [
            {
                "text": "\u043c\u0430\u0439\u0434\u0430\u043d",
                "indices": [
                    62,
                    69
                ]
            }
        ],
        "symbols": [],
        "user_mentions": [],
        "urls": [
            {
                "url": "https://t.co/a6cWAxsOVh",
                "expanded_url": "https://twitter.com/i/web/status/926897531161890818",
                "display_url": "twitter.com/i/web/status/9\u2026",
                "indices": [
                    117,
                    140
                ]
            }
        ]
    },
    "source": "<a href=\"http://twitter.com/download/android\" rel=\"nofollow\">Twitter for Android</a>",
    "in_reply_to_status_id": null,
    "in_reply_to_status_id_str": null,
    "in_reply_to_user_id": null,
    "in_reply_to_user_id_str": null,
    "in_reply_to_screen_name": null,
    "user": {
        "id": 2924500397,
        "id_str": "2924500397",
        "name": "tat-lis",
        "screen_name": "tat_lis",
        "location": "\u041c\u0430\u043b\u0435\u043d\u044c\u043a\u0430\u044f \u0442\u043e\u0447\u043a\u0430 \u0432\u043e \u0412\u0441\u0435\u043b\u0435\u043d\u043d\u043e\u0439",
        "description": "\u0418\u043d\u0442\u0435\u0440\u0435\u0441\u0443\u044e\u0449\u0430\u044f\u0441\u044f \u043b\u0438\u0447\u043d\u043e\u0441\u0442\u044c \u0441 \u0447\u0443\u0432\u0441\u0442\u0432\u043e\u043c \u044e\u043c\u043e\u0440\u0430 \u0438 \u043e\u043f\u0442\u0438\u043c\u0438\u0437\u043c\u043e\u043c.",
        "url": null,
        "entities": {
            "description": {
                "urls": []
            }
        },
        "protected": false,
        "followers_count": 81,
        "friends_count": 39,
        "listed_count": 2,
        "created_at": "Tue Dec 16 07:36:06 +0000 2014",
        "favourites_count": 575,
        "utc_offset": 10800,
        "time_zone": "Minsk",
        "geo_enabled": false,
        "verified": false,
        "statuses_count": 62729,
        "lang": "ru",
        "contributors_enabled": false,
        "is_translator": false,
        "is_translation_enabled": false,
        "profile_background_color": "ACDED6",
        "profile_background_image_url": "http://abs.twimg.com/images/themes/theme18/bg.gif",
        "profile_background_image_url_https": "https://abs.twimg.com/images/themes/theme18/bg.gif",
        "profile_background_tile": false,
        "profile_image_url": "http://pbs.twimg.com/profile_images/544759371024961536/rmLr4TLW_normal.jpeg",
        "profile_image_url_https": "https://pbs.twimg.com/profile_images/544759371024961536/rmLr4TLW_normal.jpeg",
        "profile_banner_url": "https://pbs.twimg.com/profile_banners/2924500397/1428152140",
        "profile_link_color": "1B95E0",
        "profile_sidebar_border_color": "000000",
        "profile_sidebar_fill_color": "000000",
        "profile_text_color": "000000",
        "profile_use_background_image": true,
        "has_extended_profile": false,
        "default_profile": false,
        "default_profile_image": false,
        "following": false,
        "follow_request_sent": false,
        "notifications": false,
        "translator_type": "none"
    },
    "geo": null,
    "coordinates": null,
    "place": null,
    "contributors": null,
    "is_quote_status": true,
    "quoted_status_id": 926837300553814017,
    "quoted_status_id_str": "926837300553814017",
    "quoted_status": {
        "created_at": "Sat Nov 04 15:43:26 +0000 2017",
        "id": 926837300553814017,
        "id_str": "926837300553814017",
        "text": "\u0412\u0438\u0446\u0435-\u0421\u043f\u0438\u043a\u0435\u0440 \u0420\u0430\u0434\u044b \u043f\u043e\u0436\u0430\u043b\u043e\u0432\u0430\u043b\u0430\u0441\u044c \u043d\u0430 \u043e\u0431\u044b\u0441\u043a\u0438 \u0435\u0435 \u0433\u043e\u0441\u0442\u0435\u0439 \u043b\u044e\u0434\u044c\u043c\u0438 \u0432 \u0431\u0430\u043b\u0430\u043a\u043b\u0430\u0432\u0430\u0445 https://t.co/RXdVvpydJG #\u043d\u043e\u0432\u043e\u0441\u0442\u0438",
        "truncated": false,
        "entities": {
            "hashtags": [
                {
                    "text": "\u043d\u043e\u0432\u043e\u0441\u0442\u0438",
                    "indices": [
                        94,
                        102
                    ]
                }
            ],
            "symbols": [],
            "user_mentions": [],
            "urls": [
                {
                    "url": "https://t.co/RXdVvpydJG",
                    "expanded_url": "https://goo.gl/fb/B9ThmX",
                    "display_url": "goo.gl/fb/B9ThmX",
                    "indices": [
                        70,
                        93
                    ]
                }
            ]
        },
        "source": "<a href=\"http://www.google.com/\" rel=\"nofollow\">Google</a>",
        "in_reply_to_status_id": null,
        "in_reply_to_status_id_str": null,
        "in_reply_to_user_id": null,
        "in_reply_to_user_id_str": null,
        "in_reply_to_screen_name": null,
        "user": {
            "id": 4838566774,
            "id_str": "4838566774",
            "name": "\u0421\u0422\u0420\u0410\u041d\u0410.ua",
            "screen_name": "stranaua",
            "location": "Ukraine",
            "description": "\u0418\u043d\u0442\u0435\u0440\u043d\u0435\u0442-\u0433\u0430\u0437\u0435\u0442\u0430 \u043e \u0436\u0438\u0437\u043d\u0438 \u043f\u0440\u043e\u0441\u0442\u044b\u0445 \u0438 \u043d\u0435\u043f\u0440\u043e\u0441\u0442\u044b\u0445 \u043b\u044e\u0434\u0435\u0439 \u0432 \u0423\u043a\u0440\u0430\u0438\u043d\u0435, \u0430 \u0442\u0430\u043a\u0436\u0435 \u0437\u0430 \u0435\u0435 \u043f\u0440\u0435\u0434\u0435\u043b\u0430\u043c\u0438.",
            "url": "https://t.co/IQWwf6No9j",
            "entities": {
                "url": {
                    "urls": [
                        {
                            "url": "https://t.co/IQWwf6No9j",
                            "expanded_url": "http://strana.ua/",
                            "display_url": "strana.ua",
                            "indices": [
                                0,
                                23
                            ]
                        }
                    ]
                },
                "description": {
                    "urls": []
                }
            },
            "protected": false,
            "followers_count": 7815,
            "friends_count": 387,
            "listed_count": 51,
            "created_at": "Sat Jan 23 13:25:53 +0000 2016",
            "favourites_count": 6,
            "utc_offset": 7200,
            "time_zone": "Kiev",
            "geo_enabled": false,
            "verified": false,
            "statuses_count": 68820,
            "lang": "ru",
            "contributors_enabled": false,
            "is_translator": false,
            "is_translation_enabled": false,
            "profile_background_color": "F5F8FA",
            "profile_background_image_url": null,
            "profile_background_image_url_https": null,
            "profile_background_tile": false,
            "profile_image_url": "http://pbs.twimg.com/profile_images/960062230212509696/ooJ1f_Mt_normal.jpg",
            "profile_image_url_https": "https://pbs.twimg.com/profile_images/960062230212509696/ooJ1f_Mt_normal.jpg",
            "profile_banner_url": "https://pbs.twimg.com/profile_banners/4838566774/1484502812",
            "profile_link_color": "1DA1F2",
            "profile_sidebar_border_color": "C0DEED",
            "profile_sidebar_fill_color": "DDEEF6",
            "profile_text_color": "333333",
            "profile_use_background_image": true,
            "has_extended_profile": false,
            "default_profile": true,
            "default_profile_image": false,
            "following": false,
            "follow_request_sent": false,
            "notifications": false,
            "translator_type": "regular"
        },
        "geo": null,
        "coordinates": null,
        "place": null,
        "contributors": null,
        "is_quote_status": false,
        "retweet_count": 0,
        "favorite_count": 0,
        "favorited": false,
        "retweeted": false,
        "possibly_sensitive": false,
        "possibly_sensitive_appealable": false,
        "lang": "ru"
    },
    "retweet_count": 0,
    "favorite_count": 0,
    "favorited": false,
    "retweeted": false,
    "possibly_sensitive": false,
    "possibly_sensitive_appealable": false,
    "lang": "ru"
}