{
    "created_at": "Tue Nov 07 20:55:00 +0000 2017",
    "id": 928002871244685312,
    "id_str": "928002871244685312",
    "text": "@Read_Disclaimer @RogersTeodor @TSlicht @SerboCanada @KeesvdPijl1 @CounterPsyOps JIT investigation is only for prop\u2026 https://t.co/5b9ofg1tSQ",
    "truncated": true,
    "entities": {
        "hashtags": [],
        "symbols": [],
        "user_mentions": [
            {
                "screen_name": "Read_Disclaimer",
                "name": "Read Disclaimer",
                "id": 2755243022,
                "id_str": "2755243022",
                "indices": [
                    0,
                    16
                ]
            },
            {
                "screen_name": "RogersTeodor",
                "name": "Theodore Rogers",
                "id": 927224363232956417,
                "id_str": "927224363232956417",
                "indices": [
                    17,
                    30
                ]
            },
            {
                "screen_name": "TSlicht",
                "name": "Todd A. Slicht",
                "id": 2982686613,
                "id_str": "2982686613",
                "indices": [
                    31,
                    39
                ]
            },
            {
                "screen_name": "SerboCanada",
                "name": "Serbo-Canadian",
                "id": 134229643,
                "id_str": "134229643",
                "indices": [
                    40,
                    52
                ]
            },
            {
                "screen_name": "KeesvdPijl1",
                "name": "Kees van der Pijl",
                "id": 4265884905,
                "id_str": "4265884905",
                "indices": [
                    53,
                    65
                ]
            },
            {
                "screen_name": "CounterPsyOps",
                "name": "CounterPsyOps",
                "id": 347824515,
                "id_str": "347824515",
                "indices": [
                    66,
                    80
                ]
            }
        ],
        "urls": [
            {
                "url": "https://t.co/5b9ofg1tSQ",
                "expanded_url": "https://twitter.com/i/web/status/928002871244685312",
                "display_url": "twitter.com/i/web/status/9\u2026",
                "indices": [
                    117,
                    140
                ]
            }
        ]
    },
    "source": "<a href=\"http://twitter.com\" rel=\"nofollow\">Twitter Web Client</a>",
    "in_reply_to_status_id": 928001220865863680,
    "in_reply_to_status_id_str": "928001220865863680",
    "in_reply_to_user_id": 2755243022,
    "in_reply_to_user_id_str": "2755243022",
    "in_reply_to_screen_name": "Read_Disclaimer",
    "user": {
        "id": 296289556,
        "id_str": "296289556",
        "name": "Paul Jaines",
        "screen_name": "Pauljaines",
        "location": "",
        "description": "",
        "url": null,
        "entities": {
            "description": {
                "urls": []
            }
        },
        "protected": false,
        "followers_count": 1267,
        "friends_count": 985,
        "listed_count": 52,
        "created_at": "Tue May 10 14:21:34 +0000 2011",
        "favourites_count": 47681,
        "utc_offset": -18000,
        "time_zone": "Eastern Time (US & Canada)",
        "geo_enabled": false,
        "verified": false,
        "statuses_count": 51254,
        "lang": "en",
        "contributors_enabled": false,
        "is_translator": false,
        "is_translation_enabled": false,
        "profile_background_color": "ACDED6",
        "profile_background_image_url": "http://abs.twimg.com/images/themes/theme18/bg.gif",
        "profile_background_image_url_https": "https://abs.twimg.com/images/themes/theme18/bg.gif",
        "profile_background_tile": false,
        "profile_image_url": "http://pbs.twimg.com/profile_images/441673457432920064/FUv2XXwW_normal.jpeg",
        "profile_image_url_https": "https://pbs.twimg.com/profile_images/441673457432920064/FUv2XXwW_normal.jpeg",
        "profile_banner_url": "https://pbs.twimg.com/profile_banners/296289556/1395717269",
        "profile_link_color": "038543",
        "profile_sidebar_border_color": "FFFFFF",
        "profile_sidebar_fill_color": "F6F6F6",
        "profile_text_color": "333333",
        "profile_use_background_image": true,
        "has_extended_profile": false,
        "default_profile": false,
        "default_profile_image": false,
        "following": false,
        "follow_request_sent": false,
        "notifications": false,
        "translator_type": "none"
    },
    "geo": null,
    "coordinates": null,
    "place": null,
    "contributors": null,
    "is_quote_status": false,
    "retweet_count": 3,
    "favorite_count": 1,
    "favorited": false,
    "retweeted": false,
    "possibly_sensitive": false,
    "possibly_sensitive_appealable": false,
    "lang": "en"
}