{
    "created_at": "Fri Nov 03 19:24:16 +0000 2017",
    "id": 926530485077110784,
    "id_str": "926530485077110784",
    "text": "\u041f\u043e\u0442\u0435\u0440\u044f\u0432\u0448\u0438\u0435 \u0441\u043e\u0432\u0435\u0441\u0442\u044c \u043e\u0431\u044a\u044f\u0432\u043b\u0435\u043d\u0438\u044f \u0432 \u0433\u0430\u0437\u0435\u0442\u044b \u043d\u0435 \u0434\u0430\u044e\u0442. \u042f\u043d\u0435\u043a \u0427\u0443\u0445\u0440\u0430\u0439",
    "truncated": false,
    "entities": {
        "hashtags": [],
        "symbols": [],
        "user_mentions": [],
        "urls": []
    },
    "source": "<a href=\"http://twitter.com\" rel=\"nofollow\">Twitter Web Client</a>",
    "in_reply_to_status_id": null,
    "in_reply_to_status_id_str": null,
    "in_reply_to_user_id": null,
    "in_reply_to_user_id_str": null,
    "in_reply_to_screen_name": null,
    "user": {
        "id": 608985461,
        "id_str": "608985461",
        "name": "\u042f\u043d\u0435\u043a \u0427\u0443\u0445\u0440\u0430\u0439",
        "screen_name": "yanek_22a",
        "location": "",
        "description": "",
        "url": null,
        "entities": {
            "description": {
                "urls": []
            }
        },
        "protected": false,
        "followers_count": 336,
        "friends_count": 412,
        "listed_count": 10,
        "created_at": "Fri Jun 15 10:51:28 +0000 2012",
        "favourites_count": 1714,
        "utc_offset": -28800,
        "time_zone": "Pacific Time (US & Canada)",
        "geo_enabled": true,
        "verified": false,
        "statuses_count": 27598,
        "lang": "ru",
        "contributors_enabled": false,
        "is_translator": false,
        "is_translation_enabled": false,
        "profile_background_color": "C0DEED",
        "profile_background_image_url": "http://abs.twimg.com/images/themes/theme1/bg.png",
        "profile_background_image_url_https": "https://abs.twimg.com/images/themes/theme1/bg.png",
        "profile_background_tile": false,
        "profile_image_url": "http://pbs.twimg.com/profile_images/2372190282/yfmpokzg3ofjvtfjx4z9_normal.jpeg",
        "profile_image_url_https": "https://pbs.twimg.com/profile_images/2372190282/yfmpokzg3ofjvtfjx4z9_normal.jpeg",
        "profile_banner_url": "https://pbs.twimg.com/profile_banners/608985461/1436357857",
        "profile_link_color": "1DA1F2",
        "profile_sidebar_border_color": "C0DEED",
        "profile_sidebar_fill_color": "DDEEF6",
        "profile_text_color": "333333",
        "profile_use_background_image": true,
        "has_extended_profile": false,
        "default_profile": true,
        "default_profile_image": false,
        "following": false,
        "follow_request_sent": false,
        "notifications": false,
        "translator_type": "none"
    },
    "geo": null,
    "coordinates": null,
    "place": null,
    "contributors": null,
    "is_quote_status": false,
    "retweet_count": 0,
    "favorite_count": 0,
    "favorited": false,
    "retweeted": false,
    "lang": "ru"
}