{
    "created_at": "Fri Nov 10 13:19:20 +0000 2017",
    "id": 928975364134723585,
    "id_str": "928975364134723585",
    "text": "@RusPavelS @KimmoKannala @_Svift_ @eurasiadaily #MH17 conflicting lies to cover up Kiev junta deception. Andriy Des\u2026 https://t.co/eteXM73lVc",
    "truncated": true,
    "entities": {
        "hashtags": [
            {
                "text": "MH17",
                "indices": [
                    48,
                    53
                ]
            }
        ],
        "symbols": [],
        "user_mentions": [
            {
                "screen_name": "RusPavelS",
                "name": "\u041f\u0430\u0432\u0435\u043b\u0421",
                "id": 250265732,
                "id_str": "250265732",
                "indices": [
                    0,
                    10
                ]
            },
            {
                "screen_name": "KimmoKannala",
                "name": "Kimmo Kannala",
                "id": 377892342,
                "id_str": "377892342",
                "indices": [
                    11,
                    24
                ]
            },
            {
                "screen_name": "_Svift_",
                "name": "_Svift_",
                "id": 95209336,
                "id_str": "95209336",
                "indices": [
                    25,
                    33
                ]
            },
            {
                "screen_name": "eurasiadaily",
                "name": "EAD",
                "id": 3207588214,
                "id_str": "3207588214",
                "indices": [
                    34,
                    47
                ]
            }
        ],
        "urls": [
            {
                "url": "https://t.co/eteXM73lVc",
                "expanded_url": "https://twitter.com/i/web/status/928975364134723585",
                "display_url": "twitter.com/i/web/status/9\u2026",
                "indices": [
                    117,
                    140
                ]
            }
        ]
    },
    "source": "<a href=\"http://twitter.com\" rel=\"nofollow\">Twitter Web Client</a>",
    "in_reply_to_status_id": 928963766284423168,
    "in_reply_to_status_id_str": "928963766284423168",
    "in_reply_to_user_id": 250265732,
    "in_reply_to_user_id_str": "250265732",
    "in_reply_to_screen_name": "RusPavelS",
    "user": {
        "id": 296289556,
        "id_str": "296289556",
        "name": "Paul Jaines",
        "screen_name": "Pauljaines",
        "location": "",
        "description": "",
        "url": null,
        "entities": {
            "description": {
                "urls": []
            }
        },
        "protected": false,
        "followers_count": 1267,
        "friends_count": 985,
        "listed_count": 52,
        "created_at": "Tue May 10 14:21:34 +0000 2011",
        "favourites_count": 47681,
        "utc_offset": -18000,
        "time_zone": "Eastern Time (US & Canada)",
        "geo_enabled": false,
        "verified": false,
        "statuses_count": 51254,
        "lang": "en",
        "contributors_enabled": false,
        "is_translator": false,
        "is_translation_enabled": false,
        "profile_background_color": "ACDED6",
        "profile_background_image_url": "http://abs.twimg.com/images/themes/theme18/bg.gif",
        "profile_background_image_url_https": "https://abs.twimg.com/images/themes/theme18/bg.gif",
        "profile_background_tile": false,
        "profile_image_url": "http://pbs.twimg.com/profile_images/441673457432920064/FUv2XXwW_normal.jpeg",
        "profile_image_url_https": "https://pbs.twimg.com/profile_images/441673457432920064/FUv2XXwW_normal.jpeg",
        "profile_banner_url": "https://pbs.twimg.com/profile_banners/296289556/1395717269",
        "profile_link_color": "038543",
        "profile_sidebar_border_color": "FFFFFF",
        "profile_sidebar_fill_color": "F6F6F6",
        "profile_text_color": "333333",
        "profile_use_background_image": true,
        "has_extended_profile": false,
        "default_profile": false,
        "default_profile_image": false,
        "following": false,
        "follow_request_sent": false,
        "notifications": false,
        "translator_type": "none"
    },
    "geo": null,
    "coordinates": null,
    "place": null,
    "contributors": null,
    "is_quote_status": false,
    "retweet_count": 1,
    "favorite_count": 0,
    "favorited": false,
    "retweeted": false,
    "possibly_sensitive": false,
    "possibly_sensitive_appealable": false,
    "lang": "en"
}