{
    "created_at": "Mon Nov 06 14:07:39 +0000 2017",
    "id": 927537969552150528,
    "id_str": "927537969552150528",
    "text": "\u0412 \u041a\u0438\u0435\u0432\u0435 \u043d\u0430\u0432\u0430\u043b\u044f\u043b\u0438 \u0441\u043e\u0432\u0435\u0442\u043d\u0438\u043a\u0443 \u0433\u043b\u0430\u0432\u044b \u041c\u0412\u0414 \u0417\u043e\u0440\u044f\u043d\u0443 \u0428\u043a\u0438\u0440\u044f\u043a\u0443. \u0412\u0418\u0414\u0415\u041e https://t.co/xwuBYGUVP1 #\u041c\u0430\u0439\u0434\u0430\u043d #\u0423\u043a\u0440\u0430\u0438\u043d\u0430 #\u0438\u0434\u0438\u043e\u0442\u044b",
    "truncated": false,
    "entities": {
        "hashtags": [
            {
                "text": "\u041c\u0430\u0439\u0434\u0430\u043d",
                "indices": [
                    83,
                    90
                ]
            },
            {
                "text": "\u0423\u043a\u0440\u0430\u0438\u043d\u0430",
                "indices": [
                    91,
                    99
                ]
            },
            {
                "text": "\u0438\u0434\u0438\u043e\u0442\u044b",
                "indices": [
                    100,
                    107
                ]
            }
        ],
        "symbols": [],
        "user_mentions": [],
        "urls": [
            {
                "url": "https://t.co/xwuBYGUVP1",
                "expanded_url": "https://zergulio.livejournal.com/5379968.html?utm_source=twsharing&utm_medium=social",
                "display_url": "zergulio.livejournal.com/5379968.html?u\u2026",
                "indices": [
                    59,
                    82
                ]
            }
        ]
    },
    "source": "<a href=\"http://twitter.com\" rel=\"nofollow\">Twitter Web Client</a>",
    "in_reply_to_status_id": null,
    "in_reply_to_status_id_str": null,
    "in_reply_to_user_id": null,
    "in_reply_to_user_id_str": null,
    "in_reply_to_screen_name": null,
    "user": {
        "id": 220649143,
        "id_str": "220649143",
        "name": "Kolyasnikov Sergey",
        "screen_name": "Zergulio",
        "location": "Russia",
        "description": "\u0421\u0442\u0430\u0440\u044b\u0439 \u0441\u043e\u043b\u0434\u0430\u0442 \u043d\u0435 \u0437\u043d\u0430\u0435\u0442 \u0441\u043b\u043e\u0432 \u043b\u044e\u0431\u0432\u0438.",
        "url": "http://t.co/lFLSVyOdWY",
        "entities": {
            "url": {
                "urls": [
                    {
                        "url": "http://t.co/lFLSVyOdWY",
                        "expanded_url": "http://zergulio.livejournal.com/",
                        "display_url": "zergulio.livejournal.com",
                        "indices": [
                            0,
                            22
                        ]
                    }
                ]
            },
            "description": {
                "urls": []
            }
        },
        "protected": false,
        "followers_count": 2316,
        "friends_count": 815,
        "listed_count": 53,
        "created_at": "Sun Nov 28 12:34:29 +0000 2010",
        "favourites_count": 282,
        "utc_offset": 18000,
        "time_zone": "Ekaterinburg",
        "geo_enabled": false,
        "verified": false,
        "statuses_count": 22711,
        "lang": "ru",
        "contributors_enabled": false,
        "is_translator": false,
        "is_translation_enabled": false,
        "profile_background_color": "C6E2EE",
        "profile_background_image_url": "http://pbs.twimg.com/profile_background_images/690419032051216384/auEqFXB5.jpg",
        "profile_background_image_url_https": "https://pbs.twimg.com/profile_background_images/690419032051216384/auEqFXB5.jpg",
        "profile_background_tile": false,
        "profile_image_url": "http://pbs.twimg.com/profile_images/870264326573228032/XhQ4e1ux_normal.jpg",
        "profile_image_url_https": "https://pbs.twimg.com/profile_images/870264326573228032/XhQ4e1ux_normal.jpg",
        "profile_banner_url": "https://pbs.twimg.com/profile_banners/220649143/1453443756",
        "profile_link_color": "1F98C7",
        "profile_sidebar_border_color": "000000",
        "profile_sidebar_fill_color": "000000",
        "profile_text_color": "000000",
        "profile_use_background_image": true,
        "has_extended_profile": false,
        "default_profile": false,
        "default_profile_image": false,
        "following": false,
        "follow_request_sent": false,
        "notifications": false,
        "translator_type": "none"
    },
    "geo": null,
    "coordinates": null,
    "place": null,
    "contributors": null,
    "is_quote_status": false,
    "retweet_count": 1,
    "favorite_count": 1,
    "favorited": false,
    "retweeted": false,
    "possibly_sensitive": false,
    "possibly_sensitive_appealable": false,
    "lang": "ru"
}