{
    "created_at": "Wed Nov 08 18:32:17 +0000 2017",
    "id": 928329343511814146,
    "id_str": "928329343511814146",
    "text": "Naturally, as they most likely were ordering him to kill #Ukrainians on #Maidan https://t.co/lNblDR1RjM",
    "truncated": false,
    "entities": {
        "hashtags": [
            {
                "text": "Ukrainians",
                "indices": [
                    57,
                    68
                ]
            },
            {
                "text": "Maidan",
                "indices": [
                    72,
                    79
                ]
            }
        ],
        "symbols": [],
        "user_mentions": [],
        "urls": [
            {
                "url": "https://t.co/lNblDR1RjM",
                "expanded_url": "https://twitter.com/uawire/status/928309182129991685",
                "display_url": "twitter.com/uawire/status/\u2026",
                "indices": [
                    80,
                    103
                ]
            }
        ]
    },
    "source": "<a href=\"http://twitter.com\" rel=\"nofollow\">Twitter Web Client</a>",
    "in_reply_to_status_id": null,
    "in_reply_to_status_id_str": null,
    "in_reply_to_user_id": null,
    "in_reply_to_user_id_str": null,
    "in_reply_to_screen_name": null,
    "user": {
        "id": 287210934,
        "id_str": "287210934",
        "name": "Tetyana S.",
        "screen_name": "TetySt",
        "location": "Europe",
        "description": "Ukrainian Living in Kyiv.\n\nRussia invaded Ukraine in 2014-....",
        "url": null,
        "entities": {
            "description": {
                "urls": []
            }
        },
        "protected": false,
        "followers_count": 3037,
        "friends_count": 1387,
        "listed_count": 83,
        "created_at": "Sun Apr 24 14:51:27 +0000 2011",
        "favourites_count": 39947,
        "utc_offset": 7200,
        "time_zone": "Europe/Kiev",
        "geo_enabled": false,
        "verified": false,
        "statuses_count": 67174,
        "lang": "en",
        "contributors_enabled": false,
        "is_translator": false,
        "is_translation_enabled": false,
        "profile_background_color": "352726",
        "profile_background_image_url": "http://abs.twimg.com/images/themes/theme5/bg.gif",
        "profile_background_image_url_https": "https://abs.twimg.com/images/themes/theme5/bg.gif",
        "profile_background_tile": false,
        "profile_image_url": "http://pbs.twimg.com/profile_images/955895605150273536/ZgtQV7yH_normal.jpg",
        "profile_image_url_https": "https://pbs.twimg.com/profile_images/955895605150273536/ZgtQV7yH_normal.jpg",
        "profile_banner_url": "https://pbs.twimg.com/profile_banners/287210934/1431612114",
        "profile_link_color": "1C8A99",
        "profile_sidebar_border_color": "000000",
        "profile_sidebar_fill_color": "000000",
        "profile_text_color": "000000",
        "profile_use_background_image": true,
        "has_extended_profile": false,
        "default_profile": false,
        "default_profile_image": false,
        "following": false,
        "follow_request_sent": false,
        "notifications": false,
        "translator_type": "none"
    },
    "geo": null,
    "coordinates": null,
    "place": null,
    "contributors": null,
    "is_quote_status": true,
    "quoted_status_id": 928309182129991685,
    "quoted_status_id_str": "928309182129991685",
    "quoted_status": {
        "created_at": "Wed Nov 08 17:12:10 +0000 2017",
        "id": 928309182129991685,
        "id_str": "928309182129991685",
        "text": "#Russia refuses to extradite to #Ukraine former commander of the Berkut special police suspected of killing #Maidan\u2026 https://t.co/EkzrnwDEel",
        "truncated": true,
        "entities": {
            "hashtags": [
                {
                    "text": "Russia",
                    "indices": [
                        0,
                        7
                    ]
                },
                {
                    "text": "Ukraine",
                    "indices": [
                        32,
                        40
                    ]
                },
                {
                    "text": "Maidan",
                    "indices": [
                        108,
                        115
                    ]
                }
            ],
            "symbols": [],
            "user_mentions": [],
            "urls": [
                {
                    "url": "https://t.co/EkzrnwDEel",
                    "expanded_url": "https://twitter.com/i/web/status/928309182129991685",
                    "display_url": "twitter.com/i/web/status/9\u2026",
                    "indices": [
                        117,
                        140
                    ]
                }
            ]
        },
        "source": "<a href=\"https://about.twitter.com/products/tweetdeck\" rel=\"nofollow\">TweetDeck</a>",
        "in_reply_to_status_id": null,
        "in_reply_to_status_id_str": null,
        "in_reply_to_user_id": null,
        "in_reply_to_user_id_str": null,
        "in_reply_to_screen_name": null,
        "user": {
            "id": 3488416033,
            "id_str": "3488416033",
            "name": "UAWire",
            "screen_name": "uawire",
            "location": "Toronto, Ontario",
            "description": "News, analysis and opinions on the events in Ukraine, Russia, the CIS, and around the world",
            "url": "https://t.co/kzjrZyaDQM",
            "entities": {
                "url": {
                    "urls": [
                        {
                            "url": "https://t.co/kzjrZyaDQM",
                            "expanded_url": "http://uawire.org",
                            "display_url": "uawire.org",
                            "indices": [
                                0,
                                23
                            ]
                        }
                    ]
                },
                "description": {
                    "urls": []
                }
            },
            "protected": false,
            "followers_count": 1733,
            "friends_count": 66,
            "listed_count": 44,
            "created_at": "Tue Sep 08 02:44:23 +0000 2015",
            "favourites_count": 7,
            "utc_offset": null,
            "time_zone": null,
            "geo_enabled": false,
            "verified": false,
            "statuses_count": 9635,
            "lang": "en",
            "contributors_enabled": false,
            "is_translator": false,
            "is_translation_enabled": false,
            "profile_background_color": "C0DEED",
            "profile_background_image_url": "http://abs.twimg.com/images/themes/theme1/bg.png",
            "profile_background_image_url_https": "https://abs.twimg.com/images/themes/theme1/bg.png",
            "profile_background_tile": false,
            "profile_image_url": "http://pbs.twimg.com/profile_images/717160218858225664/EVt-oPym_normal.jpg",
            "profile_image_url_https": "https://pbs.twimg.com/profile_images/717160218858225664/EVt-oPym_normal.jpg",
            "profile_banner_url": "https://pbs.twimg.com/profile_banners/3488416033/1452863371",
            "profile_link_color": "1DA1F2",
            "profile_sidebar_border_color": "C0DEED",
            "profile_sidebar_fill_color": "DDEEF6",
            "profile_text_color": "333333",
            "profile_use_background_image": true,
            "has_extended_profile": false,
            "default_profile": true,
            "default_profile_image": false,
            "following": false,
            "follow_request_sent": false,
            "notifications": false,
            "translator_type": "none"
        },
        "geo": null,
        "coordinates": null,
        "place": null,
        "contributors": null,
        "is_quote_status": false,
        "retweet_count": 6,
        "favorite_count": 3,
        "favorited": false,
        "retweeted": false,
        "possibly_sensitive": false,
        "possibly_sensitive_appealable": false,
        "lang": "en"
    },
    "retweet_count": 2,
    "favorite_count": 1,
    "favorited": false,
    "retweeted": false,
    "possibly_sensitive": false,
    "possibly_sensitive_appealable": false,
    "lang": "en"
}