{
    "created_at": "Wed Nov 08 07:13:58 +0000 2017",
    "id": 928158640732852224,
    "id_str": "928158640732852224",
    "text": "1210 days after. @Bellingcat: New July 17th Satellite Imagery Confirms Russia Produced Fake #MH17 Evidence https://t.co/WY8yAWqePZ",
    "truncated": false,
    "entities": {
        "hashtags": [
            {
                "text": "MH17",
                "indices": [
                    92,
                    97
                ]
            }
        ],
        "symbols": [],
        "user_mentions": [
            {
                "screen_name": "bellingcat",
                "name": "Bellingcat",
                "id": 2315512764,
                "id_str": "2315512764",
                "indices": [
                    17,
                    28
                ]
            }
        ],
        "urls": [],
        "media": [
            {
                "id": 928158595019104257,
                "id_str": "928158595019104257",
                "indices": [
                    107,
                    130
                ],
                "media_url": "http://pbs.twimg.com/media/DOF7UxdW4AEuytd.jpg",
                "media_url_https": "https://pbs.twimg.com/media/DOF7UxdW4AEuytd.jpg",
                "url": "https://t.co/WY8yAWqePZ",
                "display_url": "pic.twitter.com/WY8yAWqePZ",
                "expanded_url": "https://twitter.com/MH17Crime/status/928158640732852224/photo/1",
                "type": "photo",
                "sizes": {
                    "thumb": {
                        "w": 150,
                        "h": 150,
                        "resize": "crop"
                    },
                    "medium": {
                        "w": 557,
                        "h": 463,
                        "resize": "fit"
                    },
                    "small": {
                        "w": 557,
                        "h": 463,
                        "resize": "fit"
                    },
                    "large": {
                        "w": 557,
                        "h": 463,
                        "resize": "fit"
                    }
                }
            }
        ]
    },
    "extended_entities": {
        "media": [
            {
                "id": 928158595019104257,
                "id_str": "928158595019104257",
                "indices": [
                    107,
                    130
                ],
                "media_url": "http://pbs.twimg.com/media/DOF7UxdW4AEuytd.jpg",
                "media_url_https": "https://pbs.twimg.com/media/DOF7UxdW4AEuytd.jpg",
                "url": "https://t.co/WY8yAWqePZ",
                "display_url": "pic.twitter.com/WY8yAWqePZ",
                "expanded_url": "https://twitter.com/MH17Crime/status/928158640732852224/photo/1",
                "type": "photo",
                "sizes": {
                    "thumb": {
                        "w": 150,
                        "h": 150,
                        "resize": "crop"
                    },
                    "medium": {
                        "w": 557,
                        "h": 463,
                        "resize": "fit"
                    },
                    "small": {
                        "w": 557,
                        "h": 463,
                        "resize": "fit"
                    },
                    "large": {
                        "w": 557,
                        "h": 463,
                        "resize": "fit"
                    }
                }
            }
        ]
    },
    "source": "<a href=\"http://www.mytestapp.com\" rel=\"nofollow\">MyBotApp123123</a>",
    "in_reply_to_status_id": null,
    "in_reply_to_status_id_str": null,
    "in_reply_to_user_id": null,
    "in_reply_to_user_id_str": null,
    "in_reply_to_screen_name": null,
    "user": {
        "id": 773195502376583172,
        "id_str": "773195502376583172",
        "name": "MH17",
        "screen_name": "MH17Crime",
        "location": "",
        "description": "MH17 was a passenger flight from Amsterdam to Kuala Lumpur that was shot down on 17 July 2014, killing all 283 passengers and 15 crew on board.",
        "url": null,
        "entities": {
            "description": {
                "urls": []
            }
        },
        "protected": false,
        "followers_count": 71,
        "friends_count": 4,
        "listed_count": 1,
        "created_at": "Tue Sep 06 16:25:47 +0000 2016",
        "favourites_count": 1,
        "utc_offset": null,
        "time_zone": null,
        "geo_enabled": false,
        "verified": false,
        "statuses_count": 416,
        "lang": "en",
        "contributors_enabled": false,
        "is_translator": false,
        "is_translation_enabled": false,
        "profile_background_color": "000000",
        "profile_background_image_url": "http://abs.twimg.com/images/themes/theme1/bg.png",
        "profile_background_image_url_https": "https://abs.twimg.com/images/themes/theme1/bg.png",
        "profile_background_tile": false,
        "profile_image_url": "http://pbs.twimg.com/profile_images/773197591169359876/Og53euMl_normal.jpg",
        "profile_image_url_https": "https://pbs.twimg.com/profile_images/773197591169359876/Og53euMl_normal.jpg",
        "profile_link_color": "000000",
        "profile_sidebar_border_color": "000000",
        "profile_sidebar_fill_color": "000000",
        "profile_text_color": "000000",
        "profile_use_background_image": false,
        "has_extended_profile": false,
        "default_profile": false,
        "default_profile_image": false,
        "following": false,
        "follow_request_sent": false,
        "notifications": false,
        "translator_type": "none"
    },
    "geo": null,
    "coordinates": null,
    "place": null,
    "contributors": null,
    "is_quote_status": false,
    "retweet_count": 0,
    "favorite_count": 1,
    "favorited": false,
    "retweeted": false,
    "possibly_sensitive": false,
    "possibly_sensitive_appealable": false,
    "lang": "en"
}