{
    "created_at": "Sat Nov 04 03:35:04 +0000 2017",
    "id": 926653999079596032,
    "id_str": "926653999079596032",
    "text": "#PutinAtWar used thugs against Maidan in Ukraine, terrorists for #RussiaInvadedUkraine &amp; #TrumpRussia traitors to falsify US election. 2/2",
    "truncated": false,
    "entities": {
        "hashtags": [
            {
                "text": "PutinAtWar",
                "indices": [
                    0,
                    11
                ]
            },
            {
                "text": "RussiaInvadedUkraine",
                "indices": [
                    65,
                    86
                ]
            },
            {
                "text": "TrumpRussia",
                "indices": [
                    93,
                    105
                ]
            }
        ],
        "symbols": [],
        "user_mentions": [],
        "urls": []
    },
    "source": "<a href=\"http://twitter.com/download/iphone\" rel=\"nofollow\">Twitter for iPhone</a>",
    "in_reply_to_status_id": null,
    "in_reply_to_status_id_str": null,
    "in_reply_to_user_id": null,
    "in_reply_to_user_id_str": null,
    "in_reply_to_screen_name": null,
    "user": {
        "id": 2415072836,
        "id_str": "2415072836",
        "name": "Michael MacKay",
        "screen_name": "mhmck",
        "location": "Ottawa",
        "description": "Ph.D. from the LSE ... veteran of Ukraine democratic and civil society renaissance ... election observer ... Unix guru ... Upper Canadian",
        "url": "https://t.co/pwr8EDDAti",
        "entities": {
            "url": {
                "urls": [
                    {
                        "url": "https://t.co/pwr8EDDAti",
                        "expanded_url": "http://radiolemberg.com/ua-articles",
                        "display_url": "radiolemberg.com/ua-articles",
                        "indices": [
                            0,
                            23
                        ]
                    }
                ]
            },
            "description": {
                "urls": []
            }
        },
        "protected": false,
        "followers_count": 5326,
        "friends_count": 188,
        "listed_count": 158,
        "created_at": "Fri Mar 28 00:20:39 +0000 2014",
        "favourites_count": 6991,
        "utc_offset": -18000,
        "time_zone": "Eastern Time (US & Canada)",
        "geo_enabled": true,
        "verified": false,
        "statuses_count": 24916,
        "lang": "en",
        "contributors_enabled": false,
        "is_translator": false,
        "is_translation_enabled": false,
        "profile_background_color": "C0DEED",
        "profile_background_image_url": "http://abs.twimg.com/images/themes/theme1/bg.png",
        "profile_background_image_url_https": "https://abs.twimg.com/images/themes/theme1/bg.png",
        "profile_background_tile": false,
        "profile_image_url": "http://pbs.twimg.com/profile_images/551970594481520640/j-U7Igzo_normal.jpeg",
        "profile_image_url_https": "https://pbs.twimg.com/profile_images/551970594481520640/j-U7Igzo_normal.jpeg",
        "profile_banner_url": "https://pbs.twimg.com/profile_banners/2415072836/1397008526",
        "profile_link_color": "1DA1F2",
        "profile_sidebar_border_color": "C0DEED",
        "profile_sidebar_fill_color": "DDEEF6",
        "profile_text_color": "333333",
        "profile_use_background_image": true,
        "has_extended_profile": true,
        "default_profile": true,
        "default_profile_image": false,
        "following": false,
        "follow_request_sent": false,
        "notifications": false,
        "translator_type": "none"
    },
    "geo": null,
    "coordinates": null,
    "place": null,
    "contributors": null,
    "is_quote_status": false,
    "retweet_count": 10,
    "favorite_count": 10,
    "favorited": false,
    "retweeted": false,
    "lang": "en"
}