{
    "created_at": "Thu Nov 09 17:27:42 +0000 2017",
    "id": 928675478260584448,
    "id_str": "928675478260584448",
    "text": "@Redbaron9495 @StephanHaans @TamrikoT Even russian MoD officials with Almaz-Antey engineer stated that russian rada\u2026 https://t.co/nlyVq4NPkx",
    "truncated": true,
    "entities": {
        "hashtags": [],
        "symbols": [],
        "user_mentions": [
            {
                "screen_name": "Redbaron9495",
                "name": "Tony Rossini",
                "id": 324572101,
                "id_str": "324572101",
                "indices": [
                    0,
                    13
                ]
            },
            {
                "screen_name": "StephanHaans",
                "name": "Stephan",
                "id": 1372594580,
                "id_str": "1372594580",
                "indices": [
                    14,
                    27
                ]
            },
            {
                "screen_name": "TamrikoT",
                "name": "Springprincess",
                "id": 306656413,
                "id_str": "306656413",
                "indices": [
                    28,
                    37
                ]
            }
        ],
        "urls": [
            {
                "url": "https://t.co/nlyVq4NPkx",
                "expanded_url": "https://twitter.com/i/web/status/928675478260584448",
                "display_url": "twitter.com/i/web/status/9\u2026",
                "indices": [
                    117,
                    140
                ]
            }
        ]
    },
    "source": "<a href=\"http://twitter.com\" rel=\"nofollow\">Twitter Web Client</a>",
    "in_reply_to_status_id": 928673616702640129,
    "in_reply_to_status_id_str": "928673616702640129",
    "in_reply_to_user_id": 2515011956,
    "in_reply_to_user_id_str": "2515011956",
    "in_reply_to_screen_name": "Saito_section_9",
    "user": {
        "id": 2515011956,
        "id_str": "2515011956",
        "name": "Saito",
        "screen_name": "Saito_section_9",
        "location": "",
        "description": "",
        "url": null,
        "entities": {
            "description": {
                "urls": []
            }
        },
        "protected": false,
        "followers_count": 515,
        "friends_count": 462,
        "listed_count": 138,
        "created_at": "Thu May 22 09:49:32 +0000 2014",
        "favourites_count": 104281,
        "utc_offset": 7200,
        "time_zone": "Kyiv",
        "geo_enabled": true,
        "verified": false,
        "statuses_count": 91638,
        "lang": "en",
        "contributors_enabled": false,
        "is_translator": false,
        "is_translation_enabled": false,
        "profile_background_color": "1A1B1F",
        "profile_background_image_url": "http://pbs.twimg.com/profile_background_images/665642046011539456/bCBf8paO.jpg",
        "profile_background_image_url_https": "https://pbs.twimg.com/profile_background_images/665642046011539456/bCBf8paO.jpg",
        "profile_background_tile": true,
        "profile_image_url": "http://pbs.twimg.com/profile_images/469427579196145665/5RP4Tfnx_normal.jpeg",
        "profile_image_url_https": "https://pbs.twimg.com/profile_images/469427579196145665/5RP4Tfnx_normal.jpeg",
        "profile_banner_url": "https://pbs.twimg.com/profile_banners/2515011956/1437489686",
        "profile_link_color": "000000",
        "profile_sidebar_border_color": "000000",
        "profile_sidebar_fill_color": "000000",
        "profile_text_color": "000000",
        "profile_use_background_image": true,
        "has_extended_profile": true,
        "default_profile": false,
        "default_profile_image": false,
        "following": false,
        "follow_request_sent": false,
        "notifications": false,
        "translator_type": "none"
    },
    "geo": null,
    "coordinates": null,
    "place": null,
    "contributors": null,
    "is_quote_status": false,
    "retweet_count": 0,
    "favorite_count": 0,
    "favorited": false,
    "retweeted": false,
    "possibly_sensitive": false,
    "possibly_sensitive_appealable": false,
    "lang": "en"
}