{
    "created_at": "Thu Nov 09 09:38:52 +0000 2017",
    "id": 928557492283600896,
    "id_str": "928557492283600896",
    "text": "RT @adrozd83: \u041f\u0430\u043b\u0430\u044e\u0447\u0438\u0439 #\u041c\u0430\u0439\u0434\u0430\u043d \u0441\u043f\u0456\u0432\u0430\u0454 \u0413\u0456\u043c\u043d \u0423\u043a\u0440\u0430\u0457\u043d\u0438 (18.02.2014) #\u041a\u0438\u0457\u0432 \ud83c\uddfa\ud83c\udde6 https://t.co/WTr13AnFsa",
    "truncated": false,
    "entities": {
        "hashtags": [
            {
                "text": "\u041c\u0430\u0439\u0434\u0430\u043d",
                "indices": [
                    23,
                    30
                ]
            },
            {
                "text": "\u041a\u0438\u0457\u0432",
                "indices": [
                    64,
                    69
                ]
            }
        ],
        "symbols": [],
        "user_mentions": [
            {
                "screen_name": "adrozd83",
                "name": "\u041a\u0440\u0430\u0441\u0435\u043d\u044c \u039a\u0438\u0457\u0432",
                "id": 2575433509,
                "id_str": "2575433509",
                "indices": [
                    3,
                    12
                ]
            }
        ],
        "urls": [],
        "media": [
            {
                "id": 832882073501310978,
                "id_str": "832882073501310978",
                "indices": [
                    73,
                    96
                ],
                "media_url": "http://pbs.twimg.com/ext_tw_video_thumb/832882073501310978/pu/img/fQS-yRVwJNUPSJW9.jpg",
                "media_url_https": "https://pbs.twimg.com/ext_tw_video_thumb/832882073501310978/pu/img/fQS-yRVwJNUPSJW9.jpg",
                "url": "https://t.co/WTr13AnFsa",
                "display_url": "pic.twitter.com/WTr13AnFsa",
                "expanded_url": "https://twitter.com/adrozd83/status/832883742226132995/video/1",
                "type": "photo",
                "sizes": {
                    "thumb": {
                        "w": 150,
                        "h": 150,
                        "resize": "crop"
                    },
                    "large": {
                        "w": 640,
                        "h": 358,
                        "resize": "fit"
                    },
                    "small": {
                        "w": 640,
                        "h": 358,
                        "resize": "fit"
                    },
                    "medium": {
                        "w": 640,
                        "h": 358,
                        "resize": "fit"
                    }
                },
                "source_status_id": 832883742226132995,
                "source_status_id_str": "832883742226132995",
                "source_user_id": 2575433509,
                "source_user_id_str": "2575433509"
            }
        ]
    },
    "extended_entities": {
        "media": [
            {
                "id": 832882073501310978,
                "id_str": "832882073501310978",
                "indices": [
                    73,
                    96
                ],
                "media_url": "http://pbs.twimg.com/ext_tw_video_thumb/832882073501310978/pu/img/fQS-yRVwJNUPSJW9.jpg",
                "media_url_https": "https://pbs.twimg.com/ext_tw_video_thumb/832882073501310978/pu/img/fQS-yRVwJNUPSJW9.jpg",
                "url": "https://t.co/WTr13AnFsa",
                "display_url": "pic.twitter.com/WTr13AnFsa",
                "expanded_url": "https://twitter.com/adrozd83/status/832883742226132995/video/1",
                "type": "video",
                "sizes": {
                    "thumb": {
                        "w": 150,
                        "h": 150,
                        "resize": "crop"
                    },
                    "large": {
                        "w": 640,
                        "h": 358,
                        "resize": "fit"
                    },
                    "small": {
                        "w": 640,
                        "h": 358,
                        "resize": "fit"
                    },
                    "medium": {
                        "w": 640,
                        "h": 358,
                        "resize": "fit"
                    }
                },
                "source_status_id": 832883742226132995,
                "source_status_id_str": "832883742226132995",
                "source_user_id": 2575433509,
                "source_user_id_str": "2575433509",
                "video_info": {
                    "aspect_ratio": [
                        320,
                        179
                    ],
                    "duration_millis": 112028,
                    "variants": [
                        {
                            "bitrate": 256000,
                            "content_type": "video/mp4",
                            "url": "https://video.twimg.com/ext_tw_video/832882073501310978/pu/vid/320x180/7DbifD2DU7SjswmR.mp4"
                        },
                        {
                            "content_type": "application/x-mpegURL",
                            "url": "https://video.twimg.com/ext_tw_video/832882073501310978/pu/pl/TN7BkeXN2KRK9Mof.m3u8"
                        }
                    ]
                },
                "additional_media_info": {
                    "monetizable": false,
                    "source_user": {
                        "id": 2575433509,
                        "id_str": "2575433509",
                        "name": "\u041a\u0440\u0430\u0441\u0435\u043d\u044c \u039a\u0438\u0457\u0432",
                        "screen_name": "adrozd83",
                        "location": "#\u041a\u0438\u0457\u0432 \u2013 \u043c\u0456\u0441\u0442\u043e \u0413\u0435\u0440\u043e\u0457\u0432 \u2026",
                        "description": "\u0421\u043b\u0430\u0432\u0430 \u0423\u043a\u0440\u0430\u0457\u043d\u0456! \ud83c\uddfa\ud83c\udde6",
                        "url": null,
                        "entities": {
                            "description": {
                                "urls": []
                            }
                        },
                        "protected": false,
                        "followers_count": 9661,
                        "friends_count": 1923,
                        "listed_count": 109,
                        "created_at": "Wed Jun 18 20:02:37 +0000 2014",
                        "favourites_count": 32299,
                        "utc_offset": 7200,
                        "time_zone": "Kyiv",
                        "geo_enabled": true,
                        "verified": false,
                        "statuses_count": 20087,
                        "lang": "uk",
                        "contributors_enabled": false,
                        "is_translator": false,
                        "is_translation_enabled": false,
                        "profile_background_color": "131516",
                        "profile_background_image_url": "http://pbs.twimg.com/profile_background_images/654820618869706753/SjYNI-rd.jpg",
                        "profile_background_image_url_https": "https://pbs.twimg.com/profile_background_images/654820618869706753/SjYNI-rd.jpg",
                        "profile_background_tile": false,
                        "profile_image_url": "http://pbs.twimg.com/profile_images/875388271043411969/-h1UFV9D_normal.jpg",
                        "profile_image_url_https": "https://pbs.twimg.com/profile_images/875388271043411969/-h1UFV9D_normal.jpg",
                        "profile_banner_url": "https://pbs.twimg.com/profile_banners/2575433509/1445101956",
                        "profile_link_color": "131516",
                        "profile_sidebar_border_color": "FFFFFF",
                        "profile_sidebar_fill_color": "000000",
                        "profile_text_color": "000000",
                        "profile_use_background_image": true,
                        "has_extended_profile": false,
                        "default_profile": false,
                        "default_profile_image": false,
                        "following": false,
                        "follow_request_sent": false,
                        "notifications": false,
                        "translator_type": "none"
                    }
                }
            }
        ]
    },
    "source": "<a href=\"http://twitter.com/#!/download/ipad\" rel=\"nofollow\">Twitter for iPad</a>",
    "in_reply_to_status_id": null,
    "in_reply_to_status_id_str": null,
    "in_reply_to_user_id": null,
    "in_reply_to_user_id_str": null,
    "in_reply_to_screen_name": null,
    "user": {
        "id": 2650848837,
        "id_str": "2650848837",
        "name": "\u0418\u0432\u0430\u043d\u043e\u0432 \u0418\u0432\u0430\u043d",
        "screen_name": "KosyakSerg",
        "location": "\u041a\u0438\u0435\u0432, \u0423\u043a\u0440\u0430\u0438\u043d\u0430",
        "description": "",
        "url": null,
        "entities": {
            "description": {
                "urls": []
            }
        },
        "protected": false,
        "followers_count": 76,
        "friends_count": 438,
        "listed_count": 2,
        "created_at": "Sat Jun 28 18:36:26 +0000 2014",
        "favourites_count": 10311,
        "utc_offset": null,
        "time_zone": null,
        "geo_enabled": false,
        "verified": false,
        "statuses_count": 4286,
        "lang": "ru",
        "contributors_enabled": false,
        "is_translator": false,
        "is_translation_enabled": false,
        "profile_background_color": "C0DEED",
        "profile_background_image_url": "http://abs.twimg.com/images/themes/theme1/bg.png",
        "profile_background_image_url_https": "https://abs.twimg.com/images/themes/theme1/bg.png",
        "profile_background_tile": false,
        "profile_image_url": "http://abs.twimg.com/sticky/default_profile_images/default_profile_normal.png",
        "profile_image_url_https": "https://abs.twimg.com/sticky/default_profile_images/default_profile_normal.png",
        "profile_link_color": "1DA1F2",
        "profile_sidebar_border_color": "C0DEED",
        "profile_sidebar_fill_color": "DDEEF6",
        "profile_text_color": "333333",
        "profile_use_background_image": true,
        "has_extended_profile": false,
        "default_profile": true,
        "default_profile_image": true,
        "following": false,
        "follow_request_sent": false,
        "notifications": false,
        "translator_type": "none"
    },
    "geo": null,
    "coordinates": null,
    "place": null,
    "contributors": null,
    "retweeted_status": {
        "created_at": "Sat Feb 18 09:25:33 +0000 2017",
        "id": 832883742226132995,
        "id_str": "832883742226132995",
        "text": "\u041f\u0430\u043b\u0430\u044e\u0447\u0438\u0439 #\u041c\u0430\u0439\u0434\u0430\u043d \u0441\u043f\u0456\u0432\u0430\u0454 \u0413\u0456\u043c\u043d \u0423\u043a\u0440\u0430\u0457\u043d\u0438 (18.02.2014) #\u041a\u0438\u0457\u0432 \ud83c\uddfa\ud83c\udde6 https://t.co/WTr13AnFsa",
        "truncated": false,
        "entities": {
            "hashtags": [
                {
                    "text": "\u041c\u0430\u0439\u0434\u0430\u043d",
                    "indices": [
                        9,
                        16
                    ]
                },
                {
                    "text": "\u041a\u0438\u0457\u0432",
                    "indices": [
                        50,
                        55
                    ]
                }
            ],
            "symbols": [],
            "user_mentions": [],
            "urls": [],
            "media": [
                {
                    "id": 832882073501310978,
                    "id_str": "832882073501310978",
                    "indices": [
                        59,
                        82
                    ],
                    "media_url": "http://pbs.twimg.com/ext_tw_video_thumb/832882073501310978/pu/img/fQS-yRVwJNUPSJW9.jpg",
                    "media_url_https": "https://pbs.twimg.com/ext_tw_video_thumb/832882073501310978/pu/img/fQS-yRVwJNUPSJW9.jpg",
                    "url": "https://t.co/WTr13AnFsa",
                    "display_url": "pic.twitter.com/WTr13AnFsa",
                    "expanded_url": "https://twitter.com/adrozd83/status/832883742226132995/video/1",
                    "type": "photo",
                    "sizes": {
                        "thumb": {
                            "w": 150,
                            "h": 150,
                            "resize": "crop"
                        },
                        "large": {
                            "w": 640,
                            "h": 358,
                            "resize": "fit"
                        },
                        "small": {
                            "w": 640,
                            "h": 358,
                            "resize": "fit"
                        },
                        "medium": {
                            "w": 640,
                            "h": 358,
                            "resize": "fit"
                        }
                    }
                }
            ]
        },
        "extended_entities": {
            "media": [
                {
                    "id": 832882073501310978,
                    "id_str": "832882073501310978",
                    "indices": [
                        59,
                        82
                    ],
                    "media_url": "http://pbs.twimg.com/ext_tw_video_thumb/832882073501310978/pu/img/fQS-yRVwJNUPSJW9.jpg",
                    "media_url_https": "https://pbs.twimg.com/ext_tw_video_thumb/832882073501310978/pu/img/fQS-yRVwJNUPSJW9.jpg",
                    "url": "https://t.co/WTr13AnFsa",
                    "display_url": "pic.twitter.com/WTr13AnFsa",
                    "expanded_url": "https://twitter.com/adrozd83/status/832883742226132995/video/1",
                    "type": "video",
                    "sizes": {
                        "thumb": {
                            "w": 150,
                            "h": 150,
                            "resize": "crop"
                        },
                        "large": {
                            "w": 640,
                            "h": 358,
                            "resize": "fit"
                        },
                        "small": {
                            "w": 640,
                            "h": 358,
                            "resize": "fit"
                        },
                        "medium": {
                            "w": 640,
                            "h": 358,
                            "resize": "fit"
                        }
                    },
                    "video_info": {
                        "aspect_ratio": [
                            320,
                            179
                        ],
                        "duration_millis": 112028,
                        "variants": [
                            {
                                "bitrate": 256000,
                                "content_type": "video/mp4",
                                "url": "https://video.twimg.com/ext_tw_video/832882073501310978/pu/vid/320x180/7DbifD2DU7SjswmR.mp4"
                            },
                            {
                                "content_type": "application/x-mpegURL",
                                "url": "https://video.twimg.com/ext_tw_video/832882073501310978/pu/pl/TN7BkeXN2KRK9Mof.m3u8"
                            }
                        ]
                    },
                    "additional_media_info": {
                        "monetizable": false
                    }
                }
            ]
        },
        "source": "<a href=\"http://twitter.com\" rel=\"nofollow\">Twitter Web Client</a>",
        "in_reply_to_status_id": null,
        "in_reply_to_status_id_str": null,
        "in_reply_to_user_id": null,
        "in_reply_to_user_id_str": null,
        "in_reply_to_screen_name": null,
        "user": {
            "id": 2575433509,
            "id_str": "2575433509",
            "name": "\u041a\u0440\u0430\u0441\u0435\u043d\u044c \u039a\u0438\u0457\u0432",
            "screen_name": "adrozd83",
            "location": "#\u041a\u0438\u0457\u0432 \u2013 \u043c\u0456\u0441\u0442\u043e \u0413\u0435\u0440\u043e\u0457\u0432 \u2026",
            "description": "\u0421\u043b\u0430\u0432\u0430 \u0423\u043a\u0440\u0430\u0457\u043d\u0456! \ud83c\uddfa\ud83c\udde6",
            "url": null,
            "entities": {
                "description": {
                    "urls": []
                }
            },
            "protected": false,
            "followers_count": 9661,
            "friends_count": 1923,
            "listed_count": 109,
            "created_at": "Wed Jun 18 20:02:37 +0000 2014",
            "favourites_count": 32299,
            "utc_offset": 7200,
            "time_zone": "Kyiv",
            "geo_enabled": true,
            "verified": false,
            "statuses_count": 20087,
            "lang": "uk",
            "contributors_enabled": false,
            "is_translator": false,
            "is_translation_enabled": false,
            "profile_background_color": "131516",
            "profile_background_image_url": "http://pbs.twimg.com/profile_background_images/654820618869706753/SjYNI-rd.jpg",
            "profile_background_image_url_https": "https://pbs.twimg.com/profile_background_images/654820618869706753/SjYNI-rd.jpg",
            "profile_background_tile": false,
            "profile_image_url": "http://pbs.twimg.com/profile_images/875388271043411969/-h1UFV9D_normal.jpg",
            "profile_image_url_https": "https://pbs.twimg.com/profile_images/875388271043411969/-h1UFV9D_normal.jpg",
            "profile_banner_url": "https://pbs.twimg.com/profile_banners/2575433509/1445101956",
            "profile_link_color": "131516",
            "profile_sidebar_border_color": "FFFFFF",
            "profile_sidebar_fill_color": "000000",
            "profile_text_color": "000000",
            "profile_use_background_image": true,
            "has_extended_profile": false,
            "default_profile": false,
            "default_profile_image": false,
            "following": false,
            "follow_request_sent": false,
            "notifications": false,
            "translator_type": "none"
        },
        "geo": null,
        "coordinates": null,
        "place": null,
        "contributors": null,
        "is_quote_status": false,
        "retweet_count": 1756,
        "favorite_count": 1162,
        "favorited": false,
        "retweeted": false,
        "possibly_sensitive": false,
        "possibly_sensitive_appealable": false,
        "lang": "uk"
    },
    "is_quote_status": false,
    "retweet_count": 1756,
    "favorite_count": 0,
    "favorited": false,
    "retweeted": false,
    "possibly_sensitive": false,
    "possibly_sensitive_appealable": false,
    "lang": "uk"
}