{
    "created_at": "Tue Nov 07 23:47:14 +0000 2017",
    "id": 928046213798100992,
    "id_str": "928046213798100992",
    "text": "RT @Pauljaines: @Read_Disclaimer @RogersTeodor @TSlicht @SerboCanada #MH17 missing info has being withheld by Kiev junta, Dutch DSB and JIT\u2026",
    "truncated": false,
    "entities": {
        "hashtags": [
            {
                "text": "MH17",
                "indices": [
                    69,
                    74
                ]
            }
        ],
        "symbols": [],
        "user_mentions": [
            {
                "screen_name": "Pauljaines",
                "name": "Paul Jaines",
                "id": 296289556,
                "id_str": "296289556",
                "indices": [
                    3,
                    14
                ]
            },
            {
                "screen_name": "Read_Disclaimer",
                "name": "Read Disclaimer",
                "id": 2755243022,
                "id_str": "2755243022",
                "indices": [
                    16,
                    32
                ]
            },
            {
                "screen_name": "RogersTeodor",
                "name": "Theodore Rogers",
                "id": 927224363232956417,
                "id_str": "927224363232956417",
                "indices": [
                    33,
                    46
                ]
            },
            {
                "screen_name": "TSlicht",
                "name": "Todd A. Slicht",
                "id": 2982686613,
                "id_str": "2982686613",
                "indices": [
                    47,
                    55
                ]
            },
            {
                "screen_name": "SerboCanada",
                "name": "Serbo-Canadian",
                "id": 134229643,
                "id_str": "134229643",
                "indices": [
                    56,
                    68
                ]
            }
        ],
        "urls": []
    },
    "source": "<a href=\"http://twitter.com\" rel=\"nofollow\">Twitter Web Client</a>",
    "in_reply_to_status_id": null,
    "in_reply_to_status_id_str": null,
    "in_reply_to_user_id": null,
    "in_reply_to_user_id_str": null,
    "in_reply_to_screen_name": null,
    "user": {
        "id": 809840586,
        "id_str": "809840586",
        "name": "Mary Dobrski",
        "screen_name": "margrazyna",
        "location": "",
        "description": "",
        "url": null,
        "entities": {
            "description": {
                "urls": []
            }
        },
        "protected": false,
        "followers_count": 2992,
        "friends_count": 4293,
        "listed_count": 178,
        "created_at": "Sat Sep 08 00:12:48 +0000 2012",
        "favourites_count": 847,
        "utc_offset": -14400,
        "time_zone": "Atlantic Time (Canada)",
        "geo_enabled": true,
        "verified": false,
        "statuses_count": 69210,
        "lang": "en",
        "contributors_enabled": false,
        "is_translator": false,
        "is_translation_enabled": false,
        "profile_background_color": "C0DEED",
        "profile_background_image_url": "http://abs.twimg.com/images/themes/theme1/bg.png",
        "profile_background_image_url_https": "https://abs.twimg.com/images/themes/theme1/bg.png",
        "profile_background_tile": false,
        "profile_image_url": "http://pbs.twimg.com/profile_images/605879341340188673/HermapW6_normal.png",
        "profile_image_url_https": "https://pbs.twimg.com/profile_images/605879341340188673/HermapW6_normal.png",
        "profile_banner_url": "https://pbs.twimg.com/profile_banners/809840586/1433287441",
        "profile_link_color": "1DA1F2",
        "profile_sidebar_border_color": "C0DEED",
        "profile_sidebar_fill_color": "DDEEF6",
        "profile_text_color": "333333",
        "profile_use_background_image": true,
        "has_extended_profile": false,
        "default_profile": true,
        "default_profile_image": false,
        "following": false,
        "follow_request_sent": false,
        "notifications": false,
        "translator_type": "none"
    },
    "geo": null,
    "coordinates": null,
    "place": null,
    "contributors": null,
    "retweeted_status": {
        "created_at": "Tue Nov 07 17:42:11 +0000 2017",
        "id": 927954348281298944,
        "id_str": "927954348281298944",
        "text": "@Read_Disclaimer @RogersTeodor @TSlicht @SerboCanada #MH17 missing info has being withheld by Kiev junta, Dutch DSB\u2026 https://t.co/Yk3ybsrzah",
        "truncated": true,
        "entities": {
            "hashtags": [
                {
                    "text": "MH17",
                    "indices": [
                        53,
                        58
                    ]
                }
            ],
            "symbols": [],
            "user_mentions": [
                {
                    "screen_name": "Read_Disclaimer",
                    "name": "Read Disclaimer",
                    "id": 2755243022,
                    "id_str": "2755243022",
                    "indices": [
                        0,
                        16
                    ]
                },
                {
                    "screen_name": "RogersTeodor",
                    "name": "Theodore Rogers",
                    "id": 927224363232956417,
                    "id_str": "927224363232956417",
                    "indices": [
                        17,
                        30
                    ]
                },
                {
                    "screen_name": "TSlicht",
                    "name": "Todd A. Slicht",
                    "id": 2982686613,
                    "id_str": "2982686613",
                    "indices": [
                        31,
                        39
                    ]
                },
                {
                    "screen_name": "SerboCanada",
                    "name": "Serbo-Canadian",
                    "id": 134229643,
                    "id_str": "134229643",
                    "indices": [
                        40,
                        52
                    ]
                }
            ],
            "urls": [
                {
                    "url": "https://t.co/Yk3ybsrzah",
                    "expanded_url": "https://twitter.com/i/web/status/927954348281298944",
                    "display_url": "twitter.com/i/web/status/9\u2026",
                    "indices": [
                        117,
                        140
                    ]
                }
            ]
        },
        "source": "<a href=\"http://twitter.com\" rel=\"nofollow\">Twitter Web Client</a>",
        "in_reply_to_status_id": 927929291165323264,
        "in_reply_to_status_id_str": "927929291165323264",
        "in_reply_to_user_id": 2755243022,
        "in_reply_to_user_id_str": "2755243022",
        "in_reply_to_screen_name": "Read_Disclaimer",
        "user": {
            "id": 296289556,
            "id_str": "296289556",
            "name": "Paul Jaines",
            "screen_name": "Pauljaines",
            "location": "",
            "description": "",
            "url": null,
            "entities": {
                "description": {
                    "urls": []
                }
            },
            "protected": false,
            "followers_count": 1267,
            "friends_count": 985,
            "listed_count": 52,
            "created_at": "Tue May 10 14:21:34 +0000 2011",
            "favourites_count": 47681,
            "utc_offset": -18000,
            "time_zone": "Eastern Time (US & Canada)",
            "geo_enabled": false,
            "verified": false,
            "statuses_count": 51254,
            "lang": "en",
            "contributors_enabled": false,
            "is_translator": false,
            "is_translation_enabled": false,
            "profile_background_color": "ACDED6",
            "profile_background_image_url": "http://abs.twimg.com/images/themes/theme18/bg.gif",
            "profile_background_image_url_https": "https://abs.twimg.com/images/themes/theme18/bg.gif",
            "profile_background_tile": false,
            "profile_image_url": "http://pbs.twimg.com/profile_images/441673457432920064/FUv2XXwW_normal.jpeg",
            "profile_image_url_https": "https://pbs.twimg.com/profile_images/441673457432920064/FUv2XXwW_normal.jpeg",
            "profile_banner_url": "https://pbs.twimg.com/profile_banners/296289556/1395717269",
            "profile_link_color": "038543",
            "profile_sidebar_border_color": "FFFFFF",
            "profile_sidebar_fill_color": "F6F6F6",
            "profile_text_color": "333333",
            "profile_use_background_image": true,
            "has_extended_profile": false,
            "default_profile": false,
            "default_profile_image": false,
            "following": false,
            "follow_request_sent": false,
            "notifications": false,
            "translator_type": "none"
        },
        "geo": null,
        "coordinates": null,
        "place": null,
        "contributors": null,
        "is_quote_status": false,
        "retweet_count": 2,
        "favorite_count": 0,
        "favorited": false,
        "retweeted": false,
        "possibly_sensitive": false,
        "possibly_sensitive_appealable": false,
        "lang": "en"
    },
    "is_quote_status": false,
    "retweet_count": 2,
    "favorite_count": 0,
    "favorited": false,
    "retweeted": false,
    "lang": "en"
}