{
    "created_at": "Tue Nov 07 23:46:33 +0000 2017",
    "id": 928046044700483584,
    "id_str": "928046044700483584",
    "text": "RT @Pauljaines: @RogersTeodor @TSlicht #MH17 was shot down by Ukraine https://t.co/QOwF9lZYGj via @SerboCanada",
    "truncated": false,
    "entities": {
        "hashtags": [
            {
                "text": "MH17",
                "indices": [
                    39,
                    44
                ]
            }
        ],
        "symbols": [],
        "user_mentions": [
            {
                "screen_name": "Pauljaines",
                "name": "Paul Jaines",
                "id": 296289556,
                "id_str": "296289556",
                "indices": [
                    3,
                    14
                ]
            },
            {
                "screen_name": "RogersTeodor",
                "name": "Theodore Rogers",
                "id": 927224363232956417,
                "id_str": "927224363232956417",
                "indices": [
                    16,
                    29
                ]
            },
            {
                "screen_name": "TSlicht",
                "name": "Todd A. Slicht",
                "id": 2982686613,
                "id_str": "2982686613",
                "indices": [
                    30,
                    38
                ]
            },
            {
                "screen_name": "SerboCanada",
                "name": "Serbo-Canadian",
                "id": 134229643,
                "id_str": "134229643",
                "indices": [
                    98,
                    110
                ]
            }
        ],
        "urls": [],
        "media": [
            {
                "id": 884148699890237440,
                "id_str": "884148699890237440",
                "indices": [
                    70,
                    93
                ],
                "media_url": "http://pbs.twimg.com/media/DEUgjuGUwAA7ezj.jpg",
                "media_url_https": "https://pbs.twimg.com/media/DEUgjuGUwAA7ezj.jpg",
                "url": "https://t.co/QOwF9lZYGj",
                "display_url": "pic.twitter.com/QOwF9lZYGj",
                "expanded_url": "https://twitter.com/SerboCanada/status/884148711873433600/photo/1",
                "type": "photo",
                "sizes": {
                    "thumb": {
                        "w": 150,
                        "h": 150,
                        "resize": "crop"
                    },
                    "small": {
                        "w": 383,
                        "h": 680,
                        "resize": "fit"
                    },
                    "large": {
                        "w": 1080,
                        "h": 1920,
                        "resize": "fit"
                    },
                    "medium": {
                        "w": 675,
                        "h": 1200,
                        "resize": "fit"
                    }
                },
                "source_status_id": 884148711873433600,
                "source_status_id_str": "884148711873433600",
                "source_user_id": 134229643,
                "source_user_id_str": "134229643"
            }
        ]
    },
    "extended_entities": {
        "media": [
            {
                "id": 884148699890237440,
                "id_str": "884148699890237440",
                "indices": [
                    70,
                    93
                ],
                "media_url": "http://pbs.twimg.com/media/DEUgjuGUwAA7ezj.jpg",
                "media_url_https": "https://pbs.twimg.com/media/DEUgjuGUwAA7ezj.jpg",
                "url": "https://t.co/QOwF9lZYGj",
                "display_url": "pic.twitter.com/QOwF9lZYGj",
                "expanded_url": "https://twitter.com/SerboCanada/status/884148711873433600/photo/1",
                "type": "photo",
                "sizes": {
                    "thumb": {
                        "w": 150,
                        "h": 150,
                        "resize": "crop"
                    },
                    "small": {
                        "w": 383,
                        "h": 680,
                        "resize": "fit"
                    },
                    "large": {
                        "w": 1080,
                        "h": 1920,
                        "resize": "fit"
                    },
                    "medium": {
                        "w": 675,
                        "h": 1200,
                        "resize": "fit"
                    }
                },
                "source_status_id": 884148711873433600,
                "source_status_id_str": "884148711873433600",
                "source_user_id": 134229643,
                "source_user_id_str": "134229643"
            }
        ]
    },
    "source": "<a href=\"http://twitter.com\" rel=\"nofollow\">Twitter Web Client</a>",
    "in_reply_to_status_id": null,
    "in_reply_to_status_id_str": null,
    "in_reply_to_user_id": null,
    "in_reply_to_user_id_str": null,
    "in_reply_to_screen_name": null,
    "user": {
        "id": 257097577,
        "id_str": "257097577",
        "name": "Citizen of EU",
        "screen_name": "wavetossed",
        "location": "Vancouver, BC",
        "description": "An EU citizen who recognizes propaganda and thinks before believing anything",
        "url": null,
        "entities": {
            "description": {
                "urls": []
            }
        },
        "protected": false,
        "followers_count": 5677,
        "friends_count": 26,
        "listed_count": 756,
        "created_at": "Thu Feb 24 18:35:34 +0000 2011",
        "favourites_count": 24,
        "utc_offset": -28800,
        "time_zone": "Pacific Time (US & Canada)",
        "geo_enabled": true,
        "verified": false,
        "statuses_count": 353925,
        "lang": "en",
        "contributors_enabled": false,
        "is_translator": false,
        "is_translation_enabled": false,
        "profile_background_color": "73B3D1",
        "profile_background_image_url": "http://abs.twimg.com/images/themes/theme1/bg.png",
        "profile_background_image_url_https": "https://abs.twimg.com/images/themes/theme1/bg.png",
        "profile_background_tile": false,
        "profile_image_url": "http://pbs.twimg.com/profile_images/437749132757696512/7iACHULs_normal.jpeg",
        "profile_image_url_https": "https://pbs.twimg.com/profile_images/437749132757696512/7iACHULs_normal.jpeg",
        "profile_link_color": "038543",
        "profile_sidebar_border_color": "EEEEEE",
        "profile_sidebar_fill_color": "F6F6F6",
        "profile_text_color": "333333",
        "profile_use_background_image": true,
        "has_extended_profile": false,
        "default_profile": false,
        "default_profile_image": false,
        "following": false,
        "follow_request_sent": false,
        "notifications": false,
        "translator_type": "none"
    },
    "geo": null,
    "coordinates": null,
    "place": null,
    "contributors": null,
    "retweeted_status": {
        "created_at": "Tue Nov 07 02:41:08 +0000 2017",
        "id": 927727588285526016,
        "id_str": "927727588285526016",
        "text": "@RogersTeodor @TSlicht #MH17 was shot down by Ukraine https://t.co/QOwF9lZYGj via @SerboCanada",
        "truncated": false,
        "entities": {
            "hashtags": [
                {
                    "text": "MH17",
                    "indices": [
                        23,
                        28
                    ]
                }
            ],
            "symbols": [],
            "user_mentions": [
                {
                    "screen_name": "RogersTeodor",
                    "name": "Theodore Rogers",
                    "id": 927224363232956417,
                    "id_str": "927224363232956417",
                    "indices": [
                        0,
                        13
                    ]
                },
                {
                    "screen_name": "TSlicht",
                    "name": "Todd A. Slicht",
                    "id": 2982686613,
                    "id_str": "2982686613",
                    "indices": [
                        14,
                        22
                    ]
                },
                {
                    "screen_name": "SerboCanada",
                    "name": "Serbo-Canadian",
                    "id": 134229643,
                    "id_str": "134229643",
                    "indices": [
                        82,
                        94
                    ]
                }
            ],
            "urls": [],
            "media": [
                {
                    "id": 884148699890237440,
                    "id_str": "884148699890237440",
                    "indices": [
                        54,
                        77
                    ],
                    "media_url": "http://pbs.twimg.com/media/DEUgjuGUwAA7ezj.jpg",
                    "media_url_https": "https://pbs.twimg.com/media/DEUgjuGUwAA7ezj.jpg",
                    "url": "https://t.co/QOwF9lZYGj",
                    "display_url": "pic.twitter.com/QOwF9lZYGj",
                    "expanded_url": "https://twitter.com/SerboCanada/status/884148711873433600/photo/1",
                    "type": "photo",
                    "sizes": {
                        "thumb": {
                            "w": 150,
                            "h": 150,
                            "resize": "crop"
                        },
                        "small": {
                            "w": 383,
                            "h": 680,
                            "resize": "fit"
                        },
                        "large": {
                            "w": 1080,
                            "h": 1920,
                            "resize": "fit"
                        },
                        "medium": {
                            "w": 675,
                            "h": 1200,
                            "resize": "fit"
                        }
                    },
                    "source_status_id": 884148711873433600,
                    "source_status_id_str": "884148711873433600",
                    "source_user_id": 134229643,
                    "source_user_id_str": "134229643"
                }
            ]
        },
        "extended_entities": {
            "media": [
                {
                    "id": 884148699890237440,
                    "id_str": "884148699890237440",
                    "indices": [
                        54,
                        77
                    ],
                    "media_url": "http://pbs.twimg.com/media/DEUgjuGUwAA7ezj.jpg",
                    "media_url_https": "https://pbs.twimg.com/media/DEUgjuGUwAA7ezj.jpg",
                    "url": "https://t.co/QOwF9lZYGj",
                    "display_url": "pic.twitter.com/QOwF9lZYGj",
                    "expanded_url": "https://twitter.com/SerboCanada/status/884148711873433600/photo/1",
                    "type": "photo",
                    "sizes": {
                        "thumb": {
                            "w": 150,
                            "h": 150,
                            "resize": "crop"
                        },
                        "small": {
                            "w": 383,
                            "h": 680,
                            "resize": "fit"
                        },
                        "large": {
                            "w": 1080,
                            "h": 1920,
                            "resize": "fit"
                        },
                        "medium": {
                            "w": 675,
                            "h": 1200,
                            "resize": "fit"
                        }
                    },
                    "source_status_id": 884148711873433600,
                    "source_status_id_str": "884148711873433600",
                    "source_user_id": 134229643,
                    "source_user_id_str": "134229643"
                }
            ]
        },
        "source": "<a href=\"http://twitter.com\" rel=\"nofollow\">Twitter Web Client</a>",
        "in_reply_to_status_id": 927726482356686849,
        "in_reply_to_status_id_str": "927726482356686849",
        "in_reply_to_user_id": 927224363232956417,
        "in_reply_to_user_id_str": "927224363232956417",
        "in_reply_to_screen_name": "RogersTeodor",
        "user": {
            "id": 296289556,
            "id_str": "296289556",
            "name": "Paul Jaines",
            "screen_name": "Pauljaines",
            "location": "",
            "description": "",
            "url": null,
            "entities": {
                "description": {
                    "urls": []
                }
            },
            "protected": false,
            "followers_count": 1267,
            "friends_count": 985,
            "listed_count": 52,
            "created_at": "Tue May 10 14:21:34 +0000 2011",
            "favourites_count": 47681,
            "utc_offset": -18000,
            "time_zone": "Eastern Time (US & Canada)",
            "geo_enabled": false,
            "verified": false,
            "statuses_count": 51254,
            "lang": "en",
            "contributors_enabled": false,
            "is_translator": false,
            "is_translation_enabled": false,
            "profile_background_color": "ACDED6",
            "profile_background_image_url": "http://abs.twimg.com/images/themes/theme18/bg.gif",
            "profile_background_image_url_https": "https://abs.twimg.com/images/themes/theme18/bg.gif",
            "profile_background_tile": false,
            "profile_image_url": "http://pbs.twimg.com/profile_images/441673457432920064/FUv2XXwW_normal.jpeg",
            "profile_image_url_https": "https://pbs.twimg.com/profile_images/441673457432920064/FUv2XXwW_normal.jpeg",
            "profile_banner_url": "https://pbs.twimg.com/profile_banners/296289556/1395717269",
            "profile_link_color": "038543",
            "profile_sidebar_border_color": "FFFFFF",
            "profile_sidebar_fill_color": "F6F6F6",
            "profile_text_color": "333333",
            "profile_use_background_image": true,
            "has_extended_profile": false,
            "default_profile": false,
            "default_profile_image": false,
            "following": false,
            "follow_request_sent": false,
            "notifications": false,
            "translator_type": "none"
        },
        "geo": null,
        "coordinates": null,
        "place": null,
        "contributors": null,
        "is_quote_status": false,
        "retweet_count": 1,
        "favorite_count": 0,
        "favorited": false,
        "retweeted": false,
        "possibly_sensitive": false,
        "possibly_sensitive_appealable": false,
        "lang": "en"
    },
    "is_quote_status": false,
    "retweet_count": 1,
    "favorite_count": 0,
    "favorited": false,
    "retweeted": false,
    "possibly_sensitive": false,
    "possibly_sensitive_appealable": false,
    "lang": "en"
}