{
    "created_at": "Wed Nov 08 09:59:05 +0000 2017",
    "id": 928200191911583744,
    "id_str": "928200191911583744",
    "text": "#Russia refuses to deliver ex-chief of #Yanukovych riot police to #Ukraine https://t.co/bWzqMoc1W7 #Moscow #Kremlin\u2026 https://t.co/7sRL6iVS9L",
    "truncated": true,
    "entities": {
        "hashtags": [
            {
                "text": "Russia",
                "indices": [
                    0,
                    7
                ]
            },
            {
                "text": "Yanukovych",
                "indices": [
                    39,
                    50
                ]
            },
            {
                "text": "Ukraine",
                "indices": [
                    66,
                    74
                ]
            },
            {
                "text": "Moscow",
                "indices": [
                    99,
                    106
                ]
            },
            {
                "text": "Kremlin",
                "indices": [
                    107,
                    115
                ]
            }
        ],
        "symbols": [],
        "user_mentions": [],
        "urls": [
            {
                "url": "https://t.co/bWzqMoc1W7",
                "expanded_url": "http://belsat.eu/en/news/russia-refuses-to-deliver-ex-chief-of-yanukovych-riot-police-to-ukraine/",
                "display_url": "belsat.eu/en/news/russia\u2026",
                "indices": [
                    75,
                    98
                ]
            },
            {
                "url": "https://t.co/7sRL6iVS9L",
                "expanded_url": "https://twitter.com/i/web/status/928200191911583744",
                "display_url": "twitter.com/i/web/status/9\u2026",
                "indices": [
                    117,
                    140
                ]
            }
        ]
    },
    "source": "<a href=\"http://twitter.com\" rel=\"nofollow\">Twitter Web Client</a>",
    "in_reply_to_status_id": null,
    "in_reply_to_status_id_str": null,
    "in_reply_to_user_id": null,
    "in_reply_to_user_id_str": null,
    "in_reply_to_screen_name": null,
    "user": {
        "id": 2172681822,
        "id_str": "2172681822",
        "name": "Belsat in English",
        "screen_name": "Belsat_Eng",
        "location": "Minsk, Belarus",
        "description": "The first independent TV in Belarus",
        "url": "http://t.co/AbVvXV4cku",
        "entities": {
            "url": {
                "urls": [
                    {
                        "url": "http://t.co/AbVvXV4cku",
                        "expanded_url": "http://belsat.eu/en/",
                        "display_url": "belsat.eu/en/",
                        "indices": [
                            0,
                            22
                        ]
                    }
                ]
            },
            "description": {
                "urls": []
            }
        },
        "protected": false,
        "followers_count": 4513,
        "friends_count": 3476,
        "listed_count": 199,
        "created_at": "Sun Nov 03 19:28:38 +0000 2013",
        "favourites_count": 746,
        "utc_offset": 10800,
        "time_zone": "Minsk",
        "geo_enabled": false,
        "verified": false,
        "statuses_count": 8828,
        "lang": "en",
        "contributors_enabled": false,
        "is_translator": false,
        "is_translation_enabled": false,
        "profile_background_color": "EBEBEB",
        "profile_background_image_url": "http://pbs.twimg.com/profile_background_images/552962465772744704/XzdLOqqX.jpeg",
        "profile_background_image_url_https": "https://pbs.twimg.com/profile_background_images/552962465772744704/XzdLOqqX.jpeg",
        "profile_background_tile": false,
        "profile_image_url": "http://pbs.twimg.com/profile_images/939437706433658880/83Muq8mQ_normal.jpg",
        "profile_image_url_https": "https://pbs.twimg.com/profile_images/939437706433658880/83Muq8mQ_normal.jpg",
        "profile_banner_url": "https://pbs.twimg.com/profile_banners/2172681822/1512815246",
        "profile_link_color": "990000",
        "profile_sidebar_border_color": "FFFFFF",
        "profile_sidebar_fill_color": "F3F3F3",
        "profile_text_color": "333333",
        "profile_use_background_image": true,
        "has_extended_profile": false,
        "default_profile": false,
        "default_profile_image": false,
        "following": false,
        "follow_request_sent": false,
        "notifications": false,
        "translator_type": "none"
    },
    "geo": null,
    "coordinates": null,
    "place": null,
    "contributors": null,
    "is_quote_status": false,
    "retweet_count": 1,
    "favorite_count": 2,
    "favorited": false,
    "retweeted": false,
    "possibly_sensitive": false,
    "possibly_sensitive_appealable": false,
    "lang": "en"
}