{
    "created_at": "Thu Nov 09 13:17:36 +0000 2017",
    "id": 928612538383728641,
    "id_str": "928612538383728641",
    "text": "#\u041b\u0443\u0446\u0435\u043d\u043a\u043e: \u041a\u043e\u043d\u0444\u0438\u0441\u043a\u043e\u0432\u0430\u043d\u043d\u044b\u0435 \u0443 #\u042f\u043d\u0443\u043a\u043e\u0432\u0438\u0447'\u0430 \u0434\u0435\u043d\u044c\u0433\u0438 \u0443\u0436\u0435 \u0432 #\u0431\u044e\u0434\u0436\u0435\u0442'\u0435 https://t.co/XpWjfOjAa2",
    "truncated": false,
    "entities": {
        "hashtags": [
            {
                "text": "\u041b\u0443\u0446\u0435\u043d\u043a\u043e",
                "indices": [
                    0,
                    8
                ]
            },
            {
                "text": "\u042f\u043d\u0443\u043a\u043e\u0432\u0438\u0447",
                "indices": [
                    27,
                    36
                ]
            },
            {
                "text": "\u0431\u044e\u0434\u0436\u0435\u0442",
                "indices": [
                    52,
                    59
                ]
            }
        ],
        "symbols": [],
        "user_mentions": [],
        "urls": [
            {
                "url": "https://t.co/XpWjfOjAa2",
                "expanded_url": "https://finclub.net/news/lutsenko-konfiskovannye-u-yanukovicha-dengi-uzhe-v-byudzhete.html",
                "display_url": "finclub.net/news/lutsenko-\u2026",
                "indices": [
                    62,
                    85
                ]
            }
        ]
    },
    "source": "<a href=\"http://twitter.com/download/android\" rel=\"nofollow\">Twitter for Android</a>",
    "in_reply_to_status_id": null,
    "in_reply_to_status_id_str": null,
    "in_reply_to_user_id": null,
    "in_reply_to_user_id_str": null,
    "in_reply_to_screen_name": null,
    "user": {
        "id": 3420342544,
        "id_str": "3420342544",
        "name": "Financial Club",
        "screen_name": "FinClub_ua",
        "location": "",
        "description": "\u0406\u043d\u0444\u043e\u0440\u043c\u0430\u0446\u0456\u0439\u043d\u0430 \u0430\u0433\u0435\u043d\u0446\u0456\u044f",
        "url": "https://t.co/vY5LS7Hvhy",
        "entities": {
            "url": {
                "urls": [
                    {
                        "url": "https://t.co/vY5LS7Hvhy",
                        "expanded_url": "http://finclub.net/",
                        "display_url": "finclub.net",
                        "indices": [
                            0,
                            23
                        ]
                    }
                ]
            },
            "description": {
                "urls": []
            }
        },
        "protected": false,
        "followers_count": 639,
        "friends_count": 15,
        "listed_count": 49,
        "created_at": "Thu Aug 13 15:01:01 +0000 2015",
        "favourites_count": 12,
        "utc_offset": 7200,
        "time_zone": "Kyiv",
        "geo_enabled": false,
        "verified": false,
        "statuses_count": 13991,
        "lang": "uk",
        "contributors_enabled": false,
        "is_translator": false,
        "is_translation_enabled": false,
        "profile_background_color": "000000",
        "profile_background_image_url": "http://abs.twimg.com/images/themes/theme1/bg.png",
        "profile_background_image_url_https": "https://abs.twimg.com/images/themes/theme1/bg.png",
        "profile_background_tile": false,
        "profile_image_url": "http://pbs.twimg.com/profile_images/631989273877544960/eii1403F_normal.jpg",
        "profile_image_url_https": "https://pbs.twimg.com/profile_images/631989273877544960/eii1403F_normal.jpg",
        "profile_banner_url": "https://pbs.twimg.com/profile_banners/3420342544/1453483204",
        "profile_link_color": "191970",
        "profile_sidebar_border_color": "000000",
        "profile_sidebar_fill_color": "000000",
        "profile_text_color": "000000",
        "profile_use_background_image": false,
        "has_extended_profile": false,
        "default_profile": false,
        "default_profile_image": false,
        "following": false,
        "follow_request_sent": false,
        "notifications": false,
        "translator_type": "none"
    },
    "geo": null,
    "coordinates": null,
    "place": null,
    "contributors": null,
    "is_quote_status": false,
    "retweet_count": 0,
    "favorite_count": 0,
    "favorited": false,
    "retweeted": false,
    "possibly_sensitive": false,
    "possibly_sensitive_appealable": false,
    "lang": "ru"
}