{
    "created_at": "Thu Nov 09 19:49:44 +0000 2017",
    "id": 928711219522998273,
    "id_str": "928711219522998273",
    "text": "\u0417\u0430\u043a\u043e\u043d\u043e\u043c\u0435\u0440\u043d\u043e\u0435 \u0440\u0430\u0437\u0432\u0438\u0442\u0438\u0435 \u043f\u043e\u0441\u043b\u0435 \u0441\u043a\u0430\u0447\u0435\u043a \u043d\u0430 #\u043c\u0430\u0439\u0434\u0430\u043d'\u0435-2 \u0438 \u0440\u0435\u0447\u043e\u0432\u043e\u043a.\u0421\u0435\u043b\u044e\u043a\u043e\u0432\u0441\u043a\u043e\u0435 \u0440\u0430\u0437\u0434\u043e\u043b\u044c\u0435 \ud83d\ude12#\u0443\u041a\u0440\u0430\u0438\u043d\u0430 #\u043c\u043e\u0432\u0430 #\u0441\u0432\u0438\u0434\u043e\u043c\u0438\u0437\u043c\u2026 https://t.co/j0yuAsoXKz",
    "truncated": true,
    "entities": {
        "hashtags": [
            {
                "text": "\u043c\u0430\u0439\u0434\u0430\u043d",
                "indices": [
                    38,
                    45
                ]
            },
            {
                "text": "\u0443\u041a\u0440\u0430\u0438\u043d\u0430",
                "indices": [
                    82,
                    90
                ]
            },
            {
                "text": "\u043c\u043e\u0432\u0430",
                "indices": [
                    91,
                    96
                ]
            },
            {
                "text": "\u0441\u0432\u0438\u0434\u043e\u043c\u0438\u0437\u043c",
                "indices": [
                    97,
                    107
                ]
            }
        ],
        "symbols": [],
        "user_mentions": [],
        "urls": [
            {
                "url": "https://t.co/j0yuAsoXKz",
                "expanded_url": "https://twitter.com/i/web/status/928711219522998273",
                "display_url": "twitter.com/i/web/status/9\u2026",
                "indices": [
                    109,
                    132
                ]
            }
        ]
    },
    "source": "<a href=\"http://twitter.com/download/android\" rel=\"nofollow\">Twitter for Android</a>",
    "in_reply_to_status_id": null,
    "in_reply_to_status_id_str": null,
    "in_reply_to_user_id": null,
    "in_reply_to_user_id_str": null,
    "in_reply_to_screen_name": null,
    "user": {
        "id": 2924500397,
        "id_str": "2924500397",
        "name": "tat-lis",
        "screen_name": "tat_lis",
        "location": "\u041c\u0430\u043b\u0435\u043d\u044c\u043a\u0430\u044f \u0442\u043e\u0447\u043a\u0430 \u0432\u043e \u0412\u0441\u0435\u043b\u0435\u043d\u043d\u043e\u0439",
        "description": "\u0418\u043d\u0442\u0435\u0440\u0435\u0441\u0443\u044e\u0449\u0430\u044f\u0441\u044f \u043b\u0438\u0447\u043d\u043e\u0441\u0442\u044c \u0441 \u0447\u0443\u0432\u0441\u0442\u0432\u043e\u043c \u044e\u043c\u043e\u0440\u0430 \u0438 \u043e\u043f\u0442\u0438\u043c\u0438\u0437\u043c\u043e\u043c.",
        "url": null,
        "entities": {
            "description": {
                "urls": []
            }
        },
        "protected": false,
        "followers_count": 81,
        "friends_count": 39,
        "listed_count": 2,
        "created_at": "Tue Dec 16 07:36:06 +0000 2014",
        "favourites_count": 575,
        "utc_offset": 10800,
        "time_zone": "Minsk",
        "geo_enabled": false,
        "verified": false,
        "statuses_count": 62729,
        "lang": "ru",
        "contributors_enabled": false,
        "is_translator": false,
        "is_translation_enabled": false,
        "profile_background_color": "ACDED6",
        "profile_background_image_url": "http://abs.twimg.com/images/themes/theme18/bg.gif",
        "profile_background_image_url_https": "https://abs.twimg.com/images/themes/theme18/bg.gif",
        "profile_background_tile": false,
        "profile_image_url": "http://pbs.twimg.com/profile_images/544759371024961536/rmLr4TLW_normal.jpeg",
        "profile_image_url_https": "https://pbs.twimg.com/profile_images/544759371024961536/rmLr4TLW_normal.jpeg",
        "profile_banner_url": "https://pbs.twimg.com/profile_banners/2924500397/1428152140",
        "profile_link_color": "1B95E0",
        "profile_sidebar_border_color": "000000",
        "profile_sidebar_fill_color": "000000",
        "profile_text_color": "000000",
        "profile_use_background_image": true,
        "has_extended_profile": false,
        "default_profile": false,
        "default_profile_image": false,
        "following": false,
        "follow_request_sent": false,
        "notifications": false,
        "translator_type": "none"
    },
    "geo": null,
    "coordinates": null,
    "place": null,
    "contributors": null,
    "is_quote_status": true,
    "quoted_status_id": 928703194334679040,
    "quoted_status_id_str": "928703194334679040",
    "quoted_status": {
        "created_at": "Thu Nov 09 19:17:50 +0000 2017",
        "id": 928703194334679040,
        "id_str": "928703194334679040",
        "text": "#\u043f\u0435\u0440\u0435\u043c\u043e\u0433\u0438 \u0423\u043a\u0440\u0430\u0438\u043d\u0441\u043a\u0438\u0435 \u0436\u0443\u0440\u043d\u0430\u043b\u0438\u0441\u0442\u044b \u0432 \u0448\u043e\u043a\u0435, \u0436\u0438\u0442\u0435\u043b\u0435\u0439 \u0425\u0430\u0440\u044c\u043a\u043e\u0432\u0430 \u043e\u0442\u043a\u0430\u0437\u044b\u0432\u0430\u044e\u0442\u0441\u044f \u043e\u0442 \u0434\u0435\u0440\u0436\u0430\u0432\u043d\u043e\u0439 \u00ab\u043c\u043e\u0432\u044b\u00bb. https://t.co/eFrBEJKYCQ https://t.co/1mQhXVKmKh",
        "truncated": false,
        "entities": {
            "hashtags": [
                {
                    "text": "\u043f\u0435\u0440\u0435\u043c\u043e\u0433\u0438",
                    "indices": [
                        0,
                        9
                    ]
                }
            ],
            "symbols": [],
            "user_mentions": [],
            "urls": [
                {
                    "url": "https://t.co/eFrBEJKYCQ",
                    "expanded_url": "http://ift.tt/2AoQ9up",
                    "display_url": "ift.tt/2AoQ9up",
                    "indices": [
                        91,
                        114
                    ]
                },
                {
                    "url": "https://t.co/1mQhXVKmKh",
                    "expanded_url": "http://ift.tt/2hYhUmB",
                    "display_url": "ift.tt/2hYhUmB",
                    "indices": [
                        115,
                        138
                    ]
                }
            ]
        },
        "source": "<a href=\"https://ifttt.com\" rel=\"nofollow\">IFTTT</a>",
        "in_reply_to_status_id": null,
        "in_reply_to_status_id_str": null,
        "in_reply_to_user_id": null,
        "in_reply_to_user_id_str": null,
        "in_reply_to_screen_name": null,
        "user": {
            "id": 3044185705,
            "id_str": "3044185705",
            "name": "Peremogi",
            "screen_name": "Peremogi",
            "location": "\u0420\u0443\u0438\u043d\u0430",
            "description": "\u0421\u043a\u043b\u0430\u0434 \u0421\u0432\u0438\u0434\u043e\u043c\u044b\u0445 \u041f\u0435\u0440\u0435\u043c\u043e\u0433",
            "url": "http://t.co/1KeDyBvdWK",
            "entities": {
                "url": {
                    "urls": [
                        {
                            "url": "http://t.co/1KeDyBvdWK",
                            "expanded_url": "http://peremogi.livejournal.com/",
                            "display_url": "peremogi.livejournal.com",
                            "indices": [
                                0,
                                22
                            ]
                        }
                    ]
                },
                "description": {
                    "urls": []
                }
            },
            "protected": false,
            "followers_count": 1291,
            "friends_count": 101,
            "listed_count": 19,
            "created_at": "Thu Feb 26 17:22:35 +0000 2015",
            "favourites_count": 42591,
            "utc_offset": -28800,
            "time_zone": "Pacific Time (US & Canada)",
            "geo_enabled": false,
            "verified": false,
            "statuses_count": 111962,
            "lang": "ru",
            "contributors_enabled": false,
            "is_translator": false,
            "is_translation_enabled": false,
            "profile_background_color": "C0DEED",
            "profile_background_image_url": "http://abs.twimg.com/images/themes/theme1/bg.png",
            "profile_background_image_url_https": "https://abs.twimg.com/images/themes/theme1/bg.png",
            "profile_background_tile": false,
            "profile_image_url": "http://pbs.twimg.com/profile_images/570997893515845632/3IEgsjOQ_normal.png",
            "profile_image_url_https": "https://pbs.twimg.com/profile_images/570997893515845632/3IEgsjOQ_normal.png",
            "profile_link_color": "1DA1F2",
            "profile_sidebar_border_color": "C0DEED",
            "profile_sidebar_fill_color": "DDEEF6",
            "profile_text_color": "333333",
            "profile_use_background_image": true,
            "has_extended_profile": false,
            "default_profile": true,
            "default_profile_image": false,
            "following": false,
            "follow_request_sent": false,
            "notifications": false,
            "translator_type": "none"
        },
        "geo": null,
        "coordinates": null,
        "place": null,
        "contributors": null,
        "is_quote_status": false,
        "retweet_count": 0,
        "favorite_count": 0,
        "favorited": false,
        "retweeted": false,
        "possibly_sensitive": false,
        "possibly_sensitive_appealable": false,
        "lang": "ru"
    },
    "retweet_count": 0,
    "favorite_count": 0,
    "favorited": false,
    "retweeted": false,
    "possibly_sensitive": false,
    "possibly_sensitive_appealable": false,
    "lang": "ru"
}