{
    "created_at": "Sun Nov 05 18:41:28 +0000 2017",
    "id": 927244490510950401,
    "id_str": "927244490510950401",
    "text": "#MH17 #UkraineDidIt  #1302Day Genocide #Donbass \n\n\u2757\ufe0fThe shelling AFU wounded civilians in #Donetsk \ud83d\ude21\u2026 https://t.co/HiOUzR4I0a",
    "truncated": true,
    "entities": {
        "hashtags": [
            {
                "text": "MH17",
                "indices": [
                    0,
                    5
                ]
            },
            {
                "text": "UkraineDidIt",
                "indices": [
                    6,
                    19
                ]
            },
            {
                "text": "1302Day",
                "indices": [
                    21,
                    29
                ]
            },
            {
                "text": "Donbass",
                "indices": [
                    39,
                    47
                ]
            },
            {
                "text": "Donetsk",
                "indices": [
                    90,
                    98
                ]
            }
        ],
        "symbols": [],
        "user_mentions": [],
        "urls": [
            {
                "url": "https://t.co/HiOUzR4I0a",
                "expanded_url": "https://twitter.com/i/web/status/927244490510950401",
                "display_url": "twitter.com/i/web/status/9\u2026",
                "indices": [
                    102,
                    125
                ]
            }
        ]
    },
    "source": "<a href=\"http://twitter.com\" rel=\"nofollow\">Twitter Web Client</a>",
    "in_reply_to_status_id": null,
    "in_reply_to_status_id_str": null,
    "in_reply_to_user_id": null,
    "in_reply_to_user_id_str": null,
    "in_reply_to_screen_name": null,
    "user": {
        "id": 502166388,
        "id_str": "502166388",
        "name": "\u041c\u0430\u0440\u0438\u043d\u0430 \u0421\u0430\u0430\u043a\u044f\u043d \ud83c\uddf7\ud83c\uddfa",
        "screen_name": "marinochka_san",
        "location": "\u0410\u0433\u0435\u043d\u0442 \u041a\u0440\u0435\u043c\u043b\u044f,Province of Moscow, Russia",
        "description": "Russian never surrender!\n\u041e\u043d \u043e\u0442\u0434\u0430\u043b \u0432\u0441\u0451 \u0441\u0432\u043e\u0451 \u0412\u0420\u0415\u041c\u042f \u0440\u0430\u0432\u043d\u043e \u0436\u0438\u0437\u043d\u044c, \u0432\u043e \u0438\u043c\u044f \u0441\u043f\u0430\u0441\u0435\u043d\u0438\u044f \u0432\u0441\u0435\u0445,\u043f\u0440\u0438\u043d\u0451\u0441 \u0441\u0432\u043e\u044e \u0436\u0435\u0440\u0442\u0432\u0443 \u0438 \u0432\u044b\u0440\u0432\u0430\u043b \u0438\u0437 \u0431\u0435\u0437\u0434\u043d\u044b \u0446\u0435\u043b\u044b\u0435 \u043d\u0430\u0440\u043e\u0434\u044b.  \n\u041e\u043d \u0438\u0437\u043c\u0435\u043d\u0438\u043b \u043c\u0438\u0440 \u043d\u0430\u0432\u0441\u0435\u0433\u0434\u0430",
        "url": "https://t.co/cVXvv2Iepq",
        "entities": {
            "url": {
                "urls": [
                    {
                        "url": "https://t.co/cVXvv2Iepq",
                        "expanded_url": "https://www.youtube.com/watch?v=DRzJgHFySao",
                        "display_url": "youtube.com/watch?v=DRzJgH\u2026",
                        "indices": [
                            0,
                            23
                        ]
                    }
                ]
            },
            "description": {
                "urls": []
            }
        },
        "protected": false,
        "followers_count": 9954,
        "friends_count": 562,
        "listed_count": 175,
        "created_at": "Fri Feb 24 21:48:09 +0000 2012",
        "favourites_count": 34107,
        "utc_offset": 10800,
        "time_zone": "Volgograd",
        "geo_enabled": false,
        "verified": false,
        "statuses_count": 181692,
        "lang": "ru",
        "contributors_enabled": false,
        "is_translator": false,
        "is_translation_enabled": false,
        "profile_background_color": "0099B9",
        "profile_background_image_url": "http://abs.twimg.com/images/themes/theme4/bg.gif",
        "profile_background_image_url_https": "https://abs.twimg.com/images/themes/theme4/bg.gif",
        "profile_background_tile": false,
        "profile_image_url": "http://pbs.twimg.com/profile_images/916439945174224896/Z2ftrLUr_normal.jpg",
        "profile_image_url_https": "https://pbs.twimg.com/profile_images/916439945174224896/Z2ftrLUr_normal.jpg",
        "profile_banner_url": "https://pbs.twimg.com/profile_banners/502166388/1512043388",
        "profile_link_color": "0099B9",
        "profile_sidebar_border_color": "5ED4DC",
        "profile_sidebar_fill_color": "95E8EC",
        "profile_text_color": "3C3940",
        "profile_use_background_image": true,
        "has_extended_profile": true,
        "default_profile": false,
        "default_profile_image": false,
        "following": false,
        "follow_request_sent": false,
        "notifications": false,
        "translator_type": "none"
    },
    "geo": null,
    "coordinates": null,
    "place": null,
    "contributors": null,
    "is_quote_status": false,
    "retweet_count": 4,
    "favorite_count": 1,
    "favorited": false,
    "retweeted": false,
    "possibly_sensitive": false,
    "possibly_sensitive_appealable": false,
    "lang": "en"
}