{
    "created_at": "Fri Nov 10 09:49:26 +0000 2017",
    "id": 928922540659093504,
    "id_str": "928922540659093504",
    "text": "#Russia was using #MH17 and surrounding villages as shield for launching attacks on Ukraine. https://t.co/5WDU0OqOOG",
    "truncated": false,
    "entities": {
        "hashtags": [
            {
                "text": "Russia",
                "indices": [
                    0,
                    7
                ]
            },
            {
                "text": "MH17",
                "indices": [
                    18,
                    23
                ]
            }
        ],
        "symbols": [],
        "user_mentions": [],
        "urls": [],
        "media": [
            {
                "id": 928922400191926273,
                "id_str": "928922400191926273",
                "indices": [
                    93,
                    116
                ],
                "media_url": "http://pbs.twimg.com/media/DOQyAFdX0AEQzSj.jpg",
                "media_url_https": "https://pbs.twimg.com/media/DOQyAFdX0AEQzSj.jpg",
                "url": "https://t.co/5WDU0OqOOG",
                "display_url": "pic.twitter.com/5WDU0OqOOG",
                "expanded_url": "https://twitter.com/NOckelmann/status/928922540659093504/photo/1",
                "type": "photo",
                "sizes": {
                    "medium": {
                        "w": 1200,
                        "h": 1013,
                        "resize": "fit"
                    },
                    "thumb": {
                        "w": 150,
                        "h": 150,
                        "resize": "crop"
                    },
                    "large": {
                        "w": 1920,
                        "h": 1620,
                        "resize": "fit"
                    },
                    "small": {
                        "w": 680,
                        "h": 574,
                        "resize": "fit"
                    }
                }
            }
        ]
    },
    "extended_entities": {
        "media": [
            {
                "id": 928922400191926273,
                "id_str": "928922400191926273",
                "indices": [
                    93,
                    116
                ],
                "media_url": "http://pbs.twimg.com/media/DOQyAFdX0AEQzSj.jpg",
                "media_url_https": "https://pbs.twimg.com/media/DOQyAFdX0AEQzSj.jpg",
                "url": "https://t.co/5WDU0OqOOG",
                "display_url": "pic.twitter.com/5WDU0OqOOG",
                "expanded_url": "https://twitter.com/NOckelmann/status/928922540659093504/photo/1",
                "type": "photo",
                "sizes": {
                    "medium": {
                        "w": 1200,
                        "h": 1013,
                        "resize": "fit"
                    },
                    "thumb": {
                        "w": 150,
                        "h": 150,
                        "resize": "crop"
                    },
                    "large": {
                        "w": 1920,
                        "h": 1620,
                        "resize": "fit"
                    },
                    "small": {
                        "w": 680,
                        "h": 574,
                        "resize": "fit"
                    }
                }
            }
        ]
    },
    "source": "<a href=\"http://twitter.com\" rel=\"nofollow\">Twitter Web Client</a>",
    "in_reply_to_status_id": 928190798570680320,
    "in_reply_to_status_id_str": "928190798570680320",
    "in_reply_to_user_id": 2347485195,
    "in_reply_to_user_id_str": "2347485195",
    "in_reply_to_screen_name": "NOckelmann",
    "user": {
        "id": 2347485195,
        "id_str": "2347485195",
        "name": "Niels Ockelmann \ud83d\udc18",
        "screen_name": "NOckelmann",
        "location": "Roaming",
        "description": "Proud Ronkedor. Speaks only Danglish. Passionate fact-finder and liar-slayer.\nMainly MH17, Ukraine, Europe, Syria.\nNo fan of Russia (my creepy neighbour).",
        "url": null,
        "entities": {
            "description": {
                "urls": []
            }
        },
        "protected": false,
        "followers_count": 176,
        "friends_count": 139,
        "listed_count": 30,
        "created_at": "Sun Feb 16 20:34:10 +0000 2014",
        "favourites_count": 1225,
        "utc_offset": 3600,
        "time_zone": "Copenhagen",
        "geo_enabled": false,
        "verified": false,
        "statuses_count": 11571,
        "lang": "da",
        "contributors_enabled": false,
        "is_translator": false,
        "is_translation_enabled": false,
        "profile_background_color": "C0DEED",
        "profile_background_image_url": "http://abs.twimg.com/images/themes/theme1/bg.png",
        "profile_background_image_url_https": "https://abs.twimg.com/images/themes/theme1/bg.png",
        "profile_background_tile": false,
        "profile_image_url": "http://pbs.twimg.com/profile_images/968980311890710528/C0xF-eoq_normal.jpg",
        "profile_image_url_https": "https://pbs.twimg.com/profile_images/968980311890710528/C0xF-eoq_normal.jpg",
        "profile_banner_url": "https://pbs.twimg.com/profile_banners/2347485195/1519857884",
        "profile_link_color": "1DA1F2",
        "profile_sidebar_border_color": "C0DEED",
        "profile_sidebar_fill_color": "DDEEF6",
        "profile_text_color": "333333",
        "profile_use_background_image": true,
        "has_extended_profile": false,
        "default_profile": true,
        "default_profile_image": false,
        "following": false,
        "follow_request_sent": false,
        "notifications": false,
        "translator_type": "none"
    },
    "geo": null,
    "coordinates": null,
    "place": null,
    "contributors": null,
    "is_quote_status": false,
    "retweet_count": 0,
    "favorite_count": 2,
    "favorited": false,
    "retweeted": false,
    "possibly_sensitive": false,
    "possibly_sensitive_appealable": false,
    "lang": "en"
}