{
    "created_at": "Tue Nov 07 23:51:45 +0000 2017",
    "id": 928047349548556288,
    "id_str": "928047349548556288",
    "text": "RT @Pauljaines: @RogersTeodor @TSlicht @SerboCanada Ask the #MH17 pilots' autopsy doctor about fragments cover-up. https://t.co/8csEVdhnpD",
    "truncated": false,
    "entities": {
        "hashtags": [
            {
                "text": "MH17",
                "indices": [
                    60,
                    65
                ]
            }
        ],
        "symbols": [],
        "user_mentions": [
            {
                "screen_name": "Pauljaines",
                "name": "Paul Jaines",
                "id": 296289556,
                "id_str": "296289556",
                "indices": [
                    3,
                    14
                ]
            },
            {
                "screen_name": "RogersTeodor",
                "name": "Theodore Rogers",
                "id": 927224363232956417,
                "id_str": "927224363232956417",
                "indices": [
                    16,
                    29
                ]
            },
            {
                "screen_name": "TSlicht",
                "name": "Todd A. Slicht",
                "id": 2982686613,
                "id_str": "2982686613",
                "indices": [
                    30,
                    38
                ]
            },
            {
                "screen_name": "SerboCanada",
                "name": "Serbo-Canadian",
                "id": 134229643,
                "id_str": "134229643",
                "indices": [
                    39,
                    51
                ]
            }
        ],
        "urls": [
            {
                "url": "https://t.co/8csEVdhnpD",
                "expanded_url": "http://linkis.com/orientalreview.org/2/wrnSd",
                "display_url": "linkis.com/orientalreview\u2026",
                "indices": [
                    115,
                    138
                ]
            }
        ]
    },
    "source": "<a href=\"http://twitter.com\" rel=\"nofollow\">Twitter Web Client</a>",
    "in_reply_to_status_id": null,
    "in_reply_to_status_id_str": null,
    "in_reply_to_user_id": null,
    "in_reply_to_user_id_str": null,
    "in_reply_to_screen_name": null,
    "user": {
        "id": 1508483240,
        "id_str": "1508483240",
        "name": "helen cleasby",
        "screen_name": "hscleasby",
        "location": "",
        "description": "I am a meerkat.",
        "url": null,
        "entities": {
            "description": {
                "urls": []
            }
        },
        "protected": false,
        "followers_count": 995,
        "friends_count": 1349,
        "listed_count": 112,
        "created_at": "Wed Jun 12 03:09:44 +0000 2013",
        "favourites_count": 2751,
        "utc_offset": null,
        "time_zone": null,
        "geo_enabled": true,
        "verified": false,
        "statuses_count": 65306,
        "lang": "en",
        "contributors_enabled": false,
        "is_translator": false,
        "is_translation_enabled": false,
        "profile_background_color": "C0DEED",
        "profile_background_image_url": "http://abs.twimg.com/images/themes/theme1/bg.png",
        "profile_background_image_url_https": "https://abs.twimg.com/images/themes/theme1/bg.png",
        "profile_background_tile": false,
        "profile_image_url": "http://pbs.twimg.com/profile_images/378800000033898342/d04bd240d74e08c344eff046f092c475_normal.jpeg",
        "profile_image_url_https": "https://pbs.twimg.com/profile_images/378800000033898342/d04bd240d74e08c344eff046f092c475_normal.jpeg",
        "profile_banner_url": "https://pbs.twimg.com/profile_banners/1508483240/1399202085",
        "profile_link_color": "1DA1F2",
        "profile_sidebar_border_color": "C0DEED",
        "profile_sidebar_fill_color": "DDEEF6",
        "profile_text_color": "333333",
        "profile_use_background_image": true,
        "has_extended_profile": false,
        "default_profile": true,
        "default_profile_image": false,
        "following": false,
        "follow_request_sent": false,
        "notifications": false,
        "translator_type": "none"
    },
    "geo": null,
    "coordinates": null,
    "place": null,
    "contributors": null,
    "retweeted_status": {
        "created_at": "Tue Nov 07 02:57:27 +0000 2017",
        "id": 927731695327043585,
        "id_str": "927731695327043585",
        "text": "@RogersTeodor @TSlicht @SerboCanada Ask the #MH17 pilots' autopsy doctor about fragments cover-up. https://t.co/8csEVdhnpD",
        "truncated": false,
        "entities": {
            "hashtags": [
                {
                    "text": "MH17",
                    "indices": [
                        44,
                        49
                    ]
                }
            ],
            "symbols": [],
            "user_mentions": [
                {
                    "screen_name": "RogersTeodor",
                    "name": "Theodore Rogers",
                    "id": 927224363232956417,
                    "id_str": "927224363232956417",
                    "indices": [
                        0,
                        13
                    ]
                },
                {
                    "screen_name": "TSlicht",
                    "name": "Todd A. Slicht",
                    "id": 2982686613,
                    "id_str": "2982686613",
                    "indices": [
                        14,
                        22
                    ]
                },
                {
                    "screen_name": "SerboCanada",
                    "name": "Serbo-Canadian",
                    "id": 134229643,
                    "id_str": "134229643",
                    "indices": [
                        23,
                        35
                    ]
                }
            ],
            "urls": [
                {
                    "url": "https://t.co/8csEVdhnpD",
                    "expanded_url": "http://linkis.com/orientalreview.org/2/wrnSd",
                    "display_url": "linkis.com/orientalreview\u2026",
                    "indices": [
                        99,
                        122
                    ]
                }
            ]
        },
        "source": "<a href=\"http://twitter.com\" rel=\"nofollow\">Twitter Web Client</a>",
        "in_reply_to_status_id": 927729838395359232,
        "in_reply_to_status_id_str": "927729838395359232",
        "in_reply_to_user_id": 927224363232956417,
        "in_reply_to_user_id_str": "927224363232956417",
        "in_reply_to_screen_name": "RogersTeodor",
        "user": {
            "id": 296289556,
            "id_str": "296289556",
            "name": "Paul Jaines",
            "screen_name": "Pauljaines",
            "location": "",
            "description": "",
            "url": null,
            "entities": {
                "description": {
                    "urls": []
                }
            },
            "protected": false,
            "followers_count": 1267,
            "friends_count": 985,
            "listed_count": 52,
            "created_at": "Tue May 10 14:21:34 +0000 2011",
            "favourites_count": 47681,
            "utc_offset": -18000,
            "time_zone": "Eastern Time (US & Canada)",
            "geo_enabled": false,
            "verified": false,
            "statuses_count": 51254,
            "lang": "en",
            "contributors_enabled": false,
            "is_translator": false,
            "is_translation_enabled": false,
            "profile_background_color": "ACDED6",
            "profile_background_image_url": "http://abs.twimg.com/images/themes/theme18/bg.gif",
            "profile_background_image_url_https": "https://abs.twimg.com/images/themes/theme18/bg.gif",
            "profile_background_tile": false,
            "profile_image_url": "http://pbs.twimg.com/profile_images/441673457432920064/FUv2XXwW_normal.jpeg",
            "profile_image_url_https": "https://pbs.twimg.com/profile_images/441673457432920064/FUv2XXwW_normal.jpeg",
            "profile_banner_url": "https://pbs.twimg.com/profile_banners/296289556/1395717269",
            "profile_link_color": "038543",
            "profile_sidebar_border_color": "FFFFFF",
            "profile_sidebar_fill_color": "F6F6F6",
            "profile_text_color": "333333",
            "profile_use_background_image": true,
            "has_extended_profile": false,
            "default_profile": false,
            "default_profile_image": false,
            "following": false,
            "follow_request_sent": false,
            "notifications": false,
            "translator_type": "none"
        },
        "geo": null,
        "coordinates": null,
        "place": null,
        "contributors": null,
        "is_quote_status": false,
        "retweet_count": 6,
        "favorite_count": 4,
        "favorited": false,
        "retweeted": false,
        "possibly_sensitive": false,
        "possibly_sensitive_appealable": false,
        "lang": "en"
    },
    "is_quote_status": false,
    "retweet_count": 6,
    "favorite_count": 0,
    "favorited": false,
    "retweeted": false,
    "possibly_sensitive": false,
    "possibly_sensitive_appealable": false,
    "lang": "en"
}