{
    "created_at": "Thu Nov 09 14:35:09 +0000 2017",
    "id": 928632055109505024,
    "id_str": "928632055109505024",
    "text": "\u0414\u043e\u043a\u0442\u043e\u0440 \u043e \u0440\u0435\u0430\u0431\u0438\u043b\u0438\u0442\u0430\u0446\u0438\u0438 \u0431\u043e\u0439\u0446\u043e\u0432 #\u0410\u0422\u041e: \"\u042d\u0442\u043e \u043d\u0435 \u0430\u0433\u0440\u0435\u0441\u0441\u0438\u044f \u2013 \u044d\u0442\u043e \u0437\u0430\u0449\u0438\u0442\u0430\" https://t.co/DHrjcjz1Db",
    "truncated": false,
    "entities": {
        "hashtags": [
            {
                "text": "\u0410\u0422\u041e",
                "indices": [
                    29,
                    33
                ]
            }
        ],
        "symbols": [],
        "user_mentions": [],
        "urls": [
            {
                "url": "https://t.co/DHrjcjz1Db",
                "expanded_url": "https://kp.ua/life/591712-doktor-o-reabylytatsyy-boitsov-ato-eto-ne-ahressyia-eto-zaschyta",
                "display_url": "kp.ua/life/591712-do\u2026",
                "indices": [
                    66,
                    89
                ]
            }
        ]
    },
    "source": "<a href=\"http://twitter.com\" rel=\"nofollow\">Twitter Web Client</a>",
    "in_reply_to_status_id": null,
    "in_reply_to_status_id_str": null,
    "in_reply_to_user_id": null,
    "in_reply_to_user_id_str": null,
    "in_reply_to_screen_name": null,
    "user": {
        "id": 174328768,
        "id_str": "174328768",
        "name": "KP.UA",
        "screen_name": "kp_ukraine",
        "location": "\u0423\u043a\u0440\u0430\u0438\u043d\u0430",
        "description": "\"\u041a\u041f\" \u0432 \u0423\u043a\u0440\u0430\u0438\u043d\u0435\" https://t.co/Nm9ac2Fmd1, https://t.co/r5UGIvMQBE, https://t.co/biZmU1QcIC",
        "url": "https://t.co/91lhKtVKmP",
        "entities": {
            "url": {
                "urls": [
                    {
                        "url": "https://t.co/91lhKtVKmP",
                        "expanded_url": "http://www.kp.ua",
                        "display_url": "kp.ua",
                        "indices": [
                            0,
                            23
                        ]
                    }
                ]
            },
            "description": {
                "urls": [
                    {
                        "url": "https://t.co/Nm9ac2Fmd1",
                        "expanded_url": "https://vk.com/kp_ukraine",
                        "display_url": "vk.com/kp_ukraine",
                        "indices": [
                            16,
                            39
                        ]
                    },
                    {
                        "url": "https://t.co/r5UGIvMQBE",
                        "expanded_url": "http://facebook.com/kp.kiev",
                        "display_url": "facebook.com/kp.kiev",
                        "indices": [
                            41,
                            64
                        ]
                    },
                    {
                        "url": "https://t.co/biZmU1QcIC",
                        "expanded_url": "http://instagram.com/kp_ukraine",
                        "display_url": "instagram.com/kp_ukraine",
                        "indices": [
                            66,
                            89
                        ]
                    }
                ]
            }
        },
        "protected": false,
        "followers_count": 2574,
        "friends_count": 3705,
        "listed_count": 56,
        "created_at": "Tue Aug 03 17:28:37 +0000 2010",
        "favourites_count": 1622,
        "utc_offset": -18000,
        "time_zone": "Quito",
        "geo_enabled": false,
        "verified": false,
        "statuses_count": 106201,
        "lang": "ru",
        "contributors_enabled": false,
        "is_translator": false,
        "is_translation_enabled": false,
        "profile_background_color": "FA743E",
        "profile_background_image_url": "http://pbs.twimg.com/profile_background_images/378800000020088521/72b979af14ed9d3fbc17edba27d3e051.jpeg",
        "profile_background_image_url_https": "https://pbs.twimg.com/profile_background_images/378800000020088521/72b979af14ed9d3fbc17edba27d3e051.jpeg",
        "profile_background_tile": false,
        "profile_image_url": "http://pbs.twimg.com/profile_images/899930794805923845/0RZOY46X_normal.jpg",
        "profile_image_url_https": "https://pbs.twimg.com/profile_images/899930794805923845/0RZOY46X_normal.jpg",
        "profile_banner_url": "https://pbs.twimg.com/profile_banners/174328768/1520437917",
        "profile_link_color": "E07524",
        "profile_sidebar_border_color": "FFFFFF",
        "profile_sidebar_fill_color": "DDEEF6",
        "profile_text_color": "333333",
        "profile_use_background_image": false,
        "has_extended_profile": false,
        "default_profile": false,
        "default_profile_image": false,
        "following": false,
        "follow_request_sent": false,
        "notifications": false,
        "translator_type": "none"
    },
    "geo": null,
    "coordinates": null,
    "place": null,
    "contributors": null,
    "is_quote_status": false,
    "retweet_count": 0,
    "favorite_count": 0,
    "favorited": false,
    "retweeted": false,
    "possibly_sensitive": false,
    "possibly_sensitive_appealable": false,
    "lang": "ru"
}