{
    "created_at": "Fri Nov 10 13:24:51 +0000 2017",
    "id": 928976750482247681,
    "id_str": "928976750482247681",
    "text": "...\u043a\u0442\u043e-\u0442\u043e \u0435\u0449\u0451 \u0441\u043e\u043c\u043d\u0435\u0432\u0430\u0435\u0442\u0441\u044f \u0432 \u0446\u0435\u043b\u0435\u0441\u043e\u043e\u0431\u0440\u0430\u0437\u043d\u043e\u0441\u0442\u0438 #\u043c\u0430\u0439\u0434\u0430\u043d'\u0430?... \ud83d\ude0f\n#\u041f\u043e\u0440\u043e\u0448\u0435\u043d\u043a\u043e #\u0421\u0430\u0430\u043a\u0430\u0448\u0432\u0438\u043b\u0438\n#\u0438\u043c\u043f\u0438\u0447\u043c\u0435\u043d\u0442 #\u0423\u043a\u0440\u0430\u0438\u043d\u0430 #\u0414\u043e\u043d\u0431\u0430\u0441\u0441\u2026 https://t.co/HDzsAPcsbj",
    "truncated": true,
    "entities": {
        "hashtags": [
            {
                "text": "\u043c\u0430\u0439\u0434\u0430\u043d",
                "indices": [
                    45,
                    52
                ]
            },
            {
                "text": "\u041f\u043e\u0440\u043e\u0448\u0435\u043d\u043a\u043e",
                "indices": [
                    61,
                    71
                ]
            },
            {
                "text": "\u0421\u0430\u0430\u043a\u0430\u0448\u0432\u0438\u043b\u0438",
                "indices": [
                    72,
                    83
                ]
            },
            {
                "text": "\u0438\u043c\u043f\u0438\u0447\u043c\u0435\u043d\u0442",
                "indices": [
                    84,
                    94
                ]
            },
            {
                "text": "\u0423\u043a\u0440\u0430\u0438\u043d\u0430",
                "indices": [
                    95,
                    103
                ]
            },
            {
                "text": "\u0414\u043e\u043d\u0431\u0430\u0441\u0441",
                "indices": [
                    104,
                    112
                ]
            }
        ],
        "symbols": [],
        "user_mentions": [],
        "urls": [
            {
                "url": "https://t.co/HDzsAPcsbj",
                "expanded_url": "https://twitter.com/i/web/status/928976750482247681",
                "display_url": "twitter.com/i/web/status/9\u2026",
                "indices": [
                    114,
                    137
                ]
            }
        ]
    },
    "source": "<a href=\"http://twitter.com/download/android\" rel=\"nofollow\">Twitter for Android</a>",
    "in_reply_to_status_id": null,
    "in_reply_to_status_id_str": null,
    "in_reply_to_user_id": null,
    "in_reply_to_user_id_str": null,
    "in_reply_to_screen_name": null,
    "user": {
        "id": 2693265498,
        "id_str": "2693265498",
        "name": "\u2624 TenebrA \u2624",
        "screen_name": "Inferegnum",
        "location": "\u041c\u043e\u0441\u043a\u0432\u0430",
        "description": "\u2696 \u043f\u0430\u0440\u0430\u043d\u043e\u0440\u043c\u0430\u043b\u044c\u043d\u044b\u0439 \u0438\u043d\u0434\u0438-\u0432\u0438\u0434 \u2696",
        "url": "https://t.co/MzIPB4oA2I",
        "entities": {
            "url": {
                "urls": [
                    {
                        "url": "https://t.co/MzIPB4oA2I",
                        "expanded_url": "https://plus.google.com/102565415607698350238",
                        "display_url": "plus.google.com/10256541560769\u2026",
                        "indices": [
                            0,
                            23
                        ]
                    }
                ]
            },
            "description": {
                "urls": []
            }
        },
        "protected": false,
        "followers_count": 331,
        "friends_count": 1115,
        "listed_count": 7,
        "created_at": "Wed Jul 30 15:57:12 +0000 2014",
        "favourites_count": 6449,
        "utc_offset": null,
        "time_zone": null,
        "geo_enabled": false,
        "verified": false,
        "statuses_count": 6220,
        "lang": "ru",
        "contributors_enabled": false,
        "is_translator": false,
        "is_translation_enabled": false,
        "profile_background_color": "131516",
        "profile_background_image_url": "http://abs.twimg.com/images/themes/theme14/bg.gif",
        "profile_background_image_url_https": "https://abs.twimg.com/images/themes/theme14/bg.gif",
        "profile_background_tile": true,
        "profile_image_url": "http://pbs.twimg.com/profile_images/494518629451317249/jGPRrtaS_normal.jpeg",
        "profile_image_url_https": "https://pbs.twimg.com/profile_images/494518629451317249/jGPRrtaS_normal.jpeg",
        "profile_banner_url": "https://pbs.twimg.com/profile_banners/2693265498/1406737881",
        "profile_link_color": "2E0270",
        "profile_sidebar_border_color": "FFFFFF",
        "profile_sidebar_fill_color": "EFEFEF",
        "profile_text_color": "333333",
        "profile_use_background_image": true,
        "has_extended_profile": false,
        "default_profile": false,
        "default_profile_image": false,
        "following": false,
        "follow_request_sent": false,
        "notifications": false,
        "translator_type": "none"
    },
    "geo": null,
    "coordinates": null,
    "place": null,
    "contributors": null,
    "is_quote_status": false,
    "retweet_count": 0,
    "favorite_count": 1,
    "favorited": false,
    "retweeted": false,
    "possibly_sensitive": false,
    "possibly_sensitive_appealable": false,
    "lang": "ru"
}