{
    "created_at": "Wed Nov 08 19:43:21 +0000 2017",
    "id": 928347226728026112,
    "id_str": "928347226728026112",
    "text": "\"#MH17 \u00a0Witness appeal\"\n\nGarbage In \u2013 Gospel Out\n\nhttps://t.co/QM7SQbW0Ni\n\ud83d\udd0e\ud83d\udd0e\ud83d\udd0e https://t.co/pgUkJp0h4G",
    "truncated": false,
    "entities": {
        "hashtags": [
            {
                "text": "MH17",
                "indices": [
                    1,
                    6
                ]
            }
        ],
        "symbols": [],
        "user_mentions": [],
        "urls": [
            {
                "url": "https://t.co/QM7SQbW0Ni",
                "expanded_url": "http://kremlintroll.nl/?p=1530",
                "display_url": "kremlintroll.nl/?p=1530",
                "indices": [
                    50,
                    73
                ]
            }
        ],
        "media": [
            {
                "id": 928347202900160513,
                "id_str": "928347202900160513",
                "indices": [
                    78,
                    101
                ],
                "media_url": "http://pbs.twimg.com/media/DOIm3MkXcAEk648.jpg",
                "media_url_https": "https://pbs.twimg.com/media/DOIm3MkXcAEk648.jpg",
                "url": "https://t.co/pgUkJp0h4G",
                "display_url": "pic.twitter.com/pgUkJp0h4G",
                "expanded_url": "https://twitter.com/Malinka1102/status/928347226728026112/photo/1",
                "type": "photo",
                "sizes": {
                    "large": {
                        "w": 658,
                        "h": 501,
                        "resize": "fit"
                    },
                    "thumb": {
                        "w": 150,
                        "h": 150,
                        "resize": "crop"
                    },
                    "medium": {
                        "w": 658,
                        "h": 501,
                        "resize": "fit"
                    },
                    "small": {
                        "w": 658,
                        "h": 501,
                        "resize": "fit"
                    }
                }
            }
        ]
    },
    "extended_entities": {
        "media": [
            {
                "id": 928347202900160513,
                "id_str": "928347202900160513",
                "indices": [
                    78,
                    101
                ],
                "media_url": "http://pbs.twimg.com/media/DOIm3MkXcAEk648.jpg",
                "media_url_https": "https://pbs.twimg.com/media/DOIm3MkXcAEk648.jpg",
                "url": "https://t.co/pgUkJp0h4G",
                "display_url": "pic.twitter.com/pgUkJp0h4G",
                "expanded_url": "https://twitter.com/Malinka1102/status/928347226728026112/photo/1",
                "type": "photo",
                "sizes": {
                    "large": {
                        "w": 658,
                        "h": 501,
                        "resize": "fit"
                    },
                    "thumb": {
                        "w": 150,
                        "h": 150,
                        "resize": "crop"
                    },
                    "medium": {
                        "w": 658,
                        "h": 501,
                        "resize": "fit"
                    },
                    "small": {
                        "w": 658,
                        "h": 501,
                        "resize": "fit"
                    }
                }
            }
        ]
    },
    "source": "<a href=\"http://twitter.com/download/android\" rel=\"nofollow\">Twitter for Android</a>",
    "in_reply_to_status_id": null,
    "in_reply_to_status_id_str": null,
    "in_reply_to_user_id": null,
    "in_reply_to_user_id_str": null,
    "in_reply_to_screen_name": null,
    "user": {
        "id": 470919829,
        "id_str": "470919829",
        "name": "Malinka\ud83d\udd38(Tanya P.)",
        "screen_name": "Malinka1102",
        "location": "UK",
        "description": "",
        "url": null,
        "entities": {
            "description": {
                "urls": []
            }
        },
        "protected": false,
        "followers_count": 4600,
        "friends_count": 787,
        "listed_count": 101,
        "created_at": "Sun Jan 22 09:06:05 +0000 2012",
        "favourites_count": 93952,
        "utc_offset": 0,
        "time_zone": "Dublin",
        "geo_enabled": false,
        "verified": false,
        "statuses_count": 77865,
        "lang": "en",
        "contributors_enabled": false,
        "is_translator": false,
        "is_translation_enabled": false,
        "profile_background_color": "89C9FA",
        "profile_background_image_url": "http://pbs.twimg.com/profile_background_images/561847589474025474/ixvT7Diu.jpeg",
        "profile_background_image_url_https": "https://pbs.twimg.com/profile_background_images/561847589474025474/ixvT7Diu.jpeg",
        "profile_background_tile": true,
        "profile_image_url": "http://pbs.twimg.com/profile_images/958360715487842305/KsU1Hgel_normal.jpg",
        "profile_image_url_https": "https://pbs.twimg.com/profile_images/958360715487842305/KsU1Hgel_normal.jpg",
        "profile_banner_url": "https://pbs.twimg.com/profile_banners/470919829/1513688886",
        "profile_link_color": "0084B4",
        "profile_sidebar_border_color": "C0DEED",
        "profile_sidebar_fill_color": "DDEEF6",
        "profile_text_color": "333333",
        "profile_use_background_image": true,
        "has_extended_profile": false,
        "default_profile": false,
        "default_profile_image": false,
        "following": false,
        "follow_request_sent": false,
        "notifications": false,
        "translator_type": "none"
    },
    "geo": null,
    "coordinates": null,
    "place": null,
    "contributors": null,
    "is_quote_status": false,
    "retweet_count": 11,
    "favorite_count": 9,
    "favorited": false,
    "retweeted": false,
    "possibly_sensitive": false,
    "possibly_sensitive_appealable": false,
    "lang": "en"
}