{
    "created_at": "Fri Nov 10 21:12:22 +0000 2017",
    "id": 929094406593851392,
    "id_str": "929094406593851392",
    "text": "#Netherlands offer asylum to Russian #military involved in, or witnessed downing of #MH17 in exchange to testimony https://t.co/HL3o7HCbyT",
    "truncated": false,
    "entities": {
        "hashtags": [
            {
                "text": "Netherlands",
                "indices": [
                    0,
                    12
                ]
            },
            {
                "text": "military",
                "indices": [
                    37,
                    46
                ]
            },
            {
                "text": "MH17",
                "indices": [
                    84,
                    89
                ]
            }
        ],
        "symbols": [],
        "user_mentions": [],
        "urls": [
            {
                "url": "https://t.co/HL3o7HCbyT",
                "expanded_url": "http://bit.ly/2mcheyx",
                "display_url": "bit.ly/2mcheyx",
                "indices": [
                    115,
                    138
                ]
            }
        ]
    },
    "source": "<a href=\"http://twitter.com\" rel=\"nofollow\">Twitter Web Client</a>",
    "in_reply_to_status_id": null,
    "in_reply_to_status_id_str": null,
    "in_reply_to_user_id": null,
    "in_reply_to_user_id_str": null,
    "in_reply_to_screen_name": null,
    "user": {
        "id": 3306182019,
        "id_str": "3306182019",
        "name": "Real Russia Today",
        "screen_name": "RealRussiaTday",
        "location": "",
        "description": "",
        "url": "http://t.co/w8YMEAkQPF",
        "entities": {
            "url": {
                "urls": [
                    {
                        "url": "http://t.co/w8YMEAkQPF",
                        "expanded_url": "http://realrussiatoday.com",
                        "display_url": "realrussiatoday.com",
                        "indices": [
                            0,
                            22
                        ]
                    }
                ]
            },
            "description": {
                "urls": []
            }
        },
        "protected": false,
        "followers_count": 103,
        "friends_count": 74,
        "listed_count": 25,
        "created_at": "Tue Jun 02 02:04:54 +0000 2015",
        "favourites_count": 30,
        "utc_offset": -28800,
        "time_zone": "Pacific Time (US & Canada)",
        "geo_enabled": false,
        "verified": false,
        "statuses_count": 1742,
        "lang": "en",
        "contributors_enabled": false,
        "is_translator": false,
        "is_translation_enabled": false,
        "profile_background_color": "000000",
        "profile_background_image_url": "http://abs.twimg.com/images/themes/theme14/bg.gif",
        "profile_background_image_url_https": "https://abs.twimg.com/images/themes/theme14/bg.gif",
        "profile_background_tile": false,
        "profile_image_url": "http://pbs.twimg.com/profile_images/605559256553684992/14JRWs0Y_normal.jpg",
        "profile_image_url_https": "https://pbs.twimg.com/profile_images/605559256553684992/14JRWs0Y_normal.jpg",
        "profile_link_color": "030303",
        "profile_sidebar_border_color": "000000",
        "profile_sidebar_fill_color": "000000",
        "profile_text_color": "000000",
        "profile_use_background_image": false,
        "has_extended_profile": false,
        "default_profile": false,
        "default_profile_image": false,
        "following": false,
        "follow_request_sent": false,
        "notifications": false,
        "translator_type": "none"
    },
    "geo": null,
    "coordinates": null,
    "place": null,
    "contributors": null,
    "is_quote_status": false,
    "retweet_count": 1,
    "favorite_count": 0,
    "favorited": false,
    "retweeted": false,
    "possibly_sensitive": false,
    "possibly_sensitive_appealable": false,
    "lang": "en"
}