{
    "created_at": "Fri Nov 10 18:29:13 +0000 2017",
    "id": 929053346987696129,
    "id_str": "929053346987696129",
    "text": "@GPRealomon @Utleyjacobite @roderickburrell @rkofman @mtracey @Cernovich According to the Joint Investigation Team\u2026 https://t.co/x8ackBc6JN",
    "truncated": true,
    "entities": {
        "hashtags": [],
        "symbols": [],
        "user_mentions": [
            {
                "screen_name": "GPRealomon",
                "name": "Merkels Legacy",
                "id": 2824607168,
                "id_str": "2824607168",
                "indices": [
                    0,
                    11
                ]
            },
            {
                "screen_name": "Utleyjacobite",
                "name": "Skeptical Dog\ud83d\udd25\ud83c\uddfa\ud83c\uddf8",
                "id": 780575384311959555,
                "id_str": "780575384311959555",
                "indices": [
                    12,
                    26
                ]
            },
            {
                "screen_name": "roderickburrell",
                "name": "roderick burrell",
                "id": 1873244941,
                "id_str": "1873244941",
                "indices": [
                    27,
                    43
                ]
            },
            {
                "screen_name": "rkofman",
                "name": "Roman Kofman",
                "id": 14966306,
                "id_str": "14966306",
                "indices": [
                    44,
                    52
                ]
            },
            {
                "screen_name": "mtracey",
                "name": "Michael Tracey",
                "id": 24127811,
                "id_str": "24127811",
                "indices": [
                    53,
                    61
                ]
            },
            {
                "screen_name": "Cernovich",
                "name": "Mike Cernovich \ud83c\uddfa\ud83c\uddf8",
                "id": 358545917,
                "id_str": "358545917",
                "indices": [
                    62,
                    72
                ]
            }
        ],
        "urls": [
            {
                "url": "https://t.co/x8ackBc6JN",
                "expanded_url": "https://twitter.com/i/web/status/929053346987696129",
                "display_url": "twitter.com/i/web/status/9\u2026",
                "indices": [
                    116,
                    139
                ]
            }
        ]
    },
    "source": "<a href=\"http://twitter.com/download/iphone\" rel=\"nofollow\">Twitter for iPhone</a>",
    "in_reply_to_status_id": 929050479530831873,
    "in_reply_to_status_id_str": "929050479530831873",
    "in_reply_to_user_id": 2824607168,
    "in_reply_to_user_id_str": "2824607168",
    "in_reply_to_screen_name": "GPRealomon",
    "user": {
        "id": 2755243022,
        "id_str": "2755243022",
        "name": "Read Disclaimer",
        "screen_name": "Read_Disclaimer",
        "location": "Amsterdam",
        "description": "We only respond to stupid motherfuckers and madmen without brains.",
        "url": "https://t.co/cPm6QvnaY3",
        "entities": {
            "url": {
                "urls": [
                    {
                        "url": "https://t.co/cPm6QvnaY3",
                        "expanded_url": "https://www.om.nl/onderwerpen/mh17-crash/@96068/jit-flight-mh17-shot/",
                        "display_url": "om.nl/onderwerpen/mh\u2026",
                        "indices": [
                            0,
                            23
                        ]
                    }
                ]
            },
            "description": {
                "urls": []
            }
        },
        "protected": false,
        "followers_count": 88,
        "friends_count": 82,
        "listed_count": 10,
        "created_at": "Fri Aug 22 14:56:38 +0000 2014",
        "favourites_count": 4023,
        "utc_offset": 3600,
        "time_zone": "Amsterdam",
        "geo_enabled": true,
        "verified": false,
        "statuses_count": 9524,
        "lang": "nl",
        "contributors_enabled": false,
        "is_translator": false,
        "is_translation_enabled": false,
        "profile_background_color": "C0DEED",
        "profile_background_image_url": "http://abs.twimg.com/images/themes/theme1/bg.png",
        "profile_background_image_url_https": "https://abs.twimg.com/images/themes/theme1/bg.png",
        "profile_background_tile": false,
        "profile_image_url": "http://pbs.twimg.com/profile_images/503139166960357377/Zam8BcWq_normal.jpeg",
        "profile_image_url_https": "https://pbs.twimg.com/profile_images/503139166960357377/Zam8BcWq_normal.jpeg",
        "profile_banner_url": "https://pbs.twimg.com/profile_banners/2755243022/1459937005",
        "profile_link_color": "1DA1F2",
        "profile_sidebar_border_color": "C0DEED",
        "profile_sidebar_fill_color": "DDEEF6",
        "profile_text_color": "333333",
        "profile_use_background_image": true,
        "has_extended_profile": false,
        "default_profile": true,
        "default_profile_image": false,
        "following": false,
        "follow_request_sent": false,
        "notifications": false,
        "translator_type": "none"
    },
    "geo": null,
    "coordinates": null,
    "place": null,
    "contributors": null,
    "is_quote_status": false,
    "retweet_count": 0,
    "favorite_count": 1,
    "favorited": false,
    "retweeted": false,
    "possibly_sensitive": false,
    "possibly_sensitive_appealable": false,
    "lang": "en"
}