{
    "created_at": "Tue Nov 07 17:00:50 +0000 2017",
    "id": 927943940665413633,
    "id_str": "927943940665413633",
    "text": "RT @UkrProgress: #\u041e\u0431\u0430\u043c\u0430: #\u0420\u043e\u0441\u0441\u0438\u044f \u043d\u0435\u0441\u0435\u0442 \u043e\u0442\u0432\u0435\u0442\u0441\u0442\u0432\u0435\u043d\u043d\u043e\u0441\u0442\u044c \u0437\u0430 \u0434\u0435\u0439\u0441\u0442\u0432\u0438\u044f \u0441\u0435\u043f\u0430\u0440\u0430\u0442\u0438\u0441\u0442\u043e\u0432. #MH17 http://t.co/eEsZIOdQtq",
    "truncated": false,
    "entities": {
        "hashtags": [
            {
                "text": "\u041e\u0431\u0430\u043c\u0430",
                "indices": [
                    17,
                    23
                ]
            },
            {
                "text": "\u0420\u043e\u0441\u0441\u0438\u044f",
                "indices": [
                    25,
                    32
                ]
            },
            {
                "text": "MH17",
                "indices": [
                    81,
                    86
                ]
            }
        ],
        "symbols": [],
        "user_mentions": [
            {
                "screen_name": "UkrProgress",
                "name": "\u041f\u0440\u043e\u0433\u0440\u0435\u0441\u0441 \u0434\u043b\u044f \u0423\u043a\u0440\u0430\u0438\u043d\u044b",
                "id": 229205312,
                "id_str": "229205312",
                "indices": [
                    3,
                    15
                ]
            }
        ],
        "urls": [
            {
                "url": "http://t.co/eEsZIOdQtq",
                "expanded_url": "http://goo.gl/SP1QfD",
                "display_url": "goo.gl/SP1QfD",
                "indices": [
                    87,
                    109
                ]
            }
        ]
    },
    "source": "<a href=\"http://twitter.com\" rel=\"nofollow\">Twitter Web Client</a>",
    "in_reply_to_status_id": null,
    "in_reply_to_status_id_str": null,
    "in_reply_to_user_id": null,
    "in_reply_to_user_id_str": null,
    "in_reply_to_screen_name": null,
    "user": {
        "id": 507570288,
        "id_str": "507570288",
        "name": "\u0421\u0438\u0434\u043e\u0440\u043e\u0432 \u0414\u0438\u043c\u0438\u0442\u0440\u0438\u0439",
        "screen_name": "Dimusik63",
        "location": "\u042d\u043b\u0435\u043a\u0442\u0440\u043e\u0441\u0442\u0430\u043b\u044c \u041f\u043e\u0434\u043c\u043e\u0441\u043a\u043e\u0432\u044c\u044f",
        "description": "\u041f\u043e\u0436\u0438\u043b\u043e\u0439 \u043c\u0430\u043b\u044c\u0447\u0438\u0448\u043a\u0430, \u0431\u0435\u0437\u043d\u0430\u0434\u0451\u0436\u043d\u044b\u0439 \u0440\u043e\u043c\u0430\u043d\u0442\u0438\u043a, \u0442\u0432\u043e\u0440\u0447\u0435\u0441\u043a\u0438\u0439 \u043b\u0435\u043d\u0442\u044f\u0439, \u043d\u0430\u0438\u0432\u043d\u044b\u0439 \u0446\u0438\u043d\u0438\u043a, \u0441\u0443\u043f\u0435\u0440-\u0431\u0435\u0441\u043f\u043e\u0449\u0430\u0434\u043d\u044b\u0439 \u043a \u0432\u0440\u0430\u0433\u0430\u043c \u0420\u0443\u0441\u0438 \u043c\u0435\u0433\u0430-\u0433\u0443\u043c\u0430\u043d\u0438\u0441\u0442 \u0438 \u0432\u0441\u044f\u043a\u043e\u0435 \u0442\u0430\u043a\u043e\u0435... ;-)",
        "url": "http://t.co/hTszvtgbMx",
        "entities": {
            "url": {
                "urls": [
                    {
                        "url": "http://t.co/hTszvtgbMx",
                        "expanded_url": "http://srclan.org/forum/index.php?action=profile;u=87",
                        "display_url": "srclan.org/forum/index.ph\u2026",
                        "indices": [
                            0,
                            22
                        ]
                    }
                ]
            },
            "description": {
                "urls": []
            }
        },
        "protected": false,
        "followers_count": 5195,
        "friends_count": 5724,
        "listed_count": 48,
        "created_at": "Tue Feb 28 16:12:20 +0000 2012",
        "favourites_count": 12469,
        "utc_offset": 10800,
        "time_zone": "Moscow",
        "geo_enabled": true,
        "verified": false,
        "statuses_count": 192809,
        "lang": "ru",
        "contributors_enabled": false,
        "is_translator": false,
        "is_translation_enabled": false,
        "profile_background_color": "C0DEED",
        "profile_background_image_url": "http://abs.twimg.com/images/themes/theme1/bg.png",
        "profile_background_image_url_https": "https://abs.twimg.com/images/themes/theme1/bg.png",
        "profile_background_tile": false,
        "profile_image_url": "http://pbs.twimg.com/profile_images/475018257405968384/5UtONAIj_normal.png",
        "profile_image_url_https": "https://pbs.twimg.com/profile_images/475018257405968384/5UtONAIj_normal.png",
        "profile_banner_url": "https://pbs.twimg.com/profile_banners/507570288/1402088029",
        "profile_link_color": "1DA1F2",
        "profile_sidebar_border_color": "C0DEED",
        "profile_sidebar_fill_color": "DDEEF6",
        "profile_text_color": "333333",
        "profile_use_background_image": true,
        "has_extended_profile": false,
        "default_profile": true,
        "default_profile_image": false,
        "following": false,
        "follow_request_sent": false,
        "notifications": false,
        "translator_type": "none"
    },
    "geo": null,
    "coordinates": null,
    "place": null,
    "contributors": null,
    "retweeted_status": {
        "created_at": "Mon Jul 21 20:20:08 +0000 2014",
        "id": 491316718032416769,
        "id_str": "491316718032416769",
        "text": "#\u041e\u0431\u0430\u043c\u0430: #\u0420\u043e\u0441\u0441\u0438\u044f \u043d\u0435\u0441\u0435\u0442 \u043e\u0442\u0432\u0435\u0442\u0441\u0442\u0432\u0435\u043d\u043d\u043e\u0441\u0442\u044c \u0437\u0430 \u0434\u0435\u0439\u0441\u0442\u0432\u0438\u044f \u0441\u0435\u043f\u0430\u0440\u0430\u0442\u0438\u0441\u0442\u043e\u0432. #MH17 http://t.co/eEsZIOdQtq",
        "truncated": false,
        "entities": {
            "hashtags": [
                {
                    "text": "\u041e\u0431\u0430\u043c\u0430",
                    "indices": [
                        0,
                        6
                    ]
                },
                {
                    "text": "\u0420\u043e\u0441\u0441\u0438\u044f",
                    "indices": [
                        8,
                        15
                    ]
                },
                {
                    "text": "MH17",
                    "indices": [
                        64,
                        69
                    ]
                }
            ],
            "symbols": [],
            "user_mentions": [],
            "urls": [
                {
                    "url": "http://t.co/eEsZIOdQtq",
                    "expanded_url": "http://goo.gl/SP1QfD",
                    "display_url": "goo.gl/SP1QfD",
                    "indices": [
                        70,
                        92
                    ]
                }
            ]
        },
        "source": "<a href=\"http://www.hootsuite.com\" rel=\"nofollow\">Hootsuite</a>",
        "in_reply_to_status_id": null,
        "in_reply_to_status_id_str": null,
        "in_reply_to_user_id": null,
        "in_reply_to_user_id_str": null,
        "in_reply_to_screen_name": null,
        "user": {
            "id": 229205312,
            "id_str": "229205312",
            "name": "\u041f\u0440\u043e\u0433\u0440\u0435\u0441\u0441 \u0434\u043b\u044f \u0423\u043a\u0440\u0430\u0438\u043d\u044b",
            "screen_name": "UkrProgress",
            "location": "\u0412\u0430\u0448\u0438\u043d\u0433\u0442\u043e\u043d, \u0421\u0428\u0410",
            "description": "\u0413\u043e\u0441\u0434\u0435\u043f\u0430\u0440\u0442\u0430\u043c\u0435\u043d\u0442 \u043f\u0440\u0435\u0434\u043e\u0441\u0442\u0430\u0432\u043b\u044f\u0435\u0442 \u0438\u043d\u0444\u043e\u0440\u043c\u0430\u0446\u0438\u044e \u043e \u0441\u0438\u0442\u0443\u0430\u0446\u0438\u0438 \u0432 \u0423\u043a\u0440\u0430\u0438\u043d\u0435 #UnitedForUkraine",
            "url": "http://t.co/eFqP1Dzj8h",
            "entities": {
                "url": {
                    "urls": [
                        {
                            "url": "http://t.co/eFqP1Dzj8h",
                            "expanded_url": "http://www.state.gov",
                            "display_url": "state.gov",
                            "indices": [
                                0,
                                22
                            ]
                        }
                    ]
                },
                "description": {
                    "urls": []
                }
            },
            "protected": false,
            "followers_count": 23364,
            "friends_count": 642,
            "listed_count": 476,
            "created_at": "Tue Dec 21 20:14:49 +0000 2010",
            "favourites_count": 67,
            "utc_offset": -18000,
            "time_zone": "Eastern Time (US & Canada)",
            "geo_enabled": false,
            "verified": true,
            "statuses_count": 27290,
            "lang": "en-gb",
            "contributors_enabled": false,
            "is_translator": false,
            "is_translation_enabled": false,
            "profile_background_color": "04102B",
            "profile_background_image_url": "http://pbs.twimg.com/profile_background_images/444571633571753984/jtz4IE_N.jpeg",
            "profile_background_image_url_https": "https://pbs.twimg.com/profile_background_images/444571633571753984/jtz4IE_N.jpeg",
            "profile_background_tile": false,
            "profile_image_url": "http://pbs.twimg.com/profile_images/592719286969466882/J0UzVvzt_normal.jpg",
            "profile_image_url_https": "https://pbs.twimg.com/profile_images/592719286969466882/J0UzVvzt_normal.jpg",
            "profile_banner_url": "https://pbs.twimg.com/profile_banners/229205312/1430399177",
            "profile_link_color": "0084B4",
            "profile_sidebar_border_color": "FFFFFF",
            "profile_sidebar_fill_color": "EDF3F5",
            "profile_text_color": "333333",
            "profile_use_background_image": true,
            "has_extended_profile": false,
            "default_profile": false,
            "default_profile_image": false,
            "following": false,
            "follow_request_sent": false,
            "notifications": false,
            "translator_type": "none"
        },
        "geo": null,
        "coordinates": null,
        "place": null,
        "contributors": null,
        "is_quote_status": false,
        "retweet_count": 25,
        "favorite_count": 1,
        "favorited": false,
        "retweeted": false,
        "possibly_sensitive": false,
        "possibly_sensitive_appealable": false,
        "lang": "ru"
    },
    "is_quote_status": false,
    "retweet_count": 25,
    "favorite_count": 0,
    "favorited": false,
    "retweeted": false,
    "possibly_sensitive": false,
    "possibly_sensitive_appealable": false,
    "lang": "ru"
}