{
    "created_at": "Wed Nov 08 11:36:23 +0000 2017",
    "id": 928224678627463171,
    "id_str": "928224678627463171",
    "text": "\u041f\u0430\u043b\u0430\u0447 #\u043c\u0430\u0439\u0434\u0430\u043d\u0430 \u043f\u0440\u043e\u0434\u043e\u043b\u0436\u0438\u0442 \u0431\u0438\u0442\u044c \u043b\u044e\u0434\u0435\u0439 \u0432 #\u041c\u043e\u0441\u043a\u0432\u0435, \u0440\u0430\u043d\u044c\u0448\u0435 -\u0432 \u041a\u0438\u0435\u0432\u0435, #\u0431\u0438\u043b-#\u0443\u0431\u0438\u0432\u0430\u043b #\u0421\u0435\u0440\u0433\u0435\u0439\u041a\u0443\u0441\u044e\u043a #\u0420\u0424 #\u0423\u043a\u0440\u0430\u0438\u043d\u0435 #\u0420\u043e\u0441\u0433\u0432\u0430\u0440\u0434\u0438\u044f\u2026 https://t.co/cPVHlkGvGq",
    "truncated": true,
    "entities": {
        "hashtags": [
            {
                "text": "\u043c\u0430\u0439\u0434\u0430\u043d\u0430",
                "indices": [
                    6,
                    14
                ]
            },
            {
                "text": "\u041c\u043e\u0441\u043a\u0432\u0435",
                "indices": [
                    38,
                    45
                ]
            },
            {
                "text": "\u0431\u0438\u043b",
                "indices": [
                    64,
                    68
                ]
            },
            {
                "text": "\u0443\u0431\u0438\u0432\u0430\u043b",
                "indices": [
                    69,
                    76
                ]
            },
            {
                "text": "\u0421\u0435\u0440\u0433\u0435\u0439\u041a\u0443\u0441\u044e\u043a",
                "indices": [
                    77,
                    89
                ]
            },
            {
                "text": "\u0420\u0424",
                "indices": [
                    90,
                    93
                ]
            },
            {
                "text": "\u0423\u043a\u0440\u0430\u0438\u043d\u0435",
                "indices": [
                    94,
                    102
                ]
            },
            {
                "text": "\u0420\u043e\u0441\u0433\u0432\u0430\u0440\u0434\u0438\u044f",
                "indices": [
                    103,
                    114
                ]
            }
        ],
        "symbols": [],
        "user_mentions": [],
        "urls": [
            {
                "url": "https://t.co/cPVHlkGvGq",
                "expanded_url": "https://twitter.com/i/web/status/928224678627463171",
                "display_url": "twitter.com/i/web/status/9\u2026",
                "indices": [
                    116,
                    139
                ]
            }
        ]
    },
    "source": "<a href=\"http://twitter.com\" rel=\"nofollow\">Twitter Web Client</a>",
    "in_reply_to_status_id": null,
    "in_reply_to_status_id_str": null,
    "in_reply_to_user_id": null,
    "in_reply_to_user_id_str": null,
    "in_reply_to_screen_name": null,
    "user": {
        "id": 337557505,
        "id_str": "337557505",
        "name": "\u0414\u0430\u0439\u0434\u0436\u0435\u0441\u0442 \u041c\u0435\u0440\u043b\u0421\u0442\u0435\u0440\u043b\u0438\u043d",
        "screen_name": "merlin046_",
        "location": "\u0420\u043e\u0441\u0441\u0438\u044f, \u0423\u0444\u0430",
        "description": "\u0411\u0430\u0448\u0413\u0423, \u0423\u0444\u0430, \u0438\u0441\u0442\u0444\u0430\u043a, \u043a\u0430\u0444\u0435\u0434\u0440\u0430 \u0437\u0430\u0440\u0443\u0431\u0435\u0436\u043d\u043e\u0439 \u0438\u0441\u0442\u043e\u0440\u0438\u0438, \u043f\u0435\u0441\u0435\u043d\u043d\u0438\u043a",
        "url": null,
        "entities": {
            "description": {
                "urls": []
            }
        },
        "protected": false,
        "followers_count": 191,
        "friends_count": 144,
        "listed_count": 6,
        "created_at": "Mon Jul 18 06:31:53 +0000 2011",
        "favourites_count": 991,
        "utc_offset": 18000,
        "time_zone": "Ekaterinburg",
        "geo_enabled": true,
        "verified": false,
        "statuses_count": 27622,
        "lang": "ru",
        "contributors_enabled": false,
        "is_translator": false,
        "is_translation_enabled": false,
        "profile_background_color": "B2DFDA",
        "profile_background_image_url": "http://pbs.twimg.com/profile_background_images/783884865/97e48da8c1a14bd1966a523b704d65df.jpeg",
        "profile_background_image_url_https": "https://pbs.twimg.com/profile_background_images/783884865/97e48da8c1a14bd1966a523b704d65df.jpeg",
        "profile_background_tile": true,
        "profile_image_url": "http://pbs.twimg.com/profile_images/3327331223/c426c080f2755c4f603bca3c1fa1b054_normal.jpeg",
        "profile_image_url_https": "https://pbs.twimg.com/profile_images/3327331223/c426c080f2755c4f603bca3c1fa1b054_normal.jpeg",
        "profile_banner_url": "https://pbs.twimg.com/profile_banners/337557505/1398210430",
        "profile_link_color": "93A644",
        "profile_sidebar_border_color": "FFFFFF",
        "profile_sidebar_fill_color": "FFFFFF",
        "profile_text_color": "333333",
        "profile_use_background_image": true,
        "has_extended_profile": false,
        "default_profile": false,
        "default_profile_image": false,
        "following": false,
        "follow_request_sent": false,
        "notifications": false,
        "translator_type": "none"
    },
    "geo": null,
    "coordinates": null,
    "place": null,
    "contributors": null,
    "is_quote_status": false,
    "retweet_count": 0,
    "favorite_count": 0,
    "favorited": false,
    "retweeted": false,
    "possibly_sensitive": false,
    "possibly_sensitive_appealable": false,
    "lang": "ru"
}