{
    "created_at": "Thu Nov 09 10:36:04 +0000 2017",
    "id": 928571885264228352,
    "id_str": "928571885264228352",
    "text": "\u0411\u043e\u043b\u0435\u0435 \u0434\u0435\u0448\u0451\u0432\u043e\u0433\u043e \u0432\u0442\u043e\u0440\u0436\u0435\u043d\u0438\u044f \u044f \u043d\u0435 \u0432\u0438\u0434\u0430\u043b.. \ud83d\ude06\n#\u042e\u043c\u043e\u0440 #\u0423\u043a\u0440\u0430\u0438\u043d\u0430 #\u041e\u043a\u0440\u0430\u0438\u043d\u0430 #\u043c\u0430\u0439\u0434\u0430\u043d #\u041f\u043e\u0440\u043e\u0448\u0435\u043d\u043a\u043e https://t.co/E4pTRXP0ql",
    "truncated": false,
    "entities": {
        "hashtags": [
            {
                "text": "\u042e\u043c\u043e\u0440",
                "indices": [
                    40,
                    45
                ]
            },
            {
                "text": "\u0423\u043a\u0440\u0430\u0438\u043d\u0430",
                "indices": [
                    46,
                    54
                ]
            },
            {
                "text": "\u041e\u043a\u0440\u0430\u0438\u043d\u0430",
                "indices": [
                    55,
                    63
                ]
            },
            {
                "text": "\u043c\u0430\u0439\u0434\u0430\u043d",
                "indices": [
                    64,
                    71
                ]
            },
            {
                "text": "\u041f\u043e\u0440\u043e\u0448\u0435\u043d\u043a\u043e",
                "indices": [
                    72,
                    82
                ]
            }
        ],
        "symbols": [],
        "user_mentions": [],
        "urls": [],
        "media": [
            {
                "id": 928571881946517504,
                "id_str": "928571881946517504",
                "indices": [
                    83,
                    106
                ],
                "media_url": "http://pbs.twimg.com/media/DOLzNPPWkAADtW5.jpg",
                "media_url_https": "https://pbs.twimg.com/media/DOLzNPPWkAADtW5.jpg",
                "url": "https://t.co/E4pTRXP0ql",
                "display_url": "pic.twitter.com/E4pTRXP0ql",
                "expanded_url": "https://twitter.com/DemotivatorRUS/status/928571885264228352/photo/1",
                "type": "photo",
                "sizes": {
                    "thumb": {
                        "w": 150,
                        "h": 150,
                        "resize": "crop"
                    },
                    "medium": {
                        "w": 676,
                        "h": 540,
                        "resize": "fit"
                    },
                    "small": {
                        "w": 676,
                        "h": 540,
                        "resize": "fit"
                    },
                    "large": {
                        "w": 676,
                        "h": 540,
                        "resize": "fit"
                    }
                }
            }
        ]
    },
    "extended_entities": {
        "media": [
            {
                "id": 928571881946517504,
                "id_str": "928571881946517504",
                "indices": [
                    83,
                    106
                ],
                "media_url": "http://pbs.twimg.com/media/DOLzNPPWkAADtW5.jpg",
                "media_url_https": "https://pbs.twimg.com/media/DOLzNPPWkAADtW5.jpg",
                "url": "https://t.co/E4pTRXP0ql",
                "display_url": "pic.twitter.com/E4pTRXP0ql",
                "expanded_url": "https://twitter.com/DemotivatorRUS/status/928571885264228352/photo/1",
                "type": "photo",
                "sizes": {
                    "thumb": {
                        "w": 150,
                        "h": 150,
                        "resize": "crop"
                    },
                    "medium": {
                        "w": 676,
                        "h": 540,
                        "resize": "fit"
                    },
                    "small": {
                        "w": 676,
                        "h": 540,
                        "resize": "fit"
                    },
                    "large": {
                        "w": 676,
                        "h": 540,
                        "resize": "fit"
                    }
                }
            }
        ]
    },
    "source": "<a href=\"https://novapress.com/\" rel=\"nofollow\">NovaPress Publisher</a>",
    "in_reply_to_status_id": null,
    "in_reply_to_status_id_str": null,
    "in_reply_to_user_id": null,
    "in_reply_to_user_id_str": null,
    "in_reply_to_screen_name": null,
    "user": {
        "id": 1656253610,
        "id_str": "1656253610",
        "name": "\u041d\u043e\u0432\u043e\u0420\u041e\u0421\u0421\u0418\u042f \u0438 \u0421\u0438\u0440\u0438\u044f",
        "screen_name": "DemotivatorRUS",
        "location": "Russia",
        "description": "\u0414\u0435\u043c\u043e\u0442\u0438\u0432\u0430\u0442\u043e\u0440\u044b \u0441\u043e \u0441\u043c\u044b\u0441\u043b\u043e\u043c, \u043c\u043e\u0442\u0438\u0432\u0430\u0442\u043e\u0440\u044b \u041d\u043e\u0432\u043e\u0440\u043e\u0441\u0441\u0438\u0438,\u044e\u043c\u043e\u0440! http://t.co/FqHEPgcq93 \n#\u041d\u043e\u0432\u043e\u0440\u043e\u0441\u0441\u0438\u044f #\u0414\u041d\u0420 #\u041b\u041d\u0420 \n\u041d\u0430\u0448\u0435 \u0434\u0435\u043b\u043e \u043f\u0440\u0430\u0432\u043e\u0435, \u043f\u043e\u0431\u0435\u0434\u0430 \u0431\u0443\u0434\u0435\u0442 \u0437\u0430 \u043d\u0430\u043c\u0438!",
        "url": "https://t.co/x2RTqGge5p",
        "entities": {
            "url": {
                "urls": [
                    {
                        "url": "https://t.co/x2RTqGge5p",
                        "expanded_url": "https://vk.com/russdem",
                        "display_url": "vk.com/russdem",
                        "indices": [
                            0,
                            23
                        ]
                    }
                ]
            },
            "description": {
                "urls": [
                    {
                        "url": "http://t.co/FqHEPgcq93",
                        "expanded_url": "http://vk.com/russdem",
                        "display_url": "vk.com/russdem",
                        "indices": [
                            53,
                            75
                        ]
                    }
                ]
            }
        },
        "protected": false,
        "followers_count": 17393,
        "friends_count": 8559,
        "listed_count": 199,
        "created_at": "Thu Aug 08 21:38:03 +0000 2013",
        "favourites_count": 633,
        "utc_offset": null,
        "time_zone": null,
        "geo_enabled": false,
        "verified": false,
        "statuses_count": 88016,
        "lang": "ru",
        "contributors_enabled": false,
        "is_translator": false,
        "is_translation_enabled": false,
        "profile_background_color": "000000",
        "profile_background_image_url": "http://abs.twimg.com/images/themes/theme1/bg.png",
        "profile_background_image_url_https": "https://abs.twimg.com/images/themes/theme1/bg.png",
        "profile_background_tile": false,
        "profile_image_url": "http://pbs.twimg.com/profile_images/551634322176753664/s5df8DB7_normal.jpeg",
        "profile_image_url_https": "https://pbs.twimg.com/profile_images/551634322176753664/s5df8DB7_normal.jpeg",
        "profile_banner_url": "https://pbs.twimg.com/profile_banners/1656253610/1420582496",
        "profile_link_color": "C60E0E",
        "profile_sidebar_border_color": "000000",
        "profile_sidebar_fill_color": "000000",
        "profile_text_color": "000000",
        "profile_use_background_image": false,
        "has_extended_profile": false,
        "default_profile": false,
        "default_profile_image": false,
        "following": false,
        "follow_request_sent": false,
        "notifications": false,
        "translator_type": "none"
    },
    "geo": null,
    "coordinates": null,
    "place": null,
    "contributors": null,
    "is_quote_status": false,
    "retweet_count": 4,
    "favorite_count": 5,
    "favorited": false,
    "retweeted": false,
    "possibly_sensitive": false,
    "possibly_sensitive_appealable": false,
    "lang": "ru"
}