{
    "created_at": "Fri Nov 10 12:34:32 +0000 2017",
    "id": 928964086955675650,
    "id_str": "928964086955675650",
    "text": "#PutinAtWar #PutinIsAMurderer #MH17 #Ukraine \nMH 17\nfly on the sky\nfall murdered to the ground\nfly in the heaven https://t.co/Vfknitb7k0",
    "truncated": false,
    "entities": {
        "hashtags": [
            {
                "text": "PutinAtWar",
                "indices": [
                    0,
                    11
                ]
            },
            {
                "text": "PutinIsAMurderer",
                "indices": [
                    12,
                    29
                ]
            },
            {
                "text": "MH17",
                "indices": [
                    30,
                    35
                ]
            },
            {
                "text": "Ukraine",
                "indices": [
                    36,
                    44
                ]
            }
        ],
        "symbols": [],
        "user_mentions": [],
        "urls": [
            {
                "url": "https://t.co/Vfknitb7k0",
                "expanded_url": "https://twitter.com/NOckelmann/status/927792774765793281",
                "display_url": "twitter.com/NOckelmann/sta\u2026",
                "indices": [
                    113,
                    136
                ]
            }
        ]
    },
    "source": "<a href=\"http://twitter.com\" rel=\"nofollow\">Twitter Web Client</a>",
    "in_reply_to_status_id": null,
    "in_reply_to_status_id_str": null,
    "in_reply_to_user_id": null,
    "in_reply_to_user_id_str": null,
    "in_reply_to_screen_name": null,
    "user": {
        "id": 52329723,
        "id_str": "52329723",
        "name": "Bjarne Kim Pedersen",
        "screen_name": "bjarnekim",
        "location": "Denmark",
        "description": "Danish storyteller and author. Writes short twit poems and novels. Human rights activist.",
        "url": "http://t.co/4nLHu7CHoh",
        "entities": {
            "url": {
                "urls": [
                    {
                        "url": "http://t.co/4nLHu7CHoh",
                        "expanded_url": "http://bjarnekimpedersen.blogspot.com",
                        "display_url": "bjarnekimpedersen.blogspot.com",
                        "indices": [
                            0,
                            22
                        ]
                    }
                ]
            },
            "description": {
                "urls": []
            }
        },
        "protected": false,
        "followers_count": 2023,
        "friends_count": 3387,
        "listed_count": 75,
        "created_at": "Tue Jun 30 06:57:24 +0000 2009",
        "favourites_count": 22184,
        "utc_offset": 3600,
        "time_zone": "Copenhagen",
        "geo_enabled": true,
        "verified": false,
        "statuses_count": 33840,
        "lang": "en",
        "contributors_enabled": false,
        "is_translator": false,
        "is_translation_enabled": false,
        "profile_background_color": "C0DEED",
        "profile_background_image_url": "http://abs.twimg.com/images/themes/theme1/bg.png",
        "profile_background_image_url_https": "https://abs.twimg.com/images/themes/theme1/bg.png",
        "profile_background_tile": false,
        "profile_image_url": "http://pbs.twimg.com/profile_images/932873885913108480/jVwjJdYD_normal.jpg",
        "profile_image_url_https": "https://pbs.twimg.com/profile_images/932873885913108480/jVwjJdYD_normal.jpg",
        "profile_link_color": "1DA1F2",
        "profile_sidebar_border_color": "C0DEED",
        "profile_sidebar_fill_color": "DDEEF6",
        "profile_text_color": "333333",
        "profile_use_background_image": true,
        "has_extended_profile": true,
        "default_profile": true,
        "default_profile_image": false,
        "following": false,
        "follow_request_sent": false,
        "notifications": false,
        "translator_type": "none"
    },
    "geo": null,
    "coordinates": null,
    "place": null,
    "contributors": null,
    "is_quote_status": true,
    "quoted_status_id": 927792774765793281,
    "quoted_status_id_str": "927792774765793281",
    "quoted_status": {
        "created_at": "Tue Nov 07 07:00:09 +0000 2017",
        "id": 927792774765793281,
        "id_str": "927792774765793281",
        "text": "#Russia sought to destroy #MH17 evidence by using the crash site as artillery firing positions. Any return fire cou\u2026 https://t.co/RKMzXAgXpH",
        "truncated": true,
        "entities": {
            "hashtags": [
                {
                    "text": "Russia",
                    "indices": [
                        0,
                        7
                    ]
                },
                {
                    "text": "MH17",
                    "indices": [
                        26,
                        31
                    ]
                }
            ],
            "symbols": [],
            "user_mentions": [],
            "urls": [
                {
                    "url": "https://t.co/RKMzXAgXpH",
                    "expanded_url": "https://twitter.com/i/web/status/927792774765793281",
                    "display_url": "twitter.com/i/web/status/9\u2026",
                    "indices": [
                        117,
                        140
                    ]
                }
            ]
        },
        "source": "<a href=\"http://twitter.com/download/android\" rel=\"nofollow\">Twitter for Android</a>",
        "in_reply_to_status_id": null,
        "in_reply_to_status_id_str": null,
        "in_reply_to_user_id": null,
        "in_reply_to_user_id_str": null,
        "in_reply_to_screen_name": null,
        "user": {
            "id": 2347485195,
            "id_str": "2347485195",
            "name": "Niels Ockelmann \ud83d\udc18",
            "screen_name": "NOckelmann",
            "location": "Roaming",
            "description": "Proud Ronkedor. Speaks only Danglish. Passionate fact-finder and liar-slayer.\nMainly MH17, Ukraine, Europe, Syria.\nNo fan of Russia (my creepy neighbour).",
            "url": null,
            "entities": {
                "description": {
                    "urls": []
                }
            },
            "protected": false,
            "followers_count": 176,
            "friends_count": 139,
            "listed_count": 30,
            "created_at": "Sun Feb 16 20:34:10 +0000 2014",
            "favourites_count": 1225,
            "utc_offset": 3600,
            "time_zone": "Copenhagen",
            "geo_enabled": false,
            "verified": false,
            "statuses_count": 11571,
            "lang": "da",
            "contributors_enabled": false,
            "is_translator": false,
            "is_translation_enabled": false,
            "profile_background_color": "C0DEED",
            "profile_background_image_url": "http://abs.twimg.com/images/themes/theme1/bg.png",
            "profile_background_image_url_https": "https://abs.twimg.com/images/themes/theme1/bg.png",
            "profile_background_tile": false,
            "profile_image_url": "http://pbs.twimg.com/profile_images/968980311890710528/C0xF-eoq_normal.jpg",
            "profile_image_url_https": "https://pbs.twimg.com/profile_images/968980311890710528/C0xF-eoq_normal.jpg",
            "profile_banner_url": "https://pbs.twimg.com/profile_banners/2347485195/1519857884",
            "profile_link_color": "1DA1F2",
            "profile_sidebar_border_color": "C0DEED",
            "profile_sidebar_fill_color": "DDEEF6",
            "profile_text_color": "333333",
            "profile_use_background_image": true,
            "has_extended_profile": false,
            "default_profile": true,
            "default_profile_image": false,
            "following": false,
            "follow_request_sent": false,
            "notifications": false,
            "translator_type": "none"
        },
        "geo": null,
        "coordinates": null,
        "place": null,
        "contributors": null,
        "is_quote_status": false,
        "retweet_count": 57,
        "favorite_count": 64,
        "favorited": false,
        "retweeted": false,
        "possibly_sensitive": false,
        "possibly_sensitive_appealable": false,
        "lang": "en"
    },
    "retweet_count": 0,
    "favorite_count": 0,
    "favorited": false,
    "retweeted": false,
    "possibly_sensitive": false,
    "possibly_sensitive_appealable": false,
    "lang": "en"
}