{
    "created_at": "Sat Nov 04 07:29:24 +0000 2017",
    "id": 926712973200187393,
    "id_str": "926712973200187393",
    "text": "\u041f\u0440\u043e\u0448\u043b\u043e \u043f\u043e\u0447\u0442\u0438 4 \u0433\u043e\u0434\u0430 \u0441 \u041c\u0430\u0439\u0434\u0430\u043d\u0430. \u041a\u0442\u043e \u043d\u0438\u0431\u0443\u0434\u044c \u043c\u043e\u0436\u0435\u0442 \u0432\u043d\u044f\u0442\u043d\u043e , \u043d\u0435 \u0442\u0435\u043b\u0435\u0444\u0440\u0430\u0437\u0430\u043c\u0438, \u0441\u043a\u0430\u0437\u0430\u0442\u044c - \u0447\u0435\u043c \u0431\u044b\u043b \u043f\u043b\u043e\u0445 \u042f\u043d\u0435\u043a, \u0447\u0442\u043e \u0440\u0430\u0434\u0438 \u0435\u0433\u043e \u043e\u0442\u0441\u0442\u0430\u0432\u043a\u0438 \u043f\u043e\u043b\u043e\u0436\u0438\u043b\u0438 \u0442\u044b\u0441\u044f\u0447\u0438?",
    "truncated": false,
    "entities": {
        "hashtags": [],
        "symbols": [],
        "user_mentions": [],
        "urls": []
    },
    "source": "<a href=\"http://twitter.com/download/android\" rel=\"nofollow\">Twitter for Android</a>",
    "in_reply_to_status_id": null,
    "in_reply_to_status_id_str": null,
    "in_reply_to_user_id": null,
    "in_reply_to_user_id_str": null,
    "in_reply_to_screen_name": null,
    "user": {
        "id": 67059020,
        "id_str": "67059020",
        "name": "Adolf",
        "screen_name": "Ad0lf",
        "location": "",
        "description": "",
        "url": null,
        "entities": {
            "description": {
                "urls": []
            }
        },
        "protected": false,
        "followers_count": 3513,
        "friends_count": 3526,
        "listed_count": 37,
        "created_at": "Wed Aug 19 17:19:55 +0000 2009",
        "favourites_count": 469,
        "utc_offset": 10800,
        "time_zone": "Volgograd",
        "geo_enabled": false,
        "verified": false,
        "statuses_count": 84039,
        "lang": "ru",
        "contributors_enabled": false,
        "is_translator": false,
        "is_translation_enabled": false,
        "profile_background_color": "DD2E44",
        "profile_background_image_url": "http://pbs.twimg.com/profile_background_images/518056201712455680/glO1YoFe.jpeg",
        "profile_background_image_url_https": "https://pbs.twimg.com/profile_background_images/518056201712455680/glO1YoFe.jpeg",
        "profile_background_tile": false,
        "profile_image_url": "http://pbs.twimg.com/profile_images/838287525923991552/NQfBYOyP_normal.jpg",
        "profile_image_url_https": "https://pbs.twimg.com/profile_images/838287525923991552/NQfBYOyP_normal.jpg",
        "profile_banner_url": "https://pbs.twimg.com/profile_banners/67059020/1489797295",
        "profile_link_color": "0084B4",
        "profile_sidebar_border_color": "FFFFFF",
        "profile_sidebar_fill_color": "DDEEF6",
        "profile_text_color": "333333",
        "profile_use_background_image": true,
        "has_extended_profile": false,
        "default_profile": false,
        "default_profile_image": false,
        "following": false,
        "follow_request_sent": false,
        "notifications": false,
        "translator_type": "none"
    },
    "geo": null,
    "coordinates": null,
    "place": null,
    "contributors": null,
    "is_quote_status": false,
    "retweet_count": 1,
    "favorite_count": 1,
    "favorited": false,
    "retweeted": false,
    "lang": "ru"
}