{
    "created_at": "Thu Nov 09 18:20:03 +0000 2017",
    "id": 928688650359107584,
    "id_str": "928688650359107584",
    "text": "\u00ab\u041e\u043d \u0437\u043d\u0430\u043b, \u0447\u0442\u043e \u043e\u043d\u0438 \u043f\u043e\u0433\u0438\u0431\u043d\u0443\u0442\u00bb - \u0421\u0435\u043c\u0435\u043d\u0447\u0435\u043d\u043a\u043e \u043e\u0431\u0432\u0438\u043d\u0438\u043b\u0438 \u0432 \u043c\u0430\u0441\u0441\u043e\u0432\u044b\u0445 \u0441\u043c\u0435\u0440\u0442\u044f\u0445 \u00ab\u0410\u0422\u041e\u0448\u043d\u0438\u043a\u043e\u0432\u00bb https://t.co/bakIcPP0pI #\u0410\u041c\u0414\u041d\u2026 https://t.co/Wz6q1kqOIC",
    "truncated": true,
    "entities": {
        "hashtags": [
            {
                "text": "\u0410\u041c\u0414\u041d",
                "indices": [
                    105,
                    110
                ]
            }
        ],
        "symbols": [],
        "user_mentions": [],
        "urls": [
            {
                "url": "https://t.co/bakIcPP0pI",
                "expanded_url": "https://alexpashkov.livejournal.com/583213.html?utm_source=twsharing&utm_medium=social",
                "display_url": "alexpashkov.livejournal.com/583213.html?ut\u2026",
                "indices": [
                    81,
                    104
                ]
            },
            {
                "url": "https://t.co/Wz6q1kqOIC",
                "expanded_url": "https://twitter.com/i/web/status/928688650359107584",
                "display_url": "twitter.com/i/web/status/9\u2026",
                "indices": [
                    112,
                    135
                ]
            }
        ]
    },
    "source": "<a href=\"http://twitter.com\" rel=\"nofollow\">Twitter Web Client</a>",
    "in_reply_to_status_id": null,
    "in_reply_to_status_id_str": null,
    "in_reply_to_user_id": null,
    "in_reply_to_user_id_str": null,
    "in_reply_to_screen_name": null,
    "user": {
        "id": 304950546,
        "id_str": "304950546",
        "name": "Tipsy",
        "screen_name": "Tipsy37",
        "location": "",
        "description": "",
        "url": null,
        "entities": {
            "description": {
                "urls": []
            }
        },
        "protected": false,
        "followers_count": 864,
        "friends_count": 2051,
        "listed_count": 9,
        "created_at": "Wed May 25 11:37:49 +0000 2011",
        "favourites_count": 979,
        "utc_offset": null,
        "time_zone": null,
        "geo_enabled": false,
        "verified": false,
        "statuses_count": 10703,
        "lang": "ru",
        "contributors_enabled": false,
        "is_translator": false,
        "is_translation_enabled": false,
        "profile_background_color": "000000",
        "profile_background_image_url": "http://abs.twimg.com/images/themes/theme1/bg.png",
        "profile_background_image_url_https": "https://abs.twimg.com/images/themes/theme1/bg.png",
        "profile_background_tile": false,
        "profile_image_url": "http://pbs.twimg.com/profile_images/509805304498774019/U-uxTHaj_normal.jpeg",
        "profile_image_url_https": "https://pbs.twimg.com/profile_images/509805304498774019/U-uxTHaj_normal.jpeg",
        "profile_banner_url": "https://pbs.twimg.com/profile_banners/304950546/1407532060",
        "profile_link_color": "3B94D9",
        "profile_sidebar_border_color": "000000",
        "profile_sidebar_fill_color": "000000",
        "profile_text_color": "000000",
        "profile_use_background_image": false,
        "has_extended_profile": false,
        "default_profile": false,
        "default_profile_image": false,
        "following": false,
        "follow_request_sent": false,
        "notifications": false,
        "translator_type": "none"
    },
    "geo": null,
    "coordinates": null,
    "place": null,
    "contributors": null,
    "is_quote_status": false,
    "retweet_count": 0,
    "favorite_count": 0,
    "favorited": false,
    "retweeted": false,
    "possibly_sensitive": false,
    "possibly_sensitive_appealable": false,
    "lang": "ru"
}