{
    "created_at": "Sat Nov 04 20:22:23 +0000 2017",
    "id": 926907499176804353,
    "id_str": "926907499176804353",
    "text": "RT @GrahamWP_UK: \u041c\u043e\u0439 \u043d\u043e\u0432\u044b\u0439 \u0441\u043f\u0435\u0446-\u0440\u0435\u043f\u043e\u0440\u0442\u0430\u0436!!!\n\n\u041d\u043e\u0432\u044b\u0439 #\u041c\u0430\u0439\u0434\u0430\u043d , 2017! \u042d\u043a\u0441\u043a\u043b\u044e\u0437\u0438\u0432\u043d\u044b\u0439 \u0421\u043f\u0435\u0446-\u0440\u0435\u043f\u043e\u0440\u0442\u0430\u0436 \u0438\u0437 \u041a\u0438\u0435\u0432\u0430\n\nhttps://t.co/ZZSCJdm4wL\n\n#\u0443\u043a\u0440\u0430\u0438\u043d\u0430 #\u2026",
    "truncated": false,
    "entities": {
        "hashtags": [
            {
                "text": "\u041c\u0430\u0439\u0434\u0430\u043d",
                "indices": [
                    51,
                    58
                ]
            },
            {
                "text": "\u0443\u043a\u0440\u0430\u0438\u043d\u0430",
                "indices": [
                    129,
                    137
                ]
            }
        ],
        "symbols": [],
        "user_mentions": [
            {
                "screen_name": "GrahamWP_UK",
                "name": "Graham W Phillips",
                "id": 219233615,
                "id_str": "219233615",
                "indices": [
                    3,
                    15
                ]
            }
        ],
        "urls": [
            {
                "url": "https://t.co/ZZSCJdm4wL",
                "expanded_url": "https://www.youtube.com/watch?v=78GdgqIunQE",
                "display_url": "youtube.com/watch?v=78Gdgq\u2026",
                "indices": [
                    104,
                    127
                ]
            }
        ]
    },
    "source": "<a href=\"http://twitter.com\" rel=\"nofollow\">Twitter Web Client</a>",
    "in_reply_to_status_id": null,
    "in_reply_to_status_id_str": null,
    "in_reply_to_user_id": null,
    "in_reply_to_user_id_str": null,
    "in_reply_to_screen_name": null,
    "user": {
        "id": 440857558,
        "id_str": "440857558",
        "name": "\u0410\u043b\u0435\u043a\u0441\u0430\u043d\u0434\u0440 \u0418\u0433\u043e\u043d\u0438\u043d",
        "screen_name": "AV_Igonin",
        "location": "",
        "description": "\u0412\u043e\u0442 \u043e\u043d \u0443\u0434\u0430\u0440\u0438\u043b \u2014 \u0440\u0430\u0437, \u0434\u0432\u0430, \u0442\u0440\u0438 \u2014\n\u0418... \u0441\u0430\u043c \u043b\u0438\u0448\u0438\u043b\u0441\u044f \u0441\u0438\u043b,\n\u041c\u043d\u0435 \u0440\u0443\u043a\u0443 \u043f\u043e\u0434\u043d\u044f\u043b \u0440\u0435\u0444\u0435\u0440\u0438,\n\u041a\u043e\u0442\u043e\u0440\u043e\u0439 \u044f \u043d\u0435 \u0431\u0438\u043b.\n\n\u0412\u043b\u0430\u0434\u0438\u043c\u0438\u0440 \u0412\u044b\u0441\u043e\u0446\u043a\u0438\u0439 (\u041f\u0435\u0441\u043d\u044f \u043e \u0441\u0435\u043d\u0442\u0438\u043c\u0435\u043d\u0442\u0430\u043b\u044c\u043d\u043e\u043c \u0431\u043e\u043a\u0441\u0451\u0440\u0435)",
        "url": null,
        "entities": {
            "description": {
                "urls": []
            }
        },
        "protected": false,
        "followers_count": 994,
        "friends_count": 2119,
        "listed_count": 40,
        "created_at": "Mon Dec 19 13:52:16 +0000 2011",
        "favourites_count": 47242,
        "utc_offset": 7200,
        "time_zone": "Athens",
        "geo_enabled": false,
        "verified": false,
        "statuses_count": 315134,
        "lang": "ru",
        "contributors_enabled": false,
        "is_translator": false,
        "is_translation_enabled": false,
        "profile_background_color": "C0DEED",
        "profile_background_image_url": "http://abs.twimg.com/images/themes/theme1/bg.png",
        "profile_background_image_url_https": "https://abs.twimg.com/images/themes/theme1/bg.png",
        "profile_background_tile": false,
        "profile_image_url": "http://pbs.twimg.com/profile_images/1768549962/image03837_normal.jpg",
        "profile_image_url_https": "https://pbs.twimg.com/profile_images/1768549962/image03837_normal.jpg",
        "profile_banner_url": "https://pbs.twimg.com/profile_banners/440857558/1400512161",
        "profile_link_color": "1DA1F2",
        "profile_sidebar_border_color": "C0DEED",
        "profile_sidebar_fill_color": "DDEEF6",
        "profile_text_color": "333333",
        "profile_use_background_image": true,
        "has_extended_profile": false,
        "default_profile": true,
        "default_profile_image": false,
        "following": false,
        "follow_request_sent": false,
        "notifications": false,
        "translator_type": "none"
    },
    "geo": null,
    "coordinates": null,
    "place": null,
    "contributors": null,
    "retweeted_status": {
        "created_at": "Fri Nov 03 12:08:21 +0000 2017",
        "id": 926420785216065537,
        "id_str": "926420785216065537",
        "text": "\u041c\u043e\u0439 \u043d\u043e\u0432\u044b\u0439 \u0441\u043f\u0435\u0446-\u0440\u0435\u043f\u043e\u0440\u0442\u0430\u0436!!!\n\n\u041d\u043e\u0432\u044b\u0439 #\u041c\u0430\u0439\u0434\u0430\u043d , 2017! \u042d\u043a\u0441\u043a\u043b\u044e\u0437\u0438\u0432\u043d\u044b\u0439 \u0421\u043f\u0435\u0446-\u0440\u0435\u043f\u043e\u0440\u0442\u0430\u0436 \u0438\u0437 \u041a\u0438\u0435\u0432\u0430\n\nhttps://t.co/ZZSCJdm4wL\n\n#\u0443\u043a\u0440\u0430\u0438\u043d\u0430 #\u041c\u0430\u0439\u0434\u0430\u043d2017 #\u041a\u0438\u0435\u0432",
        "truncated": false,
        "entities": {
            "hashtags": [
                {
                    "text": "\u041c\u0430\u0439\u0434\u0430\u043d",
                    "indices": [
                        34,
                        41
                    ]
                },
                {
                    "text": "\u0443\u043a\u0440\u0430\u0438\u043d\u0430",
                    "indices": [
                        112,
                        120
                    ]
                },
                {
                    "text": "\u041c\u0430\u0439\u0434\u0430\u043d2017",
                    "indices": [
                        121,
                        132
                    ]
                },
                {
                    "text": "\u041a\u0438\u0435\u0432",
                    "indices": [
                        133,
                        138
                    ]
                }
            ],
            "symbols": [],
            "user_mentions": [],
            "urls": [
                {
                    "url": "https://t.co/ZZSCJdm4wL",
                    "expanded_url": "https://www.youtube.com/watch?v=78GdgqIunQE",
                    "display_url": "youtube.com/watch?v=78Gdgq\u2026",
                    "indices": [
                        87,
                        110
                    ]
                }
            ]
        },
        "source": "<a href=\"http://twitter.com\" rel=\"nofollow\">Twitter Web Client</a>",
        "in_reply_to_status_id": null,
        "in_reply_to_status_id_str": null,
        "in_reply_to_user_id": null,
        "in_reply_to_user_id_str": null,
        "in_reply_to_screen_name": null,
        "user": {
            "id": 219233615,
            "id_str": "219233615",
            "name": "Graham W Phillips",
            "screen_name": "GrahamWP_UK",
            "location": "UK, Europe, Russia, Donbass",
            "description": "Independent UK journo  https://t.co/2u90aYpuyf     RTs-usual deal. Crowdfunding - https://t.co/XHPunA9y0g",
            "url": "http://t.co/qxjZldCV7s",
            "entities": {
                "url": {
                    "urls": [
                        {
                            "url": "http://t.co/qxjZldCV7s",
                            "expanded_url": "http://www.thetruthspeaker.co",
                            "display_url": "thetruthspeaker.co",
                            "indices": [
                                0,
                                22
                            ]
                        }
                    ]
                },
                "description": {
                    "urls": [
                        {
                            "url": "https://t.co/2u90aYpuyf",
                            "expanded_url": "https://thetruthspeaker.co/2016/06/05/graham-phillips-a-brief-biography/",
                            "display_url": "thetruthspeaker.co/2016/06/05/gra\u2026",
                            "indices": [
                                23,
                                46
                            ]
                        },
                        {
                            "url": "https://t.co/XHPunA9y0g",
                            "expanded_url": "https://thetruthspeaker.co/2017/02/21/graham-phillips-how-to-support-my-work/",
                            "display_url": "thetruthspeaker.co/2017/02/21/gra\u2026",
                            "indices": [
                                82,
                                105
                            ]
                        }
                    ]
                }
            },
            "protected": false,
            "followers_count": 42680,
            "friends_count": 463,
            "listed_count": 1241,
            "created_at": "Wed Nov 24 08:55:52 +0000 2010",
            "favourites_count": 37658,
            "utc_offset": 0,
            "time_zone": "London",
            "geo_enabled": true,
            "verified": false,
            "statuses_count": 51607,
            "lang": "en",
            "contributors_enabled": false,
            "is_translator": false,
            "is_translation_enabled": false,
            "profile_background_color": "C0DEED",
            "profile_background_image_url": "http://pbs.twimg.com/profile_background_images/617252137031049216/PZCYOyEE.jpg",
            "profile_background_image_url_https": "https://pbs.twimg.com/profile_background_images/617252137031049216/PZCYOyEE.jpg",
            "profile_background_tile": true,
            "profile_image_url": "http://pbs.twimg.com/profile_images/960596831074910208/Rh36v19e_normal.jpg",
            "profile_image_url_https": "https://pbs.twimg.com/profile_images/960596831074910208/Rh36v19e_normal.jpg",
            "profile_banner_url": "https://pbs.twimg.com/profile_banners/219233615/1513163653",
            "profile_link_color": "1B95E0",
            "profile_sidebar_border_color": "FFFFFF",
            "profile_sidebar_fill_color": "DDEEF6",
            "profile_text_color": "333333",
            "profile_use_background_image": true,
            "has_extended_profile": true,
            "default_profile": false,
            "default_profile_image": false,
            "following": false,
            "follow_request_sent": false,
            "notifications": false,
            "translator_type": "none"
        },
        "geo": null,
        "coordinates": null,
        "place": null,
        "contributors": null,
        "is_quote_status": false,
        "retweet_count": 18,
        "favorite_count": 13,
        "favorited": false,
        "retweeted": false,
        "possibly_sensitive": true,
        "possibly_sensitive_appealable": false,
        "lang": "ru"
    },
    "is_quote_status": false,
    "retweet_count": 18,
    "favorite_count": 0,
    "favorited": false,
    "retweeted": false,
    "possibly_sensitive": false,
    "possibly_sensitive_appealable": false,
    "lang": "ru"
}