{
    "created_at": "Fri Nov 10 13:09:24 +0000 2017",
    "id": 928972863843028992,
    "id_str": "928972863843028992",
    "text": "@agcolehamilton @AlexSalmond Or what about the family of Stephen Anderson, the Scottish ex RAF search and rescue co\u2026 https://t.co/OSdiZW5aac",
    "truncated": true,
    "entities": {
        "hashtags": [],
        "symbols": [],
        "user_mentions": [
            {
                "screen_name": "agcolehamilton",
                "name": "Alex Cole-Hamilton MSP",
                "id": 33911222,
                "id_str": "33911222",
                "indices": [
                    0,
                    15
                ]
            },
            {
                "screen_name": "AlexSalmond",
                "name": "Alex Salmond",
                "id": 236786367,
                "id_str": "236786367",
                "indices": [
                    16,
                    28
                ]
            }
        ],
        "urls": [
            {
                "url": "https://t.co/OSdiZW5aac",
                "expanded_url": "https://twitter.com/i/web/status/928972863843028992",
                "display_url": "twitter.com/i/web/status/9\u2026",
                "indices": [
                    117,
                    140
                ]
            }
        ]
    },
    "source": "<a href=\"http://twitter.com/download/iphone\" rel=\"nofollow\">Twitter for iPhone</a>",
    "in_reply_to_status_id": 928895109848018944,
    "in_reply_to_status_id_str": "928895109848018944",
    "in_reply_to_user_id": 33911222,
    "in_reply_to_user_id_str": "33911222",
    "in_reply_to_screen_name": "agcolehamilton",
    "user": {
        "id": 19439960,
        "id_str": "19439960",
        "name": "Andr\u00e9s",
        "screen_name": "thegilf",
        "location": "",
        "description": "I have always depended on the kindness of strangers.",
        "url": null,
        "entities": {
            "description": {
                "urls": []
            }
        },
        "protected": false,
        "followers_count": 2831,
        "friends_count": 763,
        "listed_count": 40,
        "created_at": "Sat Jan 24 09:56:56 +0000 2009",
        "favourites_count": 2153,
        "utc_offset": 0,
        "time_zone": "London",
        "geo_enabled": true,
        "verified": false,
        "statuses_count": 23688,
        "lang": "en",
        "contributors_enabled": false,
        "is_translator": false,
        "is_translation_enabled": false,
        "profile_background_color": "131516",
        "profile_background_image_url": "http://abs.twimg.com/images/themes/theme14/bg.gif",
        "profile_background_image_url_https": "https://abs.twimg.com/images/themes/theme14/bg.gif",
        "profile_background_tile": true,
        "profile_image_url": "http://pbs.twimg.com/profile_images/449483026834395136/uFpsM_2K_normal.jpeg",
        "profile_image_url_https": "https://pbs.twimg.com/profile_images/449483026834395136/uFpsM_2K_normal.jpeg",
        "profile_banner_url": "https://pbs.twimg.com/profile_banners/19439960/1394660848",
        "profile_link_color": "009999",
        "profile_sidebar_border_color": "EEEEEE",
        "profile_sidebar_fill_color": "EFEFEF",
        "profile_text_color": "333333",
        "profile_use_background_image": true,
        "has_extended_profile": false,
        "default_profile": false,
        "default_profile_image": false,
        "following": false,
        "follow_request_sent": false,
        "notifications": false,
        "translator_type": "none"
    },
    "geo": null,
    "coordinates": null,
    "place": null,
    "contributors": null,
    "is_quote_status": false,
    "retweet_count": 0,
    "favorite_count": 1,
    "favorited": false,
    "retweeted": false,
    "lang": "en"
}