{
    "created_at": "Sun Nov 05 17:10:50 +0000 2017",
    "id": 927221683055972354,
    "id_str": "927221683055972354",
    "text": "\u041d\u0430 \u041a\u0438\u0435\u0432\u0449\u0438\u043d\u0435 \u043c\u0443\u0436\u0447\u0438\u043d\u0430 \u0441\u0442\u0440\u0435\u043b\u044f\u043b \u043f\u043e \u0430\u0432\u0442\u043e: \u0435\u0441\u0442\u044c #\u043f\u043e\u0441\u0442\u0440\u0430\u0434\u0430\u0432\u0448\u0438\u0435 - https://t.co/26PvJ4JD6u\n#\u0410\u0422\u041e #\u041a\u0438\u0435\u0432 #\u043e\u0440\u0443\u0436\u0438\u0435 #\u043f\u043e\u0441\u0442\u0440\u0430\u0434\u0430\u0432\u0448\u0438\u0435\u2026 https://t.co/aZbkF7CpOA",
    "truncated": true,
    "entities": {
        "hashtags": [
            {
                "text": "\u043f\u043e\u0441\u0442\u0440\u0430\u0434\u0430\u0432\u0448\u0438\u0435",
                "indices": [
                    42,
                    55
                ]
            },
            {
                "text": "\u0410\u0422\u041e",
                "indices": [
                    82,
                    86
                ]
            },
            {
                "text": "\u041a\u0438\u0435\u0432",
                "indices": [
                    87,
                    92
                ]
            },
            {
                "text": "\u043e\u0440\u0443\u0436\u0438\u0435",
                "indices": [
                    93,
                    100
                ]
            },
            {
                "text": "\u043f\u043e\u0441\u0442\u0440\u0430\u0434\u0430\u0432\u0448\u0438\u0435",
                "indices": [
                    101,
                    114
                ]
            }
        ],
        "symbols": [],
        "user_mentions": [],
        "urls": [
            {
                "url": "https://t.co/26PvJ4JD6u",
                "expanded_url": "http://news-for.me/?p=167291",
                "display_url": "news-for.me/?p=167291",
                "indices": [
                    58,
                    81
                ]
            },
            {
                "url": "https://t.co/aZbkF7CpOA",
                "expanded_url": "https://twitter.com/i/web/status/927221683055972354",
                "display_url": "twitter.com/i/web/status/9\u2026",
                "indices": [
                    116,
                    139
                ]
            }
        ]
    },
    "source": "<a href=\"http://news-for.me\" rel=\"nofollow\">news-for.me</a>",
    "in_reply_to_status_id": null,
    "in_reply_to_status_id_str": null,
    "in_reply_to_user_id": null,
    "in_reply_to_user_id_str": null,
    "in_reply_to_screen_name": null,
    "user": {
        "id": 2352425838,
        "id_str": "2352425838",
        "name": "\u0422\u0432\u043e\u0438 \u041d\u043e\u0432\u043e\u0441\u0442\u0438",
        "screen_name": "newsforme4",
        "location": "",
        "description": "",
        "url": "http://t.co/KTS8O0koOp",
        "entities": {
            "url": {
                "urls": [
                    {
                        "url": "http://t.co/KTS8O0koOp",
                        "expanded_url": "http://news-for.me",
                        "display_url": "news-for.me",
                        "indices": [
                            0,
                            22
                        ]
                    }
                ]
            },
            "description": {
                "urls": []
            }
        },
        "protected": false,
        "followers_count": 789,
        "friends_count": 4137,
        "listed_count": 6,
        "created_at": "Thu Feb 20 00:13:02 +0000 2014",
        "favourites_count": 0,
        "utc_offset": null,
        "time_zone": null,
        "geo_enabled": false,
        "verified": false,
        "statuses_count": 25084,
        "lang": "en",
        "contributors_enabled": false,
        "is_translator": false,
        "is_translation_enabled": false,
        "profile_background_color": "C0DEED",
        "profile_background_image_url": "http://abs.twimg.com/images/themes/theme1/bg.png",
        "profile_background_image_url_https": "https://abs.twimg.com/images/themes/theme1/bg.png",
        "profile_background_tile": false,
        "profile_image_url": "http://pbs.twimg.com/profile_images/744469595524857856/nXTcsO-0_normal.jpg",
        "profile_image_url_https": "https://pbs.twimg.com/profile_images/744469595524857856/nXTcsO-0_normal.jpg",
        "profile_banner_url": "https://pbs.twimg.com/profile_banners/2352425838/1466330428",
        "profile_link_color": "1DA1F2",
        "profile_sidebar_border_color": "C0DEED",
        "profile_sidebar_fill_color": "DDEEF6",
        "profile_text_color": "333333",
        "profile_use_background_image": true,
        "has_extended_profile": false,
        "default_profile": true,
        "default_profile_image": false,
        "following": false,
        "follow_request_sent": false,
        "notifications": false,
        "translator_type": "none"
    },
    "geo": null,
    "coordinates": null,
    "place": null,
    "contributors": null,
    "is_quote_status": false,
    "retweet_count": 0,
    "favorite_count": 0,
    "favorited": false,
    "retweeted": false,
    "possibly_sensitive": false,
    "possibly_sensitive_appealable": false,
    "lang": "ru"
}