{
    "created_at": "Fri Nov 10 02:07:40 +0000 2017",
    "id": 928806331821232129,
    "id_str": "928806331821232129",
    "text": "#MH17 #DAY1213: Mr #Poroshenko, tell us why #UkraineDIDit? https://t.co/wsiEUXVri5",
    "truncated": false,
    "entities": {
        "hashtags": [
            {
                "text": "MH17",
                "indices": [
                    0,
                    5
                ]
            },
            {
                "text": "DAY1213",
                "indices": [
                    6,
                    14
                ]
            },
            {
                "text": "Poroshenko",
                "indices": [
                    19,
                    30
                ]
            },
            {
                "text": "UkraineDIDit",
                "indices": [
                    44,
                    57
                ]
            }
        ],
        "symbols": [],
        "user_mentions": [],
        "urls": [
            {
                "url": "https://t.co/wsiEUXVri5",
                "expanded_url": "https://twitter.com/MH17files/status/928641038704693248",
                "display_url": "twitter.com/MH17files/stat\u2026",
                "indices": [
                    59,
                    82
                ]
            }
        ]
    },
    "source": "<a href=\"http://twitter.com\" rel=\"nofollow\">Twitter Web Client</a>",
    "in_reply_to_status_id": null,
    "in_reply_to_status_id_str": null,
    "in_reply_to_user_id": null,
    "in_reply_to_user_id_str": null,
    "in_reply_to_screen_name": null,
    "user": {
        "id": 1978165356,
        "id_str": "1978165356",
        "name": "St\u0159edn\u00ed t\u0159\u00edda v \u010cR \ud83c\udde8\ud83c\uddff",
        "screen_name": "Stredni_trida",
        "location": "",
        "description": "Prostor vyj\u00e1d\u0159en\u00ed p\u0159\u00edslu\u0161n\u00edk\u016f st\u0159edn\u00ed vrstvy ke v\u0161emu, co je aktu\u00e1ln\u00ed, d\u0159\u00edve jen ve 140 znac\u00edch. Nen\u00ed \u010das, zn.: Dan\u011b, #EET, hl\u00e1\u0161en\u00ed ... \ud83d\ude0e",
        "url": "https://t.co/7OipNZo9Li",
        "entities": {
            "url": {
                "urls": [
                    {
                        "url": "https://t.co/7OipNZo9Li",
                        "expanded_url": "http://www.facebook.com/pages/St%C5%99edn%C3%AD-T%C5%99%C3%ADda/1376364969272459",
                        "display_url": "facebook.com/pages/St%C5%99\u2026",
                        "indices": [
                            0,
                            23
                        ]
                    }
                ]
            },
            "description": {
                "urls": []
            }
        },
        "protected": false,
        "followers_count": 1993,
        "friends_count": 2018,
        "listed_count": 369,
        "created_at": "Mon Oct 21 10:10:15 +0000 2013",
        "favourites_count": 40647,
        "utc_offset": null,
        "time_zone": null,
        "geo_enabled": true,
        "verified": false,
        "statuses_count": 199269,
        "lang": "cs",
        "contributors_enabled": false,
        "is_translator": false,
        "is_translation_enabled": false,
        "profile_background_color": "ACDED6",
        "profile_background_image_url": "http://abs.twimg.com/images/themes/theme18/bg.gif",
        "profile_background_image_url_https": "https://abs.twimg.com/images/themes/theme18/bg.gif",
        "profile_background_tile": false,
        "profile_image_url": "http://pbs.twimg.com/profile_images/378800000627882949/30e1192681f27f1fea85d093777ec7d4_normal.jpeg",
        "profile_image_url_https": "https://pbs.twimg.com/profile_images/378800000627882949/30e1192681f27f1fea85d093777ec7d4_normal.jpeg",
        "profile_banner_url": "https://pbs.twimg.com/profile_banners/1978165356/1382351808",
        "profile_link_color": "3636CF",
        "profile_sidebar_border_color": "FFFFFF",
        "profile_sidebar_fill_color": "F6F6F6",
        "profile_text_color": "333333",
        "profile_use_background_image": true,
        "has_extended_profile": false,
        "default_profile": false,
        "default_profile_image": false,
        "following": false,
        "follow_request_sent": false,
        "notifications": false,
        "translator_type": "regular"
    },
    "geo": null,
    "coordinates": null,
    "place": null,
    "contributors": null,
    "is_quote_status": true,
    "retweet_count": 2,
    "favorite_count": 0,
    "favorited": false,
    "retweeted": false,
    "possibly_sensitive": false,
    "possibly_sensitive_appealable": false,
    "lang": "en"
}