{
    "created_at": "Mon Nov 06 13:25:39 +0000 2017",
    "id": 927527399004221441,
    "id_str": "927527399004221441",
    "text": "RT @asko_info: \u0410 \u043d\u0435 \u0442\u043e\u0442 \u043b\u0438 \u044d\u0442\u043e Boeing, \u043a\u043e\u0442\u043e\u0440\u044b\u0439 \u043a\u0438\u0435\u0432\u0441\u043a\u0430\u044f \u0445\u0443\u043d\u0442\u0430 \u0443\u0433\u0430\u043d\u0434\u043e\u0448\u0438\u043b\u0430 17 \u0438\u044e\u043b\u044f 2014 \u0433. \u043d\u0430 \u0414\u043e\u043d\u0431\u0430\u0441\u0441\u0435? https://t.co/kfB8ju5tJP\n\n#MH370 #MH17\u2026",
    "truncated": false,
    "entities": {
        "hashtags": [
            {
                "text": "MH370",
                "indices": [
                    127,
                    133
                ]
            },
            {
                "text": "MH17",
                "indices": [
                    134,
                    139
                ]
            }
        ],
        "symbols": [],
        "user_mentions": [
            {
                "screen_name": "asko_info",
                "name": "\u0410\u043d\u0434\u0440\u0435\u0439 \u0421\u041c\u0418\u0420\u041d\u041e\u0412",
                "id": 456686553,
                "id_str": "456686553",
                "indices": [
                    3,
                    13
                ]
            }
        ],
        "urls": [
            {
                "url": "https://t.co/kfB8ju5tJP",
                "expanded_url": "https://www.postsovet.ru/blog/russia/951958.html",
                "display_url": "postsovet.ru/blog/russia/95\u2026",
                "indices": [
                    102,
                    125
                ]
            }
        ]
    },
    "source": "<a href=\"http://twitter.com/download/android\" rel=\"nofollow\">Twitter for Android</a>",
    "in_reply_to_status_id": null,
    "in_reply_to_status_id_str": null,
    "in_reply_to_user_id": null,
    "in_reply_to_user_id_str": null,
    "in_reply_to_screen_name": null,
    "user": {
        "id": 456686553,
        "id_str": "456686553",
        "name": "\u0410\u043d\u0434\u0440\u0435\u0439 \u0421\u041c\u0418\u0420\u041d\u041e\u0412",
        "screen_name": "asko_info",
        "location": "\u0421\u0432\u0463\u0442\u0430\u0467 \u048e\u0263\u00e7\u10ee - \u0412\u0435\u043b\u0438\u043a\u0430\u044f \u0422\u0430\u0440\u0442\u0430\u0440\u0438\u044f",
        "description": "\u0421 \u041d\u043e\u0432\u044b\u043c 7526 \u043b\u0463\u0442\u043e\u043c \u043e\u0442 \u0421.\u041c.\u0417.\u0425.!",
        "url": null,
        "entities": {
            "description": {
                "urls": []
            }
        },
        "protected": false,
        "followers_count": 8345,
        "friends_count": 8422,
        "listed_count": 106,
        "created_at": "Fri Jan 06 14:53:59 +0000 2012",
        "favourites_count": 20100,
        "utc_offset": 10800,
        "time_zone": "Moscow",
        "geo_enabled": false,
        "verified": false,
        "statuses_count": 104517,
        "lang": "ru",
        "contributors_enabled": false,
        "is_translator": false,
        "is_translation_enabled": false,
        "profile_background_color": "EDECE9",
        "profile_background_image_url": "http://pbs.twimg.com/profile_background_images/463930510910042112/8CM93bXt.jpeg",
        "profile_background_image_url_https": "https://pbs.twimg.com/profile_background_images/463930510910042112/8CM93bXt.jpeg",
        "profile_background_tile": false,
        "profile_image_url": "http://pbs.twimg.com/profile_images/803868764471259137/0DFxGC7C_normal.jpg",
        "profile_image_url_https": "https://pbs.twimg.com/profile_images/803868764471259137/0DFxGC7C_normal.jpg",
        "profile_banner_url": "https://pbs.twimg.com/profile_banners/456686553/1479916724",
        "profile_link_color": "FA743E",
        "profile_sidebar_border_color": "FFFFFF",
        "profile_sidebar_fill_color": "DDEEF6",
        "profile_text_color": "333333",
        "profile_use_background_image": true,
        "has_extended_profile": false,
        "default_profile": false,
        "default_profile_image": false,
        "following": false,
        "follow_request_sent": false,
        "notifications": false,
        "translator_type": "none"
    },
    "geo": null,
    "coordinates": null,
    "place": null,
    "contributors": null,
    "retweeted_status": {
        "created_at": "Tue Oct 03 04:51:57 +0000 2017",
        "id": 915076936434618368,
        "id_str": "915076936434618368",
        "text": "\u0410 \u043d\u0435 \u0442\u043e\u0442 \u043b\u0438 \u044d\u0442\u043e Boeing, \u043a\u043e\u0442\u043e\u0440\u044b\u0439 \u043a\u0438\u0435\u0432\u0441\u043a\u0430\u044f \u0445\u0443\u043d\u0442\u0430 \u0443\u0433\u0430\u043d\u0434\u043e\u0448\u0438\u043b\u0430 17 \u0438\u044e\u043b\u044f 2014 \u0433. \u043d\u0430 \u0414\u043e\u043d\u0431\u0430\u0441\u0441\u0435? https://t.co/kfB8ju5tJP\n\n#MH370 #MH17 #USAdidit",
        "truncated": false,
        "entities": {
            "hashtags": [
                {
                    "text": "MH370",
                    "indices": [
                        112,
                        118
                    ]
                },
                {
                    "text": "MH17",
                    "indices": [
                        119,
                        124
                    ]
                },
                {
                    "text": "USAdidit",
                    "indices": [
                        125,
                        134
                    ]
                }
            ],
            "symbols": [],
            "user_mentions": [],
            "urls": [
                {
                    "url": "https://t.co/kfB8ju5tJP",
                    "expanded_url": "https://www.postsovet.ru/blog/russia/951958.html",
                    "display_url": "postsovet.ru/blog/russia/95\u2026",
                    "indices": [
                        87,
                        110
                    ]
                }
            ]
        },
        "source": "<a href=\"http://twitter.com/download/android\" rel=\"nofollow\">Twitter for Android</a>",
        "in_reply_to_status_id": null,
        "in_reply_to_status_id_str": null,
        "in_reply_to_user_id": null,
        "in_reply_to_user_id_str": null,
        "in_reply_to_screen_name": null,
        "user": {
            "id": 456686553,
            "id_str": "456686553",
            "name": "\u0410\u043d\u0434\u0440\u0435\u0439 \u0421\u041c\u0418\u0420\u041d\u041e\u0412",
            "screen_name": "asko_info",
            "location": "\u0421\u0432\u0463\u0442\u0430\u0467 \u048e\u0263\u00e7\u10ee - \u0412\u0435\u043b\u0438\u043a\u0430\u044f \u0422\u0430\u0440\u0442\u0430\u0440\u0438\u044f",
            "description": "\u0421 \u041d\u043e\u0432\u044b\u043c 7526 \u043b\u0463\u0442\u043e\u043c \u043e\u0442 \u0421.\u041c.\u0417.\u0425.!",
            "url": null,
            "entities": {
                "description": {
                    "urls": []
                }
            },
            "protected": false,
            "followers_count": 8345,
            "friends_count": 8422,
            "listed_count": 106,
            "created_at": "Fri Jan 06 14:53:59 +0000 2012",
            "favourites_count": 20100,
            "utc_offset": 10800,
            "time_zone": "Moscow",
            "geo_enabled": false,
            "verified": false,
            "statuses_count": 104517,
            "lang": "ru",
            "contributors_enabled": false,
            "is_translator": false,
            "is_translation_enabled": false,
            "profile_background_color": "EDECE9",
            "profile_background_image_url": "http://pbs.twimg.com/profile_background_images/463930510910042112/8CM93bXt.jpeg",
            "profile_background_image_url_https": "https://pbs.twimg.com/profile_background_images/463930510910042112/8CM93bXt.jpeg",
            "profile_background_tile": false,
            "profile_image_url": "http://pbs.twimg.com/profile_images/803868764471259137/0DFxGC7C_normal.jpg",
            "profile_image_url_https": "https://pbs.twimg.com/profile_images/803868764471259137/0DFxGC7C_normal.jpg",
            "profile_banner_url": "https://pbs.twimg.com/profile_banners/456686553/1479916724",
            "profile_link_color": "FA743E",
            "profile_sidebar_border_color": "FFFFFF",
            "profile_sidebar_fill_color": "DDEEF6",
            "profile_text_color": "333333",
            "profile_use_background_image": true,
            "has_extended_profile": false,
            "default_profile": false,
            "default_profile_image": false,
            "following": false,
            "follow_request_sent": false,
            "notifications": false,
            "translator_type": "none"
        },
        "geo": null,
        "coordinates": null,
        "place": null,
        "contributors": null,
        "is_quote_status": false,
        "retweet_count": 21,
        "favorite_count": 3,
        "favorited": false,
        "retweeted": false,
        "possibly_sensitive": false,
        "possibly_sensitive_appealable": false,
        "lang": "ru"
    },
    "is_quote_status": false,
    "retweet_count": 21,
    "favorite_count": 0,
    "favorited": false,
    "retweeted": false,
    "possibly_sensitive": false,
    "possibly_sensitive_appealable": false,
    "lang": "ru"
}