{
    "created_at": "Tue Nov 07 16:33:21 +0000 2017",
    "id": 927937024216260609,
    "id_str": "927937024216260609",
    "text": "@usapronova \u041f\u0443\u0441\u0442\u044c \u043f\u043e\u043f\u0440\u043e\u0441\u0438\u0442 \u0443 \u0436\u0435\u0440\u0442\u0432 #MH17, \u043d\u0430\u0434 \u043a\u043e\u0442\u043e\u0440\u044b\u043c\u0438 \u043e\u043d \u0433\u043b\u0443\u043c\u0438\u043b\u0441\u044f",
    "truncated": false,
    "entities": {
        "hashtags": [
            {
                "text": "MH17",
                "indices": [
                    35,
                    40
                ]
            }
        ],
        "symbols": [],
        "user_mentions": [
            {
                "screen_name": "usapronova",
                "name": "\u042e\u043b\u0438\u044f \u0421\u0430\u043f\u0440\u043e\u043d\u043e\u0432\u0430",
                "id": 619703810,
                "id_str": "619703810",
                "indices": [
                    0,
                    11
                ]
            }
        ],
        "urls": []
    },
    "source": "<a href=\"http://twitter.com\" rel=\"nofollow\">Twitter Web Client</a>",
    "in_reply_to_status_id": 927806704322056193,
    "in_reply_to_status_id_str": "927806704322056193",
    "in_reply_to_user_id": 619703810,
    "in_reply_to_user_id_str": "619703810",
    "in_reply_to_screen_name": "usapronova",
    "user": {
        "id": 860191463069675520,
        "id_str": "860191463069675520",
        "name": "\u041f\u043e\u043b\u0438\u0446\u0438\u044f \u0421\u043a\u043e\u0440\u0431\u0438",
        "screen_name": "needmoresorrow",
        "location": "\u041a\u043e\u043c\u0438\u0442\u0435\u0442 \u0433\u043e\u0441\u0443\u0434\u0430\u0440\u0441\u0442\u0432\u0435\u043d\u043d\u044b\u0445 \u0441\u043b\u0435\u0437",
        "description": "\u0413\u0440\u0430\u0436\u0434\u0430\u043d\u0438\u043d, \u0412\u044b \u043f\u043b\u043e\u0445\u043e \u0441\u043a\u043e\u0440\u0431\u0438\u0442\u0435, \u043f\u0440\u043e\u0439\u0434\u0435\u043c\u0442\u0435!",
        "url": null,
        "entities": {
            "description": {
                "urls": []
            }
        },
        "protected": false,
        "followers_count": 69,
        "friends_count": 595,
        "listed_count": 8,
        "created_at": "Thu May 04 17:56:41 +0000 2017",
        "favourites_count": 1616,
        "utc_offset": -28800,
        "time_zone": "Pacific Time (US & Canada)",
        "geo_enabled": false,
        "verified": false,
        "statuses_count": 8189,
        "lang": "pl",
        "contributors_enabled": false,
        "is_translator": false,
        "is_translation_enabled": false,
        "profile_background_color": "000000",
        "profile_background_image_url": "http://abs.twimg.com/images/themes/theme1/bg.png",
        "profile_background_image_url_https": "https://abs.twimg.com/images/themes/theme1/bg.png",
        "profile_background_tile": false,
        "profile_image_url": "http://pbs.twimg.com/profile_images/876478749549658116/xzcwP4Jt_normal.jpg",
        "profile_image_url_https": "https://pbs.twimg.com/profile_images/876478749549658116/xzcwP4Jt_normal.jpg",
        "profile_banner_url": "https://pbs.twimg.com/profile_banners/860191463069675520/1516331933",
        "profile_link_color": "000000",
        "profile_sidebar_border_color": "000000",
        "profile_sidebar_fill_color": "000000",
        "profile_text_color": "000000",
        "profile_use_background_image": false,
        "has_extended_profile": true,
        "default_profile": false,
        "default_profile_image": false,
        "following": false,
        "follow_request_sent": false,
        "notifications": false,
        "translator_type": "none"
    },
    "geo": null,
    "coordinates": null,
    "place": null,
    "contributors": null,
    "is_quote_status": false,
    "retweet_count": 0,
    "favorite_count": 0,
    "favorited": false,
    "retweeted": false,
    "lang": "ru"
}