{
    "created_at": "Fri Nov 10 10:48:02 +0000 2017",
    "id": 928937284434571265,
    "id_str": "928937284434571265",
    "text": "#\u043d\u043e\u0432\u043e\u0441\u0442\u0438 #\u0432\u0438\u0434\u0435\u043e\u0441\u044e\u0436\u0435\u0442\u044b\n\n\u041b\u044f\u0448\u043a\u043e: \u043c\u044b \u0434\u043e\u043b\u0436\u043d\u044b \u0437\u0430\u043a\u0443\u043f\u0430\u0442\u044c \u0442\u043e\u0432\u0430\u0440\u044b \u043e\u0442 \u0443\u043a\u0440\u0430\u0438\u043d\u0441\u043a\u0438\u0445 \u043f\u0440\u043e\u0438\u0437\u0432\u043e\u0434\u0438\u0442\u0435\u043b\u0435\u0439 10.11.17\n\n\u041e\u043b\u0435\u0433 \u041b\u044f\u0448\u043a\u043e \u043f\u0440\u043e\u043a...\u2026 https://t.co/18qMJWlWIm",
    "truncated": true,
    "entities": {
        "hashtags": [
            {
                "text": "\u043d\u043e\u0432\u043e\u0441\u0442\u0438",
                "indices": [
                    0,
                    8
                ]
            },
            {
                "text": "\u0432\u0438\u0434\u0435\u043e\u0441\u044e\u0436\u0435\u0442\u044b",
                "indices": [
                    9,
                    21
                ]
            }
        ],
        "symbols": [],
        "user_mentions": [],
        "urls": [
            {
                "url": "https://t.co/18qMJWlWIm",
                "expanded_url": "https://twitter.com/i/web/status/928937284434571265",
                "display_url": "twitter.com/i/web/status/9\u2026",
                "indices": [
                    115,
                    138
                ]
            }
        ]
    },
    "source": "<a href=\"https://novapress.com/\" rel=\"nofollow\">NovaPress Publisher</a>",
    "in_reply_to_status_id": null,
    "in_reply_to_status_id_str": null,
    "in_reply_to_user_id": null,
    "in_reply_to_user_id_str": null,
    "in_reply_to_screen_name": null,
    "user": {
        "id": 2904037425,
        "id_str": "2904037425",
        "name": "\u0422\u0435\u043b\u0435\u0411\u0443\u0434\u043a\u0430",
        "screen_name": "TeleBudka",
        "location": "",
        "description": "",
        "url": "http://t.co/xSZkLmmDx2",
        "entities": {
            "url": {
                "urls": [
                    {
                        "url": "http://t.co/xSZkLmmDx2",
                        "expanded_url": "http://www.telebudka.com.ua",
                        "display_url": "telebudka.com.ua",
                        "indices": [
                            0,
                            22
                        ]
                    }
                ]
            },
            "description": {
                "urls": []
            }
        },
        "protected": false,
        "followers_count": 16939,
        "friends_count": 56,
        "listed_count": 8,
        "created_at": "Wed Dec 03 18:06:17 +0000 2014",
        "favourites_count": 5,
        "utc_offset": null,
        "time_zone": null,
        "geo_enabled": false,
        "verified": false,
        "statuses_count": 176805,
        "lang": "ru",
        "contributors_enabled": false,
        "is_translator": false,
        "is_translation_enabled": false,
        "profile_background_color": "C0DEED",
        "profile_background_image_url": "http://abs.twimg.com/images/themes/theme1/bg.png",
        "profile_background_image_url_https": "https://abs.twimg.com/images/themes/theme1/bg.png",
        "profile_background_tile": false,
        "profile_image_url": "http://pbs.twimg.com/profile_images/540600208132808704/cjWJ-l_q_normal.jpeg",
        "profile_image_url_https": "https://pbs.twimg.com/profile_images/540600208132808704/cjWJ-l_q_normal.jpeg",
        "profile_banner_url": "https://pbs.twimg.com/profile_banners/2904037425/1417724145",
        "profile_link_color": "1DA1F2",
        "profile_sidebar_border_color": "C0DEED",
        "profile_sidebar_fill_color": "DDEEF6",
        "profile_text_color": "333333",
        "profile_use_background_image": true,
        "has_extended_profile": false,
        "default_profile": true,
        "default_profile_image": false,
        "following": false,
        "follow_request_sent": false,
        "notifications": false,
        "translator_type": "none"
    },
    "geo": null,
    "coordinates": null,
    "place": null,
    "contributors": null,
    "is_quote_status": false,
    "retweet_count": 0,
    "favorite_count": 0,
    "favorited": false,
    "retweeted": false,
    "possibly_sensitive": false,
    "possibly_sensitive_appealable": false,
    "lang": "ru"
}