{
    "created_at": "Wed Nov 08 07:45:29 +0000 2017",
    "id": 928166571494821889,
    "id_str": "928166571494821889",
    "text": "RT @Deus_Abscondis: Exposing the lies &amp; corruption of Dutch police/OM/and Dutch government-good Marcel!\n\n#MH17 https://t.co/fW7nq01RY8 http\u2026",
    "truncated": false,
    "entities": {
        "hashtags": [
            {
                "text": "MH17",
                "indices": [
                    109,
                    114
                ]
            }
        ],
        "symbols": [],
        "user_mentions": [
            {
                "screen_name": "Deus_Abscondis",
                "name": "Deus Abscondis",
                "id": 1958976074,
                "id_str": "1958976074",
                "indices": [
                    3,
                    18
                ]
            }
        ],
        "urls": [
            {
                "url": "https://t.co/fW7nq01RY8",
                "expanded_url": "http://archive.is/bNqwV",
                "display_url": "archive.is/bNqwV",
                "indices": [
                    115,
                    138
                ]
            }
        ]
    },
    "source": "<a href=\"http://twitter.com/download/android\" rel=\"nofollow\">Twitter for Android</a>",
    "in_reply_to_status_id": null,
    "in_reply_to_status_id_str": null,
    "in_reply_to_user_id": null,
    "in_reply_to_user_id_str": null,
    "in_reply_to_screen_name": null,
    "user": {
        "id": 886291360692752386,
        "id_str": "886291360692752386",
        "name": "Paquin2",
        "screen_name": "Paquita_337",
        "location": "The Netherlands",
        "description": "It took a whole lot of shaking but I woke up.",
        "url": null,
        "entities": {
            "description": {
                "urls": []
            }
        },
        "protected": false,
        "followers_count": 319,
        "friends_count": 552,
        "listed_count": 2,
        "created_at": "Sat Jul 15 18:28:21 +0000 2017",
        "favourites_count": 6886,
        "utc_offset": null,
        "time_zone": null,
        "geo_enabled": false,
        "verified": false,
        "statuses_count": 13355,
        "lang": "en",
        "contributors_enabled": false,
        "is_translator": false,
        "is_translation_enabled": false,
        "profile_background_color": "F5F8FA",
        "profile_background_image_url": null,
        "profile_background_image_url_https": null,
        "profile_background_tile": false,
        "profile_image_url": "http://pbs.twimg.com/profile_images/886329476539461632/gI03-12f_normal.jpg",
        "profile_image_url_https": "https://pbs.twimg.com/profile_images/886329476539461632/gI03-12f_normal.jpg",
        "profile_link_color": "1DA1F2",
        "profile_sidebar_border_color": "C0DEED",
        "profile_sidebar_fill_color": "DDEEF6",
        "profile_text_color": "333333",
        "profile_use_background_image": true,
        "has_extended_profile": false,
        "default_profile": true,
        "default_profile_image": false,
        "following": false,
        "follow_request_sent": false,
        "notifications": false,
        "translator_type": "none"
    },
    "geo": null,
    "coordinates": null,
    "place": null,
    "contributors": null,
    "retweeted_status": {
        "created_at": "Mon Nov 06 22:45:16 +0000 2017",
        "id": 927668233703849984,
        "id_str": "927668233703849984",
        "text": "Exposing the lies &amp; corruption of Dutch police/OM/and Dutch government-good Marcel!\n\n#MH17 https://t.co/fW7nq01RY8\u2026 https://t.co/APUacZPtSE",
        "truncated": true,
        "entities": {
            "hashtags": [
                {
                    "text": "MH17",
                    "indices": [
                        89,
                        94
                    ]
                }
            ],
            "symbols": [],
            "user_mentions": [],
            "urls": [
                {
                    "url": "https://t.co/fW7nq01RY8",
                    "expanded_url": "http://archive.is/bNqwV",
                    "display_url": "archive.is/bNqwV",
                    "indices": [
                        95,
                        118
                    ]
                },
                {
                    "url": "https://t.co/APUacZPtSE",
                    "expanded_url": "https://twitter.com/i/web/status/927668233703849984",
                    "display_url": "twitter.com/i/web/status/9\u2026",
                    "indices": [
                        120,
                        143
                    ]
                }
            ]
        },
        "source": "<a href=\"https://about.twitter.com/products/tweetdeck\" rel=\"nofollow\">TweetDeck</a>",
        "in_reply_to_status_id": null,
        "in_reply_to_status_id_str": null,
        "in_reply_to_user_id": null,
        "in_reply_to_user_id_str": null,
        "in_reply_to_screen_name": null,
        "user": {
            "id": 1958976074,
            "id_str": "1958976074",
            "name": "Deus Abscondis",
            "screen_name": "Deus_Abscondis",
            "location": "Look up at the night sky",
            "description": "Alien in exile",
            "url": null,
            "entities": {
                "description": {
                    "urls": []
                }
            },
            "protected": false,
            "followers_count": 501,
            "friends_count": 467,
            "listed_count": 32,
            "created_at": "Sun Oct 13 16:06:51 +0000 2013",
            "favourites_count": 4086,
            "utc_offset": -39600,
            "time_zone": "International Date Line West",
            "geo_enabled": false,
            "verified": false,
            "statuses_count": 29742,
            "lang": "en",
            "contributors_enabled": false,
            "is_translator": false,
            "is_translation_enabled": false,
            "profile_background_color": "131516",
            "profile_background_image_url": "http://pbs.twimg.com/profile_background_images/378800000094063106/efa82f0f8d2d565205fcb933d9b82f31.gif",
            "profile_background_image_url_https": "https://pbs.twimg.com/profile_background_images/378800000094063106/efa82f0f8d2d565205fcb933d9b82f31.gif",
            "profile_background_tile": true,
            "profile_image_url": "http://pbs.twimg.com/profile_images/870197609050157056/dVOZVbfI_normal.jpg",
            "profile_image_url_https": "https://pbs.twimg.com/profile_images/870197609050157056/dVOZVbfI_normal.jpg",
            "profile_banner_url": "https://pbs.twimg.com/profile_banners/1958976074/1405089320",
            "profile_link_color": "009999",
            "profile_sidebar_border_color": "000000",
            "profile_sidebar_fill_color": "DDEEF6",
            "profile_text_color": "333333",
            "profile_use_background_image": true,
            "has_extended_profile": false,
            "default_profile": false,
            "default_profile_image": false,
            "following": false,
            "follow_request_sent": false,
            "notifications": false,
            "translator_type": "none"
        },
        "geo": null,
        "coordinates": null,
        "place": null,
        "contributors": null,
        "is_quote_status": true,
        "quoted_status_id": 919900757440135168,
        "quoted_status_id_str": "919900757440135168",
        "quoted_status": {
            "created_at": "Mon Oct 16 12:20:06 +0000 2017",
            "id": 919900757440135168,
            "id_str": "919900757440135168",
            "text": "Law Expert: Corrupt #MH17 evidence will make prosecution  difficult. Easier if police, prosecutor corrupt too ;)\u2026 https://t.co/hMb5rmh8d0",
            "truncated": true,
            "entities": {
                "hashtags": [
                    {
                        "text": "MH17",
                        "indices": [
                            20,
                            25
                        ]
                    }
                ],
                "symbols": [],
                "user_mentions": [],
                "urls": [
                    {
                        "url": "https://t.co/hMb5rmh8d0",
                        "expanded_url": "https://twitter.com/i/web/status/919900757440135168",
                        "display_url": "twitter.com/i/web/status/9\u2026",
                        "indices": [
                            114,
                            137
                        ]
                    }
                ]
            },
            "source": "<a href=\"https://about.twitter.com/products/tweetdeck\" rel=\"nofollow\">TweetDeck</a>",
            "in_reply_to_status_id": null,
            "in_reply_to_status_id_str": null,
            "in_reply_to_user_id": null,
            "in_reply_to_user_id_str": null,
            "in_reply_to_screen_name": null,
            "user": {
                "id": 1958976074,
                "id_str": "1958976074",
                "name": "Deus Abscondis",
                "screen_name": "Deus_Abscondis",
                "location": "Look up at the night sky",
                "description": "Alien in exile",
                "url": null,
                "entities": {
                    "description": {
                        "urls": []
                    }
                },
                "protected": false,
                "followers_count": 501,
                "friends_count": 467,
                "listed_count": 32,
                "created_at": "Sun Oct 13 16:06:51 +0000 2013",
                "favourites_count": 4086,
                "utc_offset": -39600,
                "time_zone": "International Date Line West",
                "geo_enabled": false,
                "verified": false,
                "statuses_count": 29742,
                "lang": "en",
                "contributors_enabled": false,
                "is_translator": false,
                "is_translation_enabled": false,
                "profile_background_color": "131516",
                "profile_background_image_url": "http://pbs.twimg.com/profile_background_images/378800000094063106/efa82f0f8d2d565205fcb933d9b82f31.gif",
                "profile_background_image_url_https": "https://pbs.twimg.com/profile_background_images/378800000094063106/efa82f0f8d2d565205fcb933d9b82f31.gif",
                "profile_background_tile": true,
                "profile_image_url": "http://pbs.twimg.com/profile_images/870197609050157056/dVOZVbfI_normal.jpg",
                "profile_image_url_https": "https://pbs.twimg.com/profile_images/870197609050157056/dVOZVbfI_normal.jpg",
                "profile_banner_url": "https://pbs.twimg.com/profile_banners/1958976074/1405089320",
                "profile_link_color": "009999",
                "profile_sidebar_border_color": "000000",
                "profile_sidebar_fill_color": "DDEEF6",
                "profile_text_color": "333333",
                "profile_use_background_image": true,
                "has_extended_profile": false,
                "default_profile": false,
                "default_profile_image": false,
                "following": false,
                "follow_request_sent": false,
                "notifications": false,
                "translator_type": "none"
            },
            "geo": null,
            "coordinates": null,
            "place": null,
            "contributors": null,
            "is_quote_status": false,
            "retweet_count": 1,
            "favorite_count": 2,
            "favorited": false,
            "retweeted": false,
            "possibly_sensitive": false,
            "possibly_sensitive_appealable": false,
            "lang": "en"
        },
        "retweet_count": 9,
        "favorite_count": 8,
        "favorited": false,
        "retweeted": false,
        "possibly_sensitive": false,
        "possibly_sensitive_appealable": false,
        "lang": "en"
    },
    "is_quote_status": true,
    "quoted_status_id": 919900757440135168,
    "quoted_status_id_str": "919900757440135168",
    "retweet_count": 9,
    "favorite_count": 0,
    "favorited": false,
    "retweeted": false,
    "possibly_sensitive": false,
    "possibly_sensitive_appealable": false,
    "lang": "en"
}