{
    "created_at": "Thu Nov 09 00:03:49 +0000 2017",
    "id": 928412775264739328,
    "id_str": "928412775264739328",
    "text": "#\u0423\u043a\u0440\u0430\u0438\u043d\u0430 #\u041d\u043e\u0432\u043e\u0441\u0442\u0438 #\u043c\u0438\u0445\u043e\u043c\u0430\u0439\u0434\u0430\u043d #\u042f\u043d\u0443\u043a\u043e\u0432\u0438\u0447 \u043e\u0431\u0440\u0430\u0442\u0438\u043b\u0441\u044f \u043a \u0443\u043a\u0440\u0430\u0438\u043d\u0446\u0430\u043c: \u042f \u043d\u0435 \u043f\u0440\u0435\u043a\u0440\u0430\u0449\u0430\u044e \u0431\u043e\u0440\u044c\u0431\u0443! https://t.co/2GjFaAos4Z #NewsFront #\u041d\u043e\u0432\u043e\u0441\u0442\u0438 #News",
    "truncated": false,
    "entities": {
        "hashtags": [
            {
                "text": "\u0423\u043a\u0440\u0430\u0438\u043d\u0430",
                "indices": [
                    0,
                    8
                ]
            },
            {
                "text": "\u041d\u043e\u0432\u043e\u0441\u0442\u0438",
                "indices": [
                    9,
                    17
                ]
            },
            {
                "text": "\u043c\u0438\u0445\u043e\u043c\u0430\u0439\u0434\u0430\u043d",
                "indices": [
                    18,
                    29
                ]
            },
            {
                "text": "\u042f\u043d\u0443\u043a\u043e\u0432\u0438\u0447",
                "indices": [
                    30,
                    39
                ]
            },
            {
                "text": "NewsFront",
                "indices": [
                    110,
                    120
                ]
            },
            {
                "text": "\u041d\u043e\u0432\u043e\u0441\u0442\u0438",
                "indices": [
                    121,
                    129
                ]
            },
            {
                "text": "News",
                "indices": [
                    130,
                    135
                ]
            }
        ],
        "symbols": [],
        "user_mentions": [],
        "urls": [
            {
                "url": "https://t.co/2GjFaAos4Z",
                "expanded_url": "https://news-front.info/2017/11/06/vazhno-yanukovich-sdelal-zayavlenie-ukraintsam-ya-ne-prekrashhayu-borbu/",
                "display_url": "news-front.info/2017/11/06/vaz\u2026",
                "indices": [
                    86,
                    109
                ]
            }
        ]
    },
    "source": "<a href=\"http://twitter.com\" rel=\"nofollow\">Twitter Web Client</a>",
    "in_reply_to_status_id": null,
    "in_reply_to_status_id_str": null,
    "in_reply_to_user_id": null,
    "in_reply_to_user_id_str": null,
    "in_reply_to_screen_name": null,
    "user": {
        "id": 877490831447535617,
        "id_str": "877490831447535617",
        "name": "\u041b\u0430\u043d\u0430 \u0420\u043e\u0441\u0442\u043e\u0432\u0430",
        "screen_name": "Lana___Rostova",
        "location": "",
        "description": "",
        "url": null,
        "entities": {
            "description": {
                "urls": []
            }
        },
        "protected": false,
        "followers_count": 158,
        "friends_count": 207,
        "listed_count": 3,
        "created_at": "Wed Jun 21 11:38:12 +0000 2017",
        "favourites_count": 8232,
        "utc_offset": -28800,
        "time_zone": "Pacific Time (US & Canada)",
        "geo_enabled": false,
        "verified": false,
        "statuses_count": 8188,
        "lang": "ru",
        "contributors_enabled": false,
        "is_translator": false,
        "is_translation_enabled": false,
        "profile_background_color": "000000",
        "profile_background_image_url": "http://abs.twimg.com/images/themes/theme1/bg.png",
        "profile_background_image_url_https": "https://abs.twimg.com/images/themes/theme1/bg.png",
        "profile_background_tile": false,
        "profile_image_url": "http://pbs.twimg.com/profile_images/891693832680726529/1POJrDCF_normal.jpg",
        "profile_image_url_https": "https://pbs.twimg.com/profile_images/891693832680726529/1POJrDCF_normal.jpg",
        "profile_banner_url": "https://pbs.twimg.com/profile_banners/877490831447535617/1501430155",
        "profile_link_color": "981CEB",
        "profile_sidebar_border_color": "000000",
        "profile_sidebar_fill_color": "000000",
        "profile_text_color": "000000",
        "profile_use_background_image": false,
        "has_extended_profile": false,
        "default_profile": false,
        "default_profile_image": false,
        "following": false,
        "follow_request_sent": false,
        "notifications": false,
        "translator_type": "none"
    },
    "geo": null,
    "coordinates": null,
    "place": null,
    "contributors": null,
    "is_quote_status": false,
    "retweet_count": 1,
    "favorite_count": 1,
    "favorited": false,
    "retweeted": false,
    "possibly_sensitive": false,
    "possibly_sensitive_appealable": false,
    "lang": "ru"
}