{
    "created_at": "Thu Nov 09 11:11:32 +0000 2017",
    "id": 928580810537566208,
    "id_str": "928580810537566208",
    "text": "\u041b\u0443\u0446\u0435\u043d\u043a\u043e \u0440\u0430\u0441\u0441\u043a\u0430\u0437\u0430\u043b, \u043a\u0443\u0434\u0430 \u0443\u0448\u043b\u0438 \u0438\u0437\u044a\u044f\u0442\u044b\u0435 #\u0434\u0435\u043d\u044c\u0433\u0438 \u042f\u043d\u0443\u043a\u043e\u0432\u0438\u0447\u0430\n\nhttps://t.co/a95NMCJBeJ\n\n#\u043b\u0443\u0446\u0435\u043d\u043a\u043e #\u044f\u043d\u0443\u043a\u043e\u0432\u0438\u0447 #\u043d\u043e\u0432\u043e\u0441\u0442\u0438 #\u043d\u043e\u0432\u0438\u043d\u0438 https://t.co/Hg4NzJY2WZ",
    "truncated": false,
    "entities": {
        "hashtags": [
            {
                "text": "\u0434\u0435\u043d\u044c\u0433\u0438",
                "indices": [
                    37,
                    44
                ]
            },
            {
                "text": "\u043b\u0443\u0446\u0435\u043d\u043a\u043e",
                "indices": [
                    81,
                    89
                ]
            },
            {
                "text": "\u044f\u043d\u0443\u043a\u043e\u0432\u0438\u0447",
                "indices": [
                    90,
                    99
                ]
            },
            {
                "text": "\u043d\u043e\u0432\u043e\u0441\u0442\u0438",
                "indices": [
                    100,
                    108
                ]
            },
            {
                "text": "\u043d\u043e\u0432\u0438\u043d\u0438",
                "indices": [
                    109,
                    116
                ]
            }
        ],
        "symbols": [],
        "user_mentions": [],
        "urls": [
            {
                "url": "https://t.co/a95NMCJBeJ",
                "expanded_url": "https://www.ipnews.in.ua/news/ukraine/139881-lutsenko-rasskazal-kuda-ushli-iz-yatye-dengi-yanukovicha",
                "display_url": "ipnews.in.ua/news/ukraine/1\u2026",
                "indices": [
                    56,
                    79
                ]
            }
        ],
        "media": [
            {
                "id": 928580638596354049,
                "id_str": "928580638596354049",
                "indices": [
                    117,
                    140
                ],
                "media_url": "http://pbs.twimg.com/media/DOL7K8TXUAELiVK.jpg",
                "media_url_https": "https://pbs.twimg.com/media/DOL7K8TXUAELiVK.jpg",
                "url": "https://t.co/Hg4NzJY2WZ",
                "display_url": "pic.twitter.com/Hg4NzJY2WZ",
                "expanded_url": "https://twitter.com/IPnewsinua/status/928580810537566208/photo/1",
                "type": "photo",
                "sizes": {
                    "small": {
                        "w": 680,
                        "h": 359,
                        "resize": "fit"
                    },
                    "thumb": {
                        "w": 150,
                        "h": 150,
                        "resize": "crop"
                    },
                    "large": {
                        "w": 1597,
                        "h": 844,
                        "resize": "fit"
                    },
                    "medium": {
                        "w": 1200,
                        "h": 634,
                        "resize": "fit"
                    }
                }
            }
        ]
    },
    "extended_entities": {
        "media": [
            {
                "id": 928580638596354049,
                "id_str": "928580638596354049",
                "indices": [
                    117,
                    140
                ],
                "media_url": "http://pbs.twimg.com/media/DOL7K8TXUAELiVK.jpg",
                "media_url_https": "https://pbs.twimg.com/media/DOL7K8TXUAELiVK.jpg",
                "url": "https://t.co/Hg4NzJY2WZ",
                "display_url": "pic.twitter.com/Hg4NzJY2WZ",
                "expanded_url": "https://twitter.com/IPnewsinua/status/928580810537566208/photo/1",
                "type": "photo",
                "sizes": {
                    "small": {
                        "w": 680,
                        "h": 359,
                        "resize": "fit"
                    },
                    "thumb": {
                        "w": 150,
                        "h": 150,
                        "resize": "crop"
                    },
                    "large": {
                        "w": 1597,
                        "h": 844,
                        "resize": "fit"
                    },
                    "medium": {
                        "w": 1200,
                        "h": 634,
                        "resize": "fit"
                    }
                }
            }
        ]
    },
    "source": "<a href=\"http://twitter.com\" rel=\"nofollow\">Twitter Web Client</a>",
    "in_reply_to_status_id": null,
    "in_reply_to_status_id_str": null,
    "in_reply_to_user_id": null,
    "in_reply_to_user_id_str": null,
    "in_reply_to_screen_name": null,
    "user": {
        "id": 560536794,
        "id_str": "560536794",
        "name": "IPnews",
        "screen_name": "IPnewsinua",
        "location": "\u0423\u043a\u0440\u0430\u0438\u043d\u0430",
        "description": "",
        "url": null,
        "entities": {
            "description": {
                "urls": []
            }
        },
        "protected": false,
        "followers_count": 1162,
        "friends_count": 431,
        "listed_count": 10,
        "created_at": "Sun Apr 22 17:30:29 +0000 2012",
        "favourites_count": 249,
        "utc_offset": 7200,
        "time_zone": "Kyiv",
        "geo_enabled": true,
        "verified": false,
        "statuses_count": 71953,
        "lang": "ru",
        "contributors_enabled": false,
        "is_translator": false,
        "is_translation_enabled": false,
        "profile_background_color": "C0DEED",
        "profile_background_image_url": "http://abs.twimg.com/images/themes/theme1/bg.png",
        "profile_background_image_url_https": "https://abs.twimg.com/images/themes/theme1/bg.png",
        "profile_background_tile": false,
        "profile_image_url": "http://pbs.twimg.com/profile_images/916663519034081281/6yfGKkFy_normal.jpg",
        "profile_image_url_https": "https://pbs.twimg.com/profile_images/916663519034081281/6yfGKkFy_normal.jpg",
        "profile_banner_url": "https://pbs.twimg.com/profile_banners/560536794/1496148057",
        "profile_link_color": "1DA1F2",
        "profile_sidebar_border_color": "C0DEED",
        "profile_sidebar_fill_color": "DDEEF6",
        "profile_text_color": "333333",
        "profile_use_background_image": true,
        "has_extended_profile": false,
        "default_profile": true,
        "default_profile_image": false,
        "following": false,
        "follow_request_sent": false,
        "notifications": false,
        "translator_type": "none"
    },
    "geo": null,
    "coordinates": null,
    "place": null,
    "contributors": null,
    "is_quote_status": false,
    "retweet_count": 0,
    "favorite_count": 0,
    "favorited": false,
    "retweeted": false,
    "possibly_sensitive": false,
    "possibly_sensitive_appealable": false,
    "lang": "ru"
}