{
    "created_at": "Thu Nov 09 13:29:38 +0000 2017",
    "id": 928615564578381825,
    "id_str": "928615564578381825",
    "text": "\u0414\u0435\u0439\u0441\u0442\u0432\u0438\u044f \u043f\u0440\u043e\u043a\u0440\u0435\u043c\u043b\u0435\u0432\u0441\u043a\u043e\u0439 \u0440\u0430\u0434\u0438\u043a\u0430\u043b\u044c\u043d\u043e\u0439 \u0433\u0440\u0443\u043f\u043f\u044b SERB \u043a\u0443\u0440\u0438\u0440\u043e\u0432\u0430\u043b \u0441\u043e\u0442\u0440\u0443\u0434\u043d\u0438\u043a \u0446\u0435\u043d\u0442\u0440 \u043f\u043e \u043f\u0440\u043e\u0442\u0438\u0432\u043e\u0434\u0435\u0439\u0441\u0442\u0432\u0438\u044e \u044d\u043a\u0441\u0442\u0440\u0435\u043c\u0438\u0437\u043c\u0443 \u041c\u0412\u0414 \u2014 \u043c\u0430\u0439\u043e\u2026 https://t.co/Z3E4ooMEE8",
    "truncated": true,
    "entities": {
        "hashtags": [],
        "symbols": [],
        "user_mentions": [],
        "urls": [
            {
                "url": "https://t.co/Z3E4ooMEE8",
                "expanded_url": "https://twitter.com/i/web/status/928615564578381825",
                "display_url": "twitter.com/i/web/status/9\u2026",
                "indices": [
                    117,
                    140
                ]
            }
        ]
    },
    "source": "<a href=\"http://twitter.com\" rel=\"nofollow\">Twitter Web Client</a>",
    "in_reply_to_status_id": null,
    "in_reply_to_status_id_str": null,
    "in_reply_to_user_id": null,
    "in_reply_to_user_id_str": null,
    "in_reply_to_screen_name": null,
    "user": {
        "id": 42375639,
        "id_str": "42375639",
        "name": "\u041a\u043e\u043d\u043e\u043d\u043e\u0432",
        "screen_name": "nickolaykononov",
        "location": "\u041c\u043e\u0441\u043a\u0432\u0430, \u0420\u043e\u0441\u0441\u0438\u044f",
        "description": "\u0420\u0435\u0434\u0430\u043a\u0446\u0438\u043e\u043d\u043d\u044b\u0439 \u0434\u0438\u0440\u0435\u043a\u0442\u043e\u0440 @scrtmag. \u041a\u043d\u0438\u0433\u0438: \u041a\u043e\u0434 \u0414\u0443\u0440\u043e\u0432\u0430; \u0411\u043e\u0433 \u0431\u0435\u0437 \u043c\u0430\u0448\u0438\u043d\u044b; \u0410\u0432\u0442\u043e\u0440-\u043d\u043e\u0436\u043d\u0438\u0446\u044b-\u0431\u0443\u043c\u0430\u0433\u0430. \u0418\u0433\u0440\u044b \u043f\u0430\u043c\u044f\u0442\u0438: https://t.co/njtxzzoEfi \u0415\u0441\u043b\u0438 \u043f\u043e\u0441\u043b\u0435 \u0442\u0432\u0438\u0442\u0430 \u0442\u043e\u0447\u043a\u0430, \u044d\u0442\u043e \u0446\u0438\u0442\u0430\u0442\u0430",
        "url": "https://t.co/rgjDMFkN8t",
        "entities": {
            "url": {
                "urls": [
                    {
                        "url": "https://t.co/rgjDMFkN8t",
                        "expanded_url": "https://www.facebook.com/nickolay.kononov",
                        "display_url": "facebook.com/nickolay.konon\u2026",
                        "indices": [
                            0,
                            23
                        ]
                    }
                ]
            },
            "description": {
                "urls": [
                    {
                        "url": "https://t.co/njtxzzoEfi",
                        "expanded_url": "http://t.me/proshloe",
                        "display_url": "t.me/proshloe",
                        "indices": [
                            102,
                            125
                        ]
                    }
                ]
            }
        },
        "protected": false,
        "followers_count": 8671,
        "friends_count": 1210,
        "listed_count": 158,
        "created_at": "Mon May 25 08:45:04 +0000 2009",
        "favourites_count": 1339,
        "utc_offset": -18000,
        "time_zone": "Quito",
        "geo_enabled": false,
        "verified": true,
        "statuses_count": 33787,
        "lang": "ru",
        "contributors_enabled": false,
        "is_translator": false,
        "is_translation_enabled": false,
        "profile_background_color": "C0DEED",
        "profile_background_image_url": "http://abs.twimg.com/images/themes/theme1/bg.png",
        "profile_background_image_url_https": "https://abs.twimg.com/images/themes/theme1/bg.png",
        "profile_background_tile": false,
        "profile_image_url": "http://pbs.twimg.com/profile_images/1817915731/boy1_normal.JPG",
        "profile_image_url_https": "https://pbs.twimg.com/profile_images/1817915731/boy1_normal.JPG",
        "profile_link_color": "1DA1F2",
        "profile_sidebar_border_color": "C0DEED",
        "profile_sidebar_fill_color": "DDEEF6",
        "profile_text_color": "333333",
        "profile_use_background_image": true,
        "has_extended_profile": false,
        "default_profile": true,
        "default_profile_image": false,
        "following": false,
        "follow_request_sent": false,
        "notifications": false,
        "translator_type": "none"
    },
    "geo": null,
    "coordinates": null,
    "place": null,
    "contributors": null,
    "is_quote_status": false,
    "retweet_count": 2,
    "favorite_count": 0,
    "favorited": false,
    "retweeted": false,
    "lang": "ru"
}