{
    "created_at": "Mon Nov 06 23:38:17 +0000 2017",
    "id": 927681575902310400,
    "id_str": "927681575902310400",
    "text": "Liberty Report? What a joke. @RonPaul didn't believe in the liberty of 100 shot by Yanukovych's snipers in 2014.\u2026 https://t.co/wmV4mXh67N",
    "truncated": true,
    "entities": {
        "hashtags": [],
        "symbols": [],
        "user_mentions": [
            {
                "screen_name": "RonPaul",
                "name": "Ron Paul",
                "id": 287413569,
                "id_str": "287413569",
                "indices": [
                    29,
                    37
                ]
            }
        ],
        "urls": [
            {
                "url": "https://t.co/wmV4mXh67N",
                "expanded_url": "https://twitter.com/i/web/status/927681575902310400",
                "display_url": "twitter.com/i/web/status/9\u2026",
                "indices": [
                    114,
                    137
                ]
            }
        ]
    },
    "source": "<a href=\"http://twitter.com\" rel=\"nofollow\">Twitter Web Client</a>",
    "in_reply_to_status_id": null,
    "in_reply_to_status_id_str": null,
    "in_reply_to_user_id": null,
    "in_reply_to_user_id_str": null,
    "in_reply_to_screen_name": null,
    "user": {
        "id": 213878611,
        "id_str": "213878611",
        "name": "Terry Lys",
        "screen_name": "thwidder",
        "location": "Calgary, AB Canada",
        "description": "All paper money eventually returns to its intrinsic value of zero. -Voltaire/embry| Wall St greed is a Category 5 hurricane which must blow out to sea and die.",
        "url": null,
        "entities": {
            "description": {
                "urls": []
            }
        },
        "protected": false,
        "followers_count": 371,
        "friends_count": 325,
        "listed_count": 10,
        "created_at": "Wed Nov 10 00:49:39 +0000 2010",
        "favourites_count": 29650,
        "utc_offset": -25200,
        "time_zone": "Mountain Time (US & Canada)",
        "geo_enabled": false,
        "verified": false,
        "statuses_count": 12627,
        "lang": "en",
        "contributors_enabled": false,
        "is_translator": false,
        "is_translation_enabled": false,
        "profile_background_color": "C0DEED",
        "profile_background_image_url": "http://pbs.twimg.com/profile_background_images/308184791/P7310060.JPG",
        "profile_background_image_url_https": "https://pbs.twimg.com/profile_background_images/308184791/P7310060.JPG",
        "profile_background_tile": false,
        "profile_image_url": "http://pbs.twimg.com/profile_images/517516459262476291/0sItgUl0_normal.jpeg",
        "profile_image_url_https": "https://pbs.twimg.com/profile_images/517516459262476291/0sItgUl0_normal.jpeg",
        "profile_banner_url": "https://pbs.twimg.com/profile_banners/213878611/1399170740",
        "profile_link_color": "0084B4",
        "profile_sidebar_border_color": "C0DEED",
        "profile_sidebar_fill_color": "DDEEF6",
        "profile_text_color": "333333",
        "profile_use_background_image": true,
        "has_extended_profile": false,
        "default_profile": false,
        "default_profile_image": false,
        "following": false,
        "follow_request_sent": false,
        "notifications": false,
        "translator_type": "none"
    },
    "geo": null,
    "coordinates": null,
    "place": null,
    "contributors": null,
    "is_quote_status": true,
    "quoted_status_id": 927622853490552833,
    "quoted_status_id_str": "927622853490552833",
    "quoted_status": {
        "created_at": "Mon Nov 06 19:44:57 +0000 2017",
        "id": 927622853490552833,
        "id_str": "927622853490552833",
        "text": "Trump In Asia: Diplomacy Or Sabre-Rattling? -- today on the Liberty Report:\nhttps://t.co/DxS3FEdxh1",
        "truncated": false,
        "entities": {
            "hashtags": [],
            "symbols": [],
            "user_mentions": [],
            "urls": [
                {
                    "url": "https://t.co/DxS3FEdxh1",
                    "expanded_url": "https://youtu.be/glYdYKnwzrw",
                    "display_url": "youtu.be/glYdYKnwzrw",
                    "indices": [
                        76,
                        99
                    ]
                }
            ]
        },
        "source": "<a href=\"http://twitter.com\" rel=\"nofollow\">Twitter Web Client</a>",
        "in_reply_to_status_id": null,
        "in_reply_to_status_id_str": null,
        "in_reply_to_user_id": null,
        "in_reply_to_user_id_str": null,
        "in_reply_to_screen_name": null,
        "user": {
            "id": 287413569,
            "id_str": "287413569",
            "name": "Ron Paul",
            "screen_name": "RonPaul",
            "location": "Clute, TX",
            "description": "Former Congressman from Texas.",
            "url": "http://t.co/Wx6kJJlXpy",
            "entities": {
                "url": {
                    "urls": [
                        {
                            "url": "http://t.co/Wx6kJJlXpy",
                            "expanded_url": "http://ronpaulinstitute.org",
                            "display_url": "ronpaulinstitute.org",
                            "indices": [
                                0,
                                22
                            ]
                        }
                    ]
                },
                "description": {
                    "urls": []
                }
            },
            "protected": false,
            "followers_count": 653265,
            "friends_count": 183,
            "listed_count": 7033,
            "created_at": "Sun Apr 24 23:20:55 +0000 2011",
            "favourites_count": 27,
            "utc_offset": -18000,
            "time_zone": "Eastern Time (US & Canada)",
            "geo_enabled": false,
            "verified": true,
            "statuses_count": 5305,
            "lang": "en",
            "contributors_enabled": false,
            "is_translator": false,
            "is_translation_enabled": false,
            "profile_background_color": "ED1D24",
            "profile_background_image_url": "http://pbs.twimg.com/profile_background_images/758570925/9c556d05e88c52861e85356d0cbf1a4c.jpeg",
            "profile_background_image_url_https": "https://pbs.twimg.com/profile_background_images/758570925/9c556d05e88c52861e85356d0cbf1a4c.jpeg",
            "profile_background_tile": false,
            "profile_image_url": "http://pbs.twimg.com/profile_images/573517737172934659/bB-v1E-8_normal.jpeg",
            "profile_image_url_https": "https://pbs.twimg.com/profile_images/573517737172934659/bB-v1E-8_normal.jpeg",
            "profile_banner_url": "https://pbs.twimg.com/profile_banners/287413569/1425571042",
            "profile_link_color": "ABB8C2",
            "profile_sidebar_border_color": "FFFFFF",
            "profile_sidebar_fill_color": "FFFFFF",
            "profile_text_color": "333333",
            "profile_use_background_image": true,
            "has_extended_profile": false,
            "default_profile": false,
            "default_profile_image": false,
            "following": false,
            "follow_request_sent": false,
            "notifications": false,
            "translator_type": "none"
        },
        "geo": null,
        "coordinates": null,
        "place": null,
        "contributors": null,
        "is_quote_status": false,
        "retweet_count": 12,
        "favorite_count": 33,
        "favorited": false,
        "retweeted": false,
        "possibly_sensitive": false,
        "possibly_sensitive_appealable": false,
        "lang": "en"
    },
    "retweet_count": 0,
    "favorite_count": 1,
    "favorited": false,
    "retweeted": false,
    "possibly_sensitive": false,
    "possibly_sensitive_appealable": false,
    "lang": "en"
}