{
    "created_at": "Fri Nov 10 13:10:34 +0000 2017",
    "id": 928973154046955521,
    "id_str": "928973154046955521",
    "text": "RT @NOckelmann: #Russia sought to destroy #MH17 evidence by using the crash site as artillery firing positions. Any return fire could have\u2026",
    "truncated": false,
    "entities": {
        "hashtags": [
            {
                "text": "Russia",
                "indices": [
                    16,
                    23
                ]
            },
            {
                "text": "MH17",
                "indices": [
                    42,
                    47
                ]
            }
        ],
        "symbols": [],
        "user_mentions": [
            {
                "screen_name": "NOckelmann",
                "name": "Niels Ockelmann \ud83d\udc18",
                "id": 2347485195,
                "id_str": "2347485195",
                "indices": [
                    3,
                    14
                ]
            }
        ],
        "urls": []
    },
    "source": "<a href=\"http://twitter.com/download/android\" rel=\"nofollow\">Twitter for Android</a>",
    "in_reply_to_status_id": null,
    "in_reply_to_status_id_str": null,
    "in_reply_to_user_id": null,
    "in_reply_to_user_id_str": null,
    "in_reply_to_screen_name": null,
    "user": {
        "id": 3617809043,
        "id_str": "3617809043",
        "name": "Marko Enqvist",
        "screen_name": "menqvist70",
        "location": "",
        "description": "\"\u0421 \u0440\u0443\u0441\u0441\u043a\u0438\u043c\u0438 \u043d\u0438\u043a\u043e\u0433\u0434\u0430 \u0434\u0440\u0443\u0436\u0438\u0442\u044c\". \u041f. \u0428\u0435\u0432\u0447\u0435\u0301\u043d\u043a\u043e.",
        "url": "https://t.co/cEQ7qbf4pI",
        "entities": {
            "url": {
                "urls": [
                    {
                        "url": "https://t.co/cEQ7qbf4pI",
                        "expanded_url": "http://vartiopaikalla.blogspot.fi/",
                        "display_url": "vartiopaikalla.blogspot.fi",
                        "indices": [
                            0,
                            23
                        ]
                    }
                ]
            },
            "description": {
                "urls": []
            }
        },
        "protected": false,
        "followers_count": 824,
        "friends_count": 637,
        "listed_count": 112,
        "created_at": "Fri Sep 11 06:58:09 +0000 2015",
        "favourites_count": 33298,
        "utc_offset": 7200,
        "time_zone": "Riga",
        "geo_enabled": false,
        "verified": false,
        "statuses_count": 41245,
        "lang": "fi",
        "contributors_enabled": false,
        "is_translator": false,
        "is_translation_enabled": false,
        "profile_background_color": "000000",
        "profile_background_image_url": "http://abs.twimg.com/images/themes/theme1/bg.png",
        "profile_background_image_url_https": "https://abs.twimg.com/images/themes/theme1/bg.png",
        "profile_background_tile": false,
        "profile_image_url": "http://pbs.twimg.com/profile_images/642233331258552321/c-Llvb6g_normal.jpg",
        "profile_image_url_https": "https://pbs.twimg.com/profile_images/642233331258552321/c-Llvb6g_normal.jpg",
        "profile_banner_url": "https://pbs.twimg.com/profile_banners/3617809043/1442987094",
        "profile_link_color": "ABB8C2",
        "profile_sidebar_border_color": "000000",
        "profile_sidebar_fill_color": "000000",
        "profile_text_color": "000000",
        "profile_use_background_image": false,
        "has_extended_profile": true,
        "default_profile": false,
        "default_profile_image": false,
        "following": false,
        "follow_request_sent": false,
        "notifications": false,
        "translator_type": "none"
    },
    "geo": null,
    "coordinates": null,
    "place": null,
    "contributors": null,
    "retweeted_status": {
        "created_at": "Tue Nov 07 07:00:09 +0000 2017",
        "id": 927792774765793281,
        "id_str": "927792774765793281",
        "text": "#Russia sought to destroy #MH17 evidence by using the crash site as artillery firing positions. Any return fire cou\u2026 https://t.co/RKMzXAgXpH",
        "truncated": true,
        "entities": {
            "hashtags": [
                {
                    "text": "Russia",
                    "indices": [
                        0,
                        7
                    ]
                },
                {
                    "text": "MH17",
                    "indices": [
                        26,
                        31
                    ]
                }
            ],
            "symbols": [],
            "user_mentions": [],
            "urls": [
                {
                    "url": "https://t.co/RKMzXAgXpH",
                    "expanded_url": "https://twitter.com/i/web/status/927792774765793281",
                    "display_url": "twitter.com/i/web/status/9\u2026",
                    "indices": [
                        117,
                        140
                    ]
                }
            ]
        },
        "source": "<a href=\"http://twitter.com/download/android\" rel=\"nofollow\">Twitter for Android</a>",
        "in_reply_to_status_id": null,
        "in_reply_to_status_id_str": null,
        "in_reply_to_user_id": null,
        "in_reply_to_user_id_str": null,
        "in_reply_to_screen_name": null,
        "user": {
            "id": 2347485195,
            "id_str": "2347485195",
            "name": "Niels Ockelmann \ud83d\udc18",
            "screen_name": "NOckelmann",
            "location": "Roaming",
            "description": "Proud Ronkedor. Speaks only Danglish. Passionate fact-finder and liar-slayer.\nMainly MH17, Ukraine, Europe, Syria.\nNo fan of Russia (my creepy neighbour).",
            "url": null,
            "entities": {
                "description": {
                    "urls": []
                }
            },
            "protected": false,
            "followers_count": 176,
            "friends_count": 139,
            "listed_count": 30,
            "created_at": "Sun Feb 16 20:34:10 +0000 2014",
            "favourites_count": 1225,
            "utc_offset": 3600,
            "time_zone": "Copenhagen",
            "geo_enabled": false,
            "verified": false,
            "statuses_count": 11571,
            "lang": "da",
            "contributors_enabled": false,
            "is_translator": false,
            "is_translation_enabled": false,
            "profile_background_color": "C0DEED",
            "profile_background_image_url": "http://abs.twimg.com/images/themes/theme1/bg.png",
            "profile_background_image_url_https": "https://abs.twimg.com/images/themes/theme1/bg.png",
            "profile_background_tile": false,
            "profile_image_url": "http://pbs.twimg.com/profile_images/968980311890710528/C0xF-eoq_normal.jpg",
            "profile_image_url_https": "https://pbs.twimg.com/profile_images/968980311890710528/C0xF-eoq_normal.jpg",
            "profile_banner_url": "https://pbs.twimg.com/profile_banners/2347485195/1519857884",
            "profile_link_color": "1DA1F2",
            "profile_sidebar_border_color": "C0DEED",
            "profile_sidebar_fill_color": "DDEEF6",
            "profile_text_color": "333333",
            "profile_use_background_image": true,
            "has_extended_profile": false,
            "default_profile": true,
            "default_profile_image": false,
            "following": false,
            "follow_request_sent": false,
            "notifications": false,
            "translator_type": "none"
        },
        "geo": null,
        "coordinates": null,
        "place": null,
        "contributors": null,
        "is_quote_status": false,
        "retweet_count": 57,
        "favorite_count": 64,
        "favorited": false,
        "retweeted": false,
        "possibly_sensitive": false,
        "possibly_sensitive_appealable": false,
        "lang": "en"
    },
    "is_quote_status": false,
    "retweet_count": 57,
    "favorite_count": 0,
    "favorited": false,
    "retweeted": false,
    "lang": "en"
}