{
    "created_at": "Wed Nov 08 09:31:07 +0000 2017",
    "id": 928193155052294144,
    "id_str": "928193155052294144",
    "text": "\u041a\u0430\u043d\u0430\u0434\u0441\u043a\u0438\u0439 \u0443\u0447\u0435\u043d\u044b\u0439 \u043e\u0431\u0432\u0438\u043d\u044f\u0435\u0442 \u0432 \u0440\u0430\u0441\u0441\u0442\u0440\u0435\u043b\u0435 \u00ab\u041d\u0435\u0431\u0435\u0441\u043d\u043e\u0439 \u0441\u043e\u0442\u043d\u0438\u00bb \u0430\u043a\u0442\u0438\u0432\u0438\u0441\u0442\u043e\u0432 \u041c\u0430\u0439\u0434\u0430\u043d\u0430 https://t.co/xUN20wFr28 #\u041c\u0430\u0439\u0434\u0430\u043d",
    "truncated": false,
    "entities": {
        "hashtags": [
            {
                "text": "\u041c\u0430\u0439\u0434\u0430\u043d",
                "indices": [
                    98,
                    105
                ]
            }
        ],
        "symbols": [],
        "user_mentions": [],
        "urls": [
            {
                "url": "https://t.co/xUN20wFr28",
                "expanded_url": "https://mikle1.livejournal.com/5598620.html?utm_source=twsharing&utm_medium=social",
                "display_url": "mikle1.livejournal.com/5598620.html?u\u2026",
                "indices": [
                    74,
                    97
                ]
            }
        ]
    },
    "source": "<a href=\"http://twitter.com\" rel=\"nofollow\">Twitter Web Client</a>",
    "in_reply_to_status_id": null,
    "in_reply_to_status_id_str": null,
    "in_reply_to_user_id": null,
    "in_reply_to_user_id_str": null,
    "in_reply_to_screen_name": null,
    "user": {
        "id": 464205758,
        "id_str": "464205758",
        "name": "Aleksandr",
        "screen_name": "aleks5507",
        "location": " Ukraine",
        "description": "",
        "url": null,
        "entities": {
            "description": {
                "urls": []
            }
        },
        "protected": false,
        "followers_count": 56,
        "friends_count": 116,
        "listed_count": 0,
        "created_at": "Sat Jan 14 23:57:21 +0000 2012",
        "favourites_count": 13233,
        "utc_offset": null,
        "time_zone": null,
        "geo_enabled": false,
        "verified": false,
        "statuses_count": 13368,
        "lang": "ru",
        "contributors_enabled": false,
        "is_translator": false,
        "is_translation_enabled": false,
        "profile_background_color": "0099B9",
        "profile_background_image_url": "http://abs.twimg.com/images/themes/theme4/bg.gif",
        "profile_background_image_url_https": "https://abs.twimg.com/images/themes/theme4/bg.gif",
        "profile_background_tile": false,
        "profile_image_url": "http://pbs.twimg.com/profile_images/473049671795896320/rtC8-hdD_normal.jpeg",
        "profile_image_url_https": "https://pbs.twimg.com/profile_images/473049671795896320/rtC8-hdD_normal.jpeg",
        "profile_link_color": "0099B9",
        "profile_sidebar_border_color": "5ED4DC",
        "profile_sidebar_fill_color": "95E8EC",
        "profile_text_color": "3C3940",
        "profile_use_background_image": true,
        "has_extended_profile": false,
        "default_profile": false,
        "default_profile_image": false,
        "following": false,
        "follow_request_sent": false,
        "notifications": false,
        "translator_type": "none"
    },
    "geo": null,
    "coordinates": null,
    "place": null,
    "contributors": null,
    "is_quote_status": false,
    "retweet_count": 0,
    "favorite_count": 0,
    "favorited": false,
    "retweeted": false,
    "possibly_sensitive": false,
    "possibly_sensitive_appealable": false,
    "lang": "ru"
}