{
    "created_at": "Sat Nov 04 13:40:49 +0000 2017",
    "id": 926806442832572417,
    "id_str": "926806442832572417",
    "text": "\u0427\u0435\u043c \u043d\u0435\u0437\u0430\u043b\u0435\u0436\u043d\u0435\u0439, \u0442\u0435\u043c \u043f\u0440\u043e\u0431\u043b\u0435\u043c\u043d\u0435\u0439. #\u043c\u0430\u0439\u0434\u0430\u043d \u0440\u0430\u0431\u043e\u0442\u0430\u0435\u0442 #\u0443\u043a\u0440\u0430\u0438\u043d\u0430 #\u0442\u0435\u0440\u0440\u0438\u0442\u043e\u0440\u0438\u044f\u0434\u0435\u0431\u0438\u043b\u043e\u0432 https://t.co/PO8teqlt5A",
    "truncated": false,
    "entities": {
        "hashtags": [
            {
                "text": "\u043c\u0430\u0439\u0434\u0430\u043d",
                "indices": [
                    32,
                    39
                ]
            },
            {
                "text": "\u0443\u043a\u0440\u0430\u0438\u043d\u0430",
                "indices": [
                    49,
                    57
                ]
            },
            {
                "text": "\u0442\u0435\u0440\u0440\u0438\u0442\u043e\u0440\u0438\u044f\u0434\u0435\u0431\u0438\u043b\u043e\u0432",
                "indices": [
                    58,
                    76
                ]
            }
        ],
        "symbols": [],
        "user_mentions": [],
        "urls": [],
        "media": [
            {
                "id": 926806441050062853,
                "id_str": "926806441050062853",
                "indices": [
                    77,
                    100
                ],
                "media_url": "http://pbs.twimg.com/media/DNytjDZVQAUhP43.jpg",
                "media_url_https": "https://pbs.twimg.com/media/DNytjDZVQAUhP43.jpg",
                "url": "https://t.co/PO8teqlt5A",
                "display_url": "pic.twitter.com/PO8teqlt5A",
                "expanded_url": "https://twitter.com/djat_ir/status/926806442832572417/photo/1",
                "type": "photo",
                "sizes": {
                    "thumb": {
                        "w": 150,
                        "h": 150,
                        "resize": "crop"
                    },
                    "medium": {
                        "w": 750,
                        "h": 948,
                        "resize": "fit"
                    },
                    "large": {
                        "w": 750,
                        "h": 948,
                        "resize": "fit"
                    },
                    "small": {
                        "w": 538,
                        "h": 680,
                        "resize": "fit"
                    }
                }
            }
        ]
    },
    "extended_entities": {
        "media": [
            {
                "id": 926806441050062853,
                "id_str": "926806441050062853",
                "indices": [
                    77,
                    100
                ],
                "media_url": "http://pbs.twimg.com/media/DNytjDZVQAUhP43.jpg",
                "media_url_https": "https://pbs.twimg.com/media/DNytjDZVQAUhP43.jpg",
                "url": "https://t.co/PO8teqlt5A",
                "display_url": "pic.twitter.com/PO8teqlt5A",
                "expanded_url": "https://twitter.com/djat_ir/status/926806442832572417/photo/1",
                "type": "photo",
                "sizes": {
                    "thumb": {
                        "w": 150,
                        "h": 150,
                        "resize": "crop"
                    },
                    "medium": {
                        "w": 750,
                        "h": 948,
                        "resize": "fit"
                    },
                    "large": {
                        "w": 750,
                        "h": 948,
                        "resize": "fit"
                    },
                    "small": {
                        "w": 538,
                        "h": 680,
                        "resize": "fit"
                    }
                }
            }
        ]
    },
    "source": "<a href=\"http://twitter.com/download/iphone\" rel=\"nofollow\">Twitter for iPhone</a>",
    "in_reply_to_status_id": null,
    "in_reply_to_status_id_str": null,
    "in_reply_to_user_id": null,
    "in_reply_to_user_id_str": null,
    "in_reply_to_screen_name": null,
    "user": {
        "id": 93758727,
        "id_str": "93758727",
        "name": "\u041a\u0430\u0439 \u0438\u0437 \u0411\u0440\u0443\u043d\u043d\u0435\u043d-\u0414\u0436\u0438",
        "screen_name": "djat_ir",
        "location": "\u0420\u043e\u0441\u0441\u0438\u044f, Moscow",
        "description": "\u0412\u043e\u0438\u043d\u044b \u0438\u0434\u0443\u0442 \u0432 \u0431\u043e\u0439 \u0417\u0430 \u0441\u0432\u043e\u0439 \u0434\u043e\u043c \u0438 \u0437\u0430 \u0441\u0432\u043e\u0438 \u0441\u0435\u0440\u0434\u0446\u0430 \u041c\u044b \u0432\u043e\u0438\u043d\u044b, \u043c\u044b \u043f\u043e\u0431\u0435\u0434\u0438\u043c \u0438\u043b\u0438 \u0443\u043c\u0440\u0451\u043c \u041d\u0430\u0432\u0435\u043a\u0438 \u043c\u044b \u0411\u0440\u0443\u043d\u043d\u0435\u043d-\u0414\u0436\u0438",
        "url": "https://t.co/8rFGExOE5z",
        "entities": {
            "url": {
                "urls": [
                    {
                        "url": "https://t.co/8rFGExOE5z",
                        "expanded_url": "https://goo.gl/atMtAF",
                        "display_url": "goo.gl/atMtAF",
                        "indices": [
                            0,
                            23
                        ]
                    }
                ]
            },
            "description": {
                "urls": []
            }
        },
        "protected": false,
        "followers_count": 10193,
        "friends_count": 1069,
        "listed_count": 100,
        "created_at": "Tue Dec 01 01:27:32 +0000 2009",
        "favourites_count": 636,
        "utc_offset": 10800,
        "time_zone": "Moscow",
        "geo_enabled": true,
        "verified": false,
        "statuses_count": 54454,
        "lang": "ru",
        "contributors_enabled": false,
        "is_translator": false,
        "is_translation_enabled": false,
        "profile_background_color": "131516",
        "profile_background_image_url": "http://pbs.twimg.com/profile_background_images/622509620330917888/mohHYB0h.jpg",
        "profile_background_image_url_https": "https://pbs.twimg.com/profile_background_images/622509620330917888/mohHYB0h.jpg",
        "profile_background_tile": false,
        "profile_image_url": "http://pbs.twimg.com/profile_images/739169938204692480/aPhBn4SU_normal.jpg",
        "profile_image_url_https": "https://pbs.twimg.com/profile_images/739169938204692480/aPhBn4SU_normal.jpg",
        "profile_banner_url": "https://pbs.twimg.com/profile_banners/93758727/1437251371",
        "profile_link_color": "ABB8C2",
        "profile_sidebar_border_color": "EEEEEE",
        "profile_sidebar_fill_color": "EFEFEF",
        "profile_text_color": "333333",
        "profile_use_background_image": true,
        "has_extended_profile": false,
        "default_profile": false,
        "default_profile_image": false,
        "following": false,
        "follow_request_sent": false,
        "notifications": false,
        "translator_type": "none"
    },
    "geo": null,
    "coordinates": null,
    "place": null,
    "contributors": null,
    "is_quote_status": false,
    "retweet_count": 0,
    "favorite_count": 0,
    "favorited": false,
    "retweeted": false,
    "possibly_sensitive": false,
    "possibly_sensitive_appealable": false,
    "lang": "ru"
}