{
    "created_at": "Fri Nov 10 14:31:09 +0000 2017",
    "id": 928993434177765377,
    "id_str": "928993434177765377",
    "text": "\u0427\u0435\u043c \u0431\u043e\u043b\u044c\u0448\u0435 \u043c\u0430\u0439\u0434\u0430\u043d\u043e\u0432-\u0442\u0435\u043c \u043c\u0435\u043d\u044c\u0448\u0435 \u0442\u0435\u0440\u0440\u0438\u0442\u043e\u0440\u0438\u0439.\u041a\u0430\u0436\u0434\u044b\u0439 \u0446\u0432\u0435\u0442\u043d\u043e\u0439 \u043f\u0435\u0440\u0435\u0432\u043e\u0440\u043e\u0442 \u043e\u0431\u044f\u0437\u0430\u0442\u0435\u043b\u044c\u043d\u043e \"\u0441\u043e\u043a\u0440\u0430\u0449\u0430\u043b\" \u0443\u043a\u0440\u0430\u0438\u043d\u0441\u043a\u0438\u0435 \u0437\u0435\u043c\u043b\u0438 \u0438 \u043e\u0431\u043e\u0433\u0430\u0449\u2026 https://t.co/vE8g7d5X6o",
    "truncated": true,
    "entities": {
        "hashtags": [],
        "symbols": [],
        "user_mentions": [],
        "urls": [
            {
                "url": "https://t.co/vE8g7d5X6o",
                "expanded_url": "https://twitter.com/i/web/status/928993434177765377",
                "display_url": "twitter.com/i/web/status/9\u2026",
                "indices": [
                    117,
                    140
                ]
            }
        ]
    },
    "source": "<a href=\"http://twitter.com/#!/download/ipad\" rel=\"nofollow\">Twitter for iPad</a>",
    "in_reply_to_status_id": null,
    "in_reply_to_status_id_str": null,
    "in_reply_to_user_id": null,
    "in_reply_to_user_id_str": null,
    "in_reply_to_screen_name": null,
    "user": {
        "id": 3053088269,
        "id_str": "3053088269",
        "name": "Lesha Fumin",
        "screen_name": "lesha_fumin",
        "location": "\u0421\u0430\u043d\u043a\u0442-\u041f\u0435\u0442\u0435\u0440\u0431\u0443\u0440\u0433, \u0420\u043e\u0441\u0441\u0438\u044f",
        "description": "\u00ab\u041d\u043e\u0432\u043e\u0441\u0442\u044c \u0436\u0438\u0432\u0435\u0442 \u0434\u043e \u0442\u0435\u0445 \u043f\u043e\u0440, \u043f\u043e\u043a\u0430 \u0432\u043e\u043a\u0440\u0443\u0433 \u043d\u0435\u0435 \u0440\u0430\u0441\u0442\u0443\u0442 \u0441\u043b\u0443\u0445\u0438\u00bb                                     #\u0421\u043e\u0442\u0440\u0443\u0434\u043d\u0438\u0447\u0435\u0441\u0442\u0432\u043e \u0438 #\u0420\u0435\u043a\u043b\u0430\u043c\u0430 - a.fumin@icloud.com",
        "url": null,
        "entities": {
            "description": {
                "urls": []
            }
        },
        "protected": false,
        "followers_count": 4906,
        "friends_count": 3506,
        "listed_count": 14,
        "created_at": "Sun Feb 22 16:27:02 +0000 2015",
        "favourites_count": 1151,
        "utc_offset": null,
        "time_zone": null,
        "geo_enabled": false,
        "verified": false,
        "statuses_count": 2679,
        "lang": "ru",
        "contributors_enabled": false,
        "is_translator": false,
        "is_translation_enabled": false,
        "profile_background_color": "C0DEED",
        "profile_background_image_url": "http://abs.twimg.com/images/themes/theme1/bg.png",
        "profile_background_image_url_https": "https://abs.twimg.com/images/themes/theme1/bg.png",
        "profile_background_tile": false,
        "profile_image_url": "http://pbs.twimg.com/profile_images/930377432544235520/JB-CXiyC_normal.jpg",
        "profile_image_url_https": "https://pbs.twimg.com/profile_images/930377432544235520/JB-CXiyC_normal.jpg",
        "profile_banner_url": "https://pbs.twimg.com/profile_banners/3053088269/1510657162",
        "profile_link_color": "1DA1F2",
        "profile_sidebar_border_color": "C0DEED",
        "profile_sidebar_fill_color": "DDEEF6",
        "profile_text_color": "333333",
        "profile_use_background_image": true,
        "has_extended_profile": true,
        "default_profile": true,
        "default_profile_image": false,
        "following": false,
        "follow_request_sent": false,
        "notifications": false,
        "translator_type": "none"
    },
    "geo": null,
    "coordinates": null,
    "place": null,
    "contributors": null,
    "is_quote_status": false,
    "retweet_count": 10,
    "favorite_count": 13,
    "favorited": false,
    "retweeted": false,
    "possibly_sensitive": false,
    "possibly_sensitive_appealable": false,
    "lang": "ru"
}