{
    "created_at": "Sat Nov 04 04:50:47 +0000 2017",
    "id": 926673054478020608,
    "id_str": "926673054478020608",
    "text": "#MH17 #DAY1207: All about MH17 downing is fake. Only murder of 298 ppl on its board is real.\n#UkraineDIDit https://t.co/ju8m6J2GPy",
    "truncated": false,
    "entities": {
        "hashtags": [
            {
                "text": "MH17",
                "indices": [
                    0,
                    5
                ]
            },
            {
                "text": "DAY1207",
                "indices": [
                    6,
                    14
                ]
            },
            {
                "text": "UkraineDIDit",
                "indices": [
                    93,
                    106
                ]
            }
        ],
        "symbols": [],
        "user_mentions": [],
        "urls": [
            {
                "url": "https://t.co/ju8m6J2GPy",
                "expanded_url": "https://twitter.com/escalatorover/status/926615113141968896",
                "display_url": "twitter.com/escalatorover/\u2026",
                "indices": [
                    107,
                    130
                ]
            }
        ]
    },
    "source": "<a href=\"https://mobile.twitter.com\" rel=\"nofollow\">Twitter Lite</a>",
    "in_reply_to_status_id": null,
    "in_reply_to_status_id_str": null,
    "in_reply_to_user_id": null,
    "in_reply_to_user_id_str": null,
    "in_reply_to_screen_name": null,
    "user": {
        "id": 1978165356,
        "id_str": "1978165356",
        "name": "St\u0159edn\u00ed t\u0159\u00edda v \u010cR \ud83c\udde8\ud83c\uddff",
        "screen_name": "Stredni_trida",
        "location": "",
        "description": "Prostor vyj\u00e1d\u0159en\u00ed p\u0159\u00edslu\u0161n\u00edk\u016f st\u0159edn\u00ed vrstvy ke v\u0161emu, co je aktu\u00e1ln\u00ed, d\u0159\u00edve jen ve 140 znac\u00edch. Nen\u00ed \u010das, zn.: Dan\u011b, #EET, hl\u00e1\u0161en\u00ed ... \ud83d\ude0e",
        "url": "https://t.co/7OipNZo9Li",
        "entities": {
            "url": {
                "urls": [
                    {
                        "url": "https://t.co/7OipNZo9Li",
                        "expanded_url": "http://www.facebook.com/pages/St%C5%99edn%C3%AD-T%C5%99%C3%ADda/1376364969272459",
                        "display_url": "facebook.com/pages/St%C5%99\u2026",
                        "indices": [
                            0,
                            23
                        ]
                    }
                ]
            },
            "description": {
                "urls": []
            }
        },
        "protected": false,
        "followers_count": 1992,
        "friends_count": 2019,
        "listed_count": 369,
        "created_at": "Mon Oct 21 10:10:15 +0000 2013",
        "favourites_count": 40647,
        "utc_offset": null,
        "time_zone": null,
        "geo_enabled": true,
        "verified": false,
        "statuses_count": 199269,
        "lang": "cs",
        "contributors_enabled": false,
        "is_translator": false,
        "is_translation_enabled": false,
        "profile_background_color": "ACDED6",
        "profile_background_image_url": "http://abs.twimg.com/images/themes/theme18/bg.gif",
        "profile_background_image_url_https": "https://abs.twimg.com/images/themes/theme18/bg.gif",
        "profile_background_tile": false,
        "profile_image_url": "http://pbs.twimg.com/profile_images/378800000627882949/30e1192681f27f1fea85d093777ec7d4_normal.jpeg",
        "profile_image_url_https": "https://pbs.twimg.com/profile_images/378800000627882949/30e1192681f27f1fea85d093777ec7d4_normal.jpeg",
        "profile_banner_url": "https://pbs.twimg.com/profile_banners/1978165356/1382351808",
        "profile_link_color": "3636CF",
        "profile_sidebar_border_color": "FFFFFF",
        "profile_sidebar_fill_color": "F6F6F6",
        "profile_text_color": "333333",
        "profile_use_background_image": true,
        "has_extended_profile": false,
        "default_profile": false,
        "default_profile_image": false,
        "following": false,
        "follow_request_sent": false,
        "notifications": false,
        "translator_type": "regular"
    },
    "geo": null,
    "coordinates": null,
    "place": null,
    "contributors": null,
    "is_quote_status": true,
    "quoted_status_id": 926615113141968896,
    "quoted_status_id_str": "926615113141968896",
    "quoted_status": {
        "created_at": "Sat Nov 04 01:00:33 +0000 2017",
        "id": 926615113141968896,
        "id_str": "926615113141968896",
        "text": "A very Good informative collage of images that prove conclusively and  SIMPLY!!!! that the BUK plume pics are FAKE\u2026 https://t.co/YjmjrMEPjt",
        "truncated": true,
        "entities": {
            "hashtags": [],
            "symbols": [],
            "user_mentions": [],
            "urls": [
                {
                    "url": "https://t.co/YjmjrMEPjt",
                    "expanded_url": "https://twitter.com/i/web/status/926615113141968896",
                    "display_url": "twitter.com/i/web/status/9\u2026",
                    "indices": [
                        116,
                        139
                    ]
                }
            ]
        },
        "source": "<a href=\"http://twitter.com\" rel=\"nofollow\">Twitter Web Client</a>",
        "in_reply_to_status_id": null,
        "in_reply_to_status_id_str": null,
        "in_reply_to_user_id": null,
        "in_reply_to_user_id_str": null,
        "in_reply_to_screen_name": null,
        "user": {
            "id": 32734867,
            "id_str": "32734867",
            "name": "davie ewan macdonald",
            "screen_name": "escalatorover",
            "location": "Sydney",
            "description": "London/Scot WorkingClass Thinker Communist ANTI NAZI Martial Artist Boxer & Shodan Shotokan karateka Smarter average BearBiker FaceBook  https://t.co/AcHsHFit8v",
            "url": "http://t.co/MuWlAza4OH",
            "entities": {
                "url": {
                    "urls": [
                        {
                            "url": "http://t.co/MuWlAza4OH",
                            "expanded_url": "http://escalatoroverthehill.com/",
                            "display_url": "escalatoroverthehill.com",
                            "indices": [
                                0,
                                22
                            ]
                        }
                    ]
                },
                "description": {
                    "urls": [
                        {
                            "url": "https://t.co/AcHsHFit8v",
                            "expanded_url": "http://on.fb.me/1NAZJLO",
                            "display_url": "on.fb.me/1NAZJLO",
                            "indices": [
                                137,
                                160
                            ]
                        }
                    ]
                }
            },
            "protected": false,
            "followers_count": 1633,
            "friends_count": 2218,
            "listed_count": 65,
            "created_at": "Sat Apr 18 02:18:32 +0000 2009",
            "favourites_count": 4932,
            "utc_offset": 39600,
            "time_zone": "Sydney",
            "geo_enabled": true,
            "verified": false,
            "statuses_count": 45758,
            "lang": "en",
            "contributors_enabled": false,
            "is_translator": false,
            "is_translation_enabled": false,
            "profile_background_color": "16191A",
            "profile_background_image_url": "http://pbs.twimg.com/profile_background_images/511625839885025280/ghkl3Pyh.jpeg",
            "profile_background_image_url_https": "https://pbs.twimg.com/profile_background_images/511625839885025280/ghkl3Pyh.jpeg",
            "profile_background_tile": true,
            "profile_image_url": "http://pbs.twimg.com/profile_images/825839321940758528/LpWd_hhi_normal.jpg",
            "profile_image_url_https": "https://pbs.twimg.com/profile_images/825839321940758528/LpWd_hhi_normal.jpg",
            "profile_banner_url": "https://pbs.twimg.com/profile_banners/32734867/1449231592",
            "profile_link_color": "009999",
            "profile_sidebar_border_color": "000000",
            "profile_sidebar_fill_color": "EFEFEF",
            "profile_text_color": "333333",
            "profile_use_background_image": true,
            "has_extended_profile": false,
            "default_profile": false,
            "default_profile_image": false,
            "following": false,
            "follow_request_sent": false,
            "notifications": false,
            "translator_type": "none"
        },
        "geo": null,
        "coordinates": null,
        "place": null,
        "contributors": null,
        "is_quote_status": true,
        "quoted_status_id": 926594835339005952,
        "quoted_status_id_str": "926594835339005952",
        "retweet_count": 2,
        "favorite_count": 2,
        "favorited": false,
        "retweeted": false,
        "possibly_sensitive": false,
        "possibly_sensitive_appealable": false,
        "lang": "en"
    },
    "retweet_count": 1,
    "favorite_count": 0,
    "favorited": false,
    "retweeted": false,
    "possibly_sensitive": false,
    "possibly_sensitive_appealable": false,
    "lang": "en"
}