{
    "created_at": "Wed Nov 08 23:11:40 +0000 2017",
    "id": 928399652835209216,
    "id_str": "928399652835209216",
    "text": "@MJoyce2244 @MH17files @eu_eeas @Twitter I've told you many times. I have absolutely no idea what weapon #Ukraine u\u2026 https://t.co/9p2fzmkoy7",
    "truncated": true,
    "entities": {
        "hashtags": [
            {
                "text": "Ukraine",
                "indices": [
                    105,
                    113
                ]
            }
        ],
        "symbols": [],
        "user_mentions": [
            {
                "screen_name": "MJoyce2244",
                "name": "Michael Joyce",
                "id": 460705232,
                "id_str": "460705232",
                "indices": [
                    0,
                    11
                ]
            },
            {
                "screen_name": "MH17files",
                "name": "MH17 files",
                "id": 4845768045,
                "id_str": "4845768045",
                "indices": [
                    12,
                    22
                ]
            },
            {
                "screen_name": "eu_eeas",
                "name": "European External Action Service - EEAS \ud83c\uddea\ud83c\uddfa",
                "id": 80803819,
                "id_str": "80803819",
                "indices": [
                    23,
                    31
                ]
            },
            {
                "screen_name": "Twitter",
                "name": "Twitter",
                "id": 783214,
                "id_str": "783214",
                "indices": [
                    32,
                    40
                ]
            }
        ],
        "urls": [
            {
                "url": "https://t.co/9p2fzmkoy7",
                "expanded_url": "https://twitter.com/i/web/status/928399652835209216",
                "display_url": "twitter.com/i/web/status/9\u2026",
                "indices": [
                    117,
                    140
                ]
            }
        ]
    },
    "source": "<a href=\"http://twitter.com\" rel=\"nofollow\">Twitter Web Client</a>",
    "in_reply_to_status_id": 928397268541206528,
    "in_reply_to_status_id_str": "928397268541206528",
    "in_reply_to_user_id": 460705232,
    "in_reply_to_user_id_str": "460705232",
    "in_reply_to_screen_name": "MJoyce2244",
    "user": {
        "id": 2428920877,
        "id_str": "2428920877",
        "name": "Clement Townsend",
        "screen_name": "CT4444",
        "location": "Somerset, UK",
        "description": "Retired Strategic Planner looking beyond headlines for balanced opinions & facts. I follow those with similar interests, irrespective of their views",
        "url": null,
        "entities": {
            "description": {
                "urls": []
            }
        },
        "protected": false,
        "followers_count": 1450,
        "friends_count": 419,
        "listed_count": 76,
        "created_at": "Sat Apr 05 13:31:22 +0000 2014",
        "favourites_count": 4819,
        "utc_offset": 0,
        "time_zone": "London",
        "geo_enabled": true,
        "verified": false,
        "statuses_count": 53729,
        "lang": "en-gb",
        "contributors_enabled": false,
        "is_translator": false,
        "is_translation_enabled": false,
        "profile_background_color": "C0DEED",
        "profile_background_image_url": "http://abs.twimg.com/images/themes/theme1/bg.png",
        "profile_background_image_url_https": "https://abs.twimg.com/images/themes/theme1/bg.png",
        "profile_background_tile": false,
        "profile_image_url": "http://pbs.twimg.com/profile_images/460745160205152256/r8w2faOW_normal.jpeg",
        "profile_image_url_https": "https://pbs.twimg.com/profile_images/460745160205152256/r8w2faOW_normal.jpeg",
        "profile_link_color": "1DA1F2",
        "profile_sidebar_border_color": "C0DEED",
        "profile_sidebar_fill_color": "DDEEF6",
        "profile_text_color": "333333",
        "profile_use_background_image": true,
        "has_extended_profile": false,
        "default_profile": true,
        "default_profile_image": false,
        "following": false,
        "follow_request_sent": false,
        "notifications": false,
        "translator_type": "regular"
    },
    "geo": null,
    "coordinates": null,
    "place": null,
    "contributors": null,
    "is_quote_status": false,
    "retweet_count": 0,
    "favorite_count": 1,
    "favorited": false,
    "retweeted": false,
    "lang": "en"
}