{
    "created_at": "Mon Nov 06 19:57:26 +0000 2017",
    "id": 927625995330482176,
    "id_str": "927625995330482176",
    "text": "\u0432 16:50 \u0441 \u041a\u0438\u0435\u0432\u0441\u043a\u043e\u0433\u043e (\u0438\u0437 \u0446\u0435\u043d\u0442\u0440\u0430) \u043d\u0430 \u041f.\u041f\u043e\u043f\u043e\u0432\u0438\u0447\u0430 \u0433\u0440\u0443\u0437\u043e\u0432\u0430\u044f \u0431\u043e\u0440\u0442.\u0442\u0435\u043d\u0442., \u0437\u0430\u043a\u0440\u044b\u0442\u0430\u044f, \u0442\u0437 \"61 \u0432 \u043a\u0432\u0430\u0434\u0440\u0430\u0442\u0435\", \u043d\u043e\u043c\u0435\u0440 \u0414\u041a 3854 #\u0410\u0422\u041e #\u0414\u043e\u043d\u0435\u0446\u043a #\u0421\u0442\u043e\u043f\u0442\u0435\u0440\u0440\u043e\u0440",
    "truncated": false,
    "entities": {
        "hashtags": [
            {
                "text": "\u0410\u0422\u041e",
                "indices": [
                    111,
                    115
                ]
            },
            {
                "text": "\u0414\u043e\u043d\u0435\u0446\u043a",
                "indices": [
                    116,
                    123
                ]
            },
            {
                "text": "\u0421\u0442\u043e\u043f\u0442\u0435\u0440\u0440\u043e\u0440",
                "indices": [
                    124,
                    135
                ]
            }
        ],
        "symbols": [],
        "user_mentions": [],
        "urls": []
    },
    "source": "<a href=\"http://twitter.com\" rel=\"nofollow\">Twitter Web Client</a>",
    "in_reply_to_status_id": null,
    "in_reply_to_status_id_str": null,
    "in_reply_to_user_id": null,
    "in_reply_to_user_id_str": null,
    "in_reply_to_screen_name": null,
    "user": {
        "id": 2810124656,
        "id_str": "2810124656",
        "name": "Alfa Nubovsky",
        "screen_name": "AlfaNubovsky",
        "location": "\u0437\u043e\u043d\u0430 \u0410\u0422\u041e",
        "description": "",
        "url": null,
        "entities": {
            "description": {
                "urls": []
            }
        },
        "protected": false,
        "followers_count": 2233,
        "friends_count": 23,
        "listed_count": 42,
        "created_at": "Sun Sep 14 21:01:01 +0000 2014",
        "favourites_count": 148,
        "utc_offset": 3600,
        "time_zone": "Warsaw",
        "geo_enabled": false,
        "verified": false,
        "statuses_count": 6831,
        "lang": "en",
        "contributors_enabled": false,
        "is_translator": false,
        "is_translation_enabled": false,
        "profile_background_color": "C0DEED",
        "profile_background_image_url": "http://abs.twimg.com/images/themes/theme1/bg.png",
        "profile_background_image_url_https": "https://abs.twimg.com/images/themes/theme1/bg.png",
        "profile_background_tile": false,
        "profile_image_url": "http://pbs.twimg.com/profile_images/511270000930213888/daEVwA4c_normal.jpeg",
        "profile_image_url_https": "https://pbs.twimg.com/profile_images/511270000930213888/daEVwA4c_normal.jpeg",
        "profile_link_color": "1DA1F2",
        "profile_sidebar_border_color": "C0DEED",
        "profile_sidebar_fill_color": "DDEEF6",
        "profile_text_color": "333333",
        "profile_use_background_image": true,
        "has_extended_profile": false,
        "default_profile": true,
        "default_profile_image": false,
        "following": false,
        "follow_request_sent": false,
        "notifications": false,
        "translator_type": "none"
    },
    "geo": null,
    "coordinates": null,
    "place": null,
    "contributors": null,
    "is_quote_status": false,
    "retweet_count": 2,
    "favorite_count": 1,
    "favorited": false,
    "retweeted": false,
    "lang": "ru"
}