{
    "created_at": "Tue Nov 07 22:18:44 +0000 2017",
    "id": 928023944292159488,
    "id_str": "928023944292159488",
    "text": "\u0412\u0441\u0435\u0433\u0434\u0430 \u0430\u043a\u0442\u0443\u0430\u043b\u044c\u043d\u043e))\n#\u041e\u0434\u0435\u0441\u0441\u0430 #\u043f\u043e\u0440\u043e\u0448\u0435\u043d\u043a\u043e #\u0437\u0434\u043e\u0431\u0443\u043b\u044b #\u043c\u0430\u0439\u0434\u0430\u043d #\u0425\u0430\u0440\u044c\u043a\u043e\u0432 #\u041a\u0438\u0435\u0432 #Odessa https://t.co/N27mo3vKuO",
    "truncated": false,
    "entities": {
        "hashtags": [
            {
                "text": "\u041e\u0434\u0435\u0441\u0441\u0430",
                "indices": [
                    19,
                    26
                ]
            },
            {
                "text": "\u043f\u043e\u0440\u043e\u0448\u0435\u043d\u043a\u043e",
                "indices": [
                    27,
                    37
                ]
            },
            {
                "text": "\u0437\u0434\u043e\u0431\u0443\u043b\u044b",
                "indices": [
                    38,
                    46
                ]
            },
            {
                "text": "\u043c\u0430\u0439\u0434\u0430\u043d",
                "indices": [
                    47,
                    54
                ]
            },
            {
                "text": "\u0425\u0430\u0440\u044c\u043a\u043e\u0432",
                "indices": [
                    55,
                    63
                ]
            },
            {
                "text": "\u041a\u0438\u0435\u0432",
                "indices": [
                    64,
                    69
                ]
            },
            {
                "text": "Odessa",
                "indices": [
                    70,
                    77
                ]
            }
        ],
        "symbols": [],
        "user_mentions": [],
        "urls": [],
        "media": [
            {
                "id": 928023933684715520,
                "id_str": "928023933684715520",
                "indices": [
                    78,
                    101
                ],
                "media_url": "http://pbs.twimg.com/media/DOEA2c5WkAAAKMe.jpg",
                "media_url_https": "https://pbs.twimg.com/media/DOEA2c5WkAAAKMe.jpg",
                "url": "https://t.co/N27mo3vKuO",
                "display_url": "pic.twitter.com/N27mo3vKuO",
                "expanded_url": "https://twitter.com/odessa_1794/status/928023944292159488/photo/1",
                "type": "photo",
                "sizes": {
                    "thumb": {
                        "w": 150,
                        "h": 150,
                        "resize": "crop"
                    },
                    "medium": {
                        "w": 754,
                        "h": 326,
                        "resize": "fit"
                    },
                    "large": {
                        "w": 754,
                        "h": 326,
                        "resize": "fit"
                    },
                    "small": {
                        "w": 680,
                        "h": 294,
                        "resize": "fit"
                    }
                }
            }
        ]
    },
    "extended_entities": {
        "media": [
            {
                "id": 928023933684715520,
                "id_str": "928023933684715520",
                "indices": [
                    78,
                    101
                ],
                "media_url": "http://pbs.twimg.com/media/DOEA2c5WkAAAKMe.jpg",
                "media_url_https": "https://pbs.twimg.com/media/DOEA2c5WkAAAKMe.jpg",
                "url": "https://t.co/N27mo3vKuO",
                "display_url": "pic.twitter.com/N27mo3vKuO",
                "expanded_url": "https://twitter.com/odessa_1794/status/928023944292159488/photo/1",
                "type": "photo",
                "sizes": {
                    "thumb": {
                        "w": 150,
                        "h": 150,
                        "resize": "crop"
                    },
                    "medium": {
                        "w": 754,
                        "h": 326,
                        "resize": "fit"
                    },
                    "large": {
                        "w": 754,
                        "h": 326,
                        "resize": "fit"
                    },
                    "small": {
                        "w": 680,
                        "h": 294,
                        "resize": "fit"
                    }
                }
            }
        ]
    },
    "source": "<a href=\"http://twitter.com\" rel=\"nofollow\">Twitter Web Client</a>",
    "in_reply_to_status_id": null,
    "in_reply_to_status_id_str": null,
    "in_reply_to_user_id": null,
    "in_reply_to_user_id_str": null,
    "in_reply_to_screen_name": null,
    "user": {
        "id": 4816248981,
        "id_str": "4816248981",
        "name": "\u041a\u043e\u043d\u0441\u0442\u0430\u043d\u0442\u0438\u043d",
        "screen_name": "odessa_1794",
        "location": "",
        "description": "",
        "url": null,
        "entities": {
            "description": {
                "urls": []
            }
        },
        "protected": false,
        "followers_count": 1486,
        "friends_count": 329,
        "listed_count": 39,
        "created_at": "Fri Jan 15 17:52:07 +0000 2016",
        "favourites_count": 16600,
        "utc_offset": -28800,
        "time_zone": "Pacific Time (US & Canada)",
        "geo_enabled": false,
        "verified": false,
        "statuses_count": 5009,
        "lang": "ru",
        "contributors_enabled": false,
        "is_translator": false,
        "is_translation_enabled": false,
        "profile_background_color": "F5F8FA",
        "profile_background_image_url": null,
        "profile_background_image_url_https": null,
        "profile_background_tile": false,
        "profile_image_url": "http://pbs.twimg.com/profile_images/688056811073585153/ENNKWlec_normal.jpg",
        "profile_image_url_https": "https://pbs.twimg.com/profile_images/688056811073585153/ENNKWlec_normal.jpg",
        "profile_banner_url": "https://pbs.twimg.com/profile_banners/4816248981/1453807821",
        "profile_link_color": "1DA1F2",
        "profile_sidebar_border_color": "C0DEED",
        "profile_sidebar_fill_color": "DDEEF6",
        "profile_text_color": "333333",
        "profile_use_background_image": true,
        "has_extended_profile": false,
        "default_profile": true,
        "default_profile_image": false,
        "following": false,
        "follow_request_sent": false,
        "notifications": false,
        "translator_type": "none"
    },
    "geo": null,
    "coordinates": null,
    "place": null,
    "contributors": null,
    "is_quote_status": false,
    "retweet_count": 0,
    "favorite_count": 3,
    "favorited": false,
    "retweeted": false,
    "possibly_sensitive": false,
    "possibly_sensitive_appealable": false,
    "lang": "ru"
}