{
    "created_at": "Mon Nov 06 16:45:57 +0000 2017",
    "id": 927577806032326657,
    "id_str": "927577806032326657",
    "text": "RT @asko_info: \u041b\u043e\u0436\u044c \u041a\u0438\u0435\u0432\u0430: \u0430\u043c\u0435\u0440\u0438\u043a\u0430\u043d\u0441\u043a\u0438\u0439 \u0436\u0443\u0440\u043d\u0430\u043b\u0438\u0441\u0442 \u043d\u0430\u0448\u0435\u043b \u043f\u043e\u0437\u0438\u0446\u0438\u0438 \u0412\u0421\u0423 \u0432\u043e \u0432\u0440\u0435\u043c\u044f \u043a\u0440\u0443\u0448\u0435\u043d\u0438\u044f #MH17 \u0432 30 \u043a\u043c \u043e\u0442 \u0413\u0440\u0430\u0431\u043e\u0432\u043e - https://t.co/sJNwvK4Uyv\n\n#\u2026",
    "truncated": false,
    "entities": {
        "hashtags": [
            {
                "text": "MH17",
                "indices": [
                    86,
                    91
                ]
            }
        ],
        "symbols": [],
        "user_mentions": [
            {
                "screen_name": "asko_info",
                "name": "\u0410\u043d\u0434\u0440\u0435\u0439 \u0421\u041c\u0418\u0420\u041d\u041e\u0412",
                "id": 456686553,
                "id_str": "456686553",
                "indices": [
                    3,
                    13
                ]
            }
        ],
        "urls": [
            {
                "url": "https://t.co/sJNwvK4Uyv",
                "expanded_url": "https://m.tvzvezda.ru/news/vstrane_i_mire/content/201709201814-kko0.htm",
                "display_url": "m.tvzvezda.ru/news/vstrane_i\u2026",
                "indices": [
                    113,
                    136
                ]
            }
        ]
    },
    "source": "<a href=\"http://twitter.com/download/android\" rel=\"nofollow\">Twitter for Android</a>",
    "in_reply_to_status_id": null,
    "in_reply_to_status_id_str": null,
    "in_reply_to_user_id": null,
    "in_reply_to_user_id_str": null,
    "in_reply_to_screen_name": null,
    "user": {
        "id": 456686553,
        "id_str": "456686553",
        "name": "\u0410\u043d\u0434\u0440\u0435\u0439 \u0421\u041c\u0418\u0420\u041d\u041e\u0412",
        "screen_name": "asko_info",
        "location": "\u0421\u0432\u0463\u0442\u0430\u0467 \u048e\u0263\u00e7\u10ee - \u0412\u0435\u043b\u0438\u043a\u0430\u044f \u0422\u0430\u0440\u0442\u0430\u0440\u0438\u044f",
        "description": "\u0421 \u041d\u043e\u0432\u044b\u043c 7526 \u043b\u0463\u0442\u043e\u043c \u043e\u0442 \u0421.\u041c.\u0417.\u0425.!",
        "url": null,
        "entities": {
            "description": {
                "urls": []
            }
        },
        "protected": false,
        "followers_count": 8345,
        "friends_count": 8422,
        "listed_count": 106,
        "created_at": "Fri Jan 06 14:53:59 +0000 2012",
        "favourites_count": 20100,
        "utc_offset": 10800,
        "time_zone": "Moscow",
        "geo_enabled": false,
        "verified": false,
        "statuses_count": 104517,
        "lang": "ru",
        "contributors_enabled": false,
        "is_translator": false,
        "is_translation_enabled": false,
        "profile_background_color": "EDECE9",
        "profile_background_image_url": "http://pbs.twimg.com/profile_background_images/463930510910042112/8CM93bXt.jpeg",
        "profile_background_image_url_https": "https://pbs.twimg.com/profile_background_images/463930510910042112/8CM93bXt.jpeg",
        "profile_background_tile": false,
        "profile_image_url": "http://pbs.twimg.com/profile_images/803868764471259137/0DFxGC7C_normal.jpg",
        "profile_image_url_https": "https://pbs.twimg.com/profile_images/803868764471259137/0DFxGC7C_normal.jpg",
        "profile_banner_url": "https://pbs.twimg.com/profile_banners/456686553/1479916724",
        "profile_link_color": "FA743E",
        "profile_sidebar_border_color": "FFFFFF",
        "profile_sidebar_fill_color": "DDEEF6",
        "profile_text_color": "333333",
        "profile_use_background_image": true,
        "has_extended_profile": false,
        "default_profile": false,
        "default_profile_image": false,
        "following": false,
        "follow_request_sent": false,
        "notifications": false,
        "translator_type": "none"
    },
    "geo": null,
    "coordinates": null,
    "place": null,
    "contributors": null,
    "retweeted_status": {
        "created_at": "Sun Oct 15 08:02:41 +0000 2017",
        "id": 919473588385779713,
        "id_str": "919473588385779713",
        "text": "\u041b\u043e\u0436\u044c \u041a\u0438\u0435\u0432\u0430: \u0430\u043c\u0435\u0440\u0438\u043a\u0430\u043d\u0441\u043a\u0438\u0439 \u0436\u0443\u0440\u043d\u0430\u043b\u0438\u0441\u0442 \u043d\u0430\u0448\u0435\u043b \u043f\u043e\u0437\u0438\u0446\u0438\u0438 \u0412\u0421\u0423 \u0432\u043e \u0432\u0440\u0435\u043c\u044f \u043a\u0440\u0443\u0448\u0435\u043d\u0438\u044f #MH17 \u0432 30 \u043a\u043c \u043e\u0442 \u0413\u0440\u0430\u0431\u043e\u0432\u043e - https://t.co/sJNwvK4Uyv\n\n#ukrainedidit",
        "truncated": false,
        "entities": {
            "hashtags": [
                {
                    "text": "MH17",
                    "indices": [
                        71,
                        76
                    ]
                },
                {
                    "text": "ukrainedidit",
                    "indices": [
                        123,
                        136
                    ]
                }
            ],
            "symbols": [],
            "user_mentions": [],
            "urls": [
                {
                    "url": "https://t.co/sJNwvK4Uyv",
                    "expanded_url": "https://m.tvzvezda.ru/news/vstrane_i_mire/content/201709201814-kko0.htm",
                    "display_url": "m.tvzvezda.ru/news/vstrane_i\u2026",
                    "indices": [
                        98,
                        121
                    ]
                }
            ]
        },
        "source": "<a href=\"http://twitter.com/download/android\" rel=\"nofollow\">Twitter for Android</a>",
        "in_reply_to_status_id": null,
        "in_reply_to_status_id_str": null,
        "in_reply_to_user_id": null,
        "in_reply_to_user_id_str": null,
        "in_reply_to_screen_name": null,
        "user": {
            "id": 456686553,
            "id_str": "456686553",
            "name": "\u0410\u043d\u0434\u0440\u0435\u0439 \u0421\u041c\u0418\u0420\u041d\u041e\u0412",
            "screen_name": "asko_info",
            "location": "\u0421\u0432\u0463\u0442\u0430\u0467 \u048e\u0263\u00e7\u10ee - \u0412\u0435\u043b\u0438\u043a\u0430\u044f \u0422\u0430\u0440\u0442\u0430\u0440\u0438\u044f",
            "description": "\u0421 \u041d\u043e\u0432\u044b\u043c 7526 \u043b\u0463\u0442\u043e\u043c \u043e\u0442 \u0421.\u041c.\u0417.\u0425.!",
            "url": null,
            "entities": {
                "description": {
                    "urls": []
                }
            },
            "protected": false,
            "followers_count": 8345,
            "friends_count": 8422,
            "listed_count": 106,
            "created_at": "Fri Jan 06 14:53:59 +0000 2012",
            "favourites_count": 20100,
            "utc_offset": 10800,
            "time_zone": "Moscow",
            "geo_enabled": false,
            "verified": false,
            "statuses_count": 104517,
            "lang": "ru",
            "contributors_enabled": false,
            "is_translator": false,
            "is_translation_enabled": false,
            "profile_background_color": "EDECE9",
            "profile_background_image_url": "http://pbs.twimg.com/profile_background_images/463930510910042112/8CM93bXt.jpeg",
            "profile_background_image_url_https": "https://pbs.twimg.com/profile_background_images/463930510910042112/8CM93bXt.jpeg",
            "profile_background_tile": false,
            "profile_image_url": "http://pbs.twimg.com/profile_images/803868764471259137/0DFxGC7C_normal.jpg",
            "profile_image_url_https": "https://pbs.twimg.com/profile_images/803868764471259137/0DFxGC7C_normal.jpg",
            "profile_banner_url": "https://pbs.twimg.com/profile_banners/456686553/1479916724",
            "profile_link_color": "FA743E",
            "profile_sidebar_border_color": "FFFFFF",
            "profile_sidebar_fill_color": "DDEEF6",
            "profile_text_color": "333333",
            "profile_use_background_image": true,
            "has_extended_profile": false,
            "default_profile": false,
            "default_profile_image": false,
            "following": false,
            "follow_request_sent": false,
            "notifications": false,
            "translator_type": "none"
        },
        "geo": null,
        "coordinates": null,
        "place": null,
        "contributors": null,
        "is_quote_status": false,
        "retweet_count": 19,
        "favorite_count": 4,
        "favorited": false,
        "retweeted": false,
        "possibly_sensitive": false,
        "possibly_sensitive_appealable": false,
        "lang": "ru"
    },
    "is_quote_status": false,
    "retweet_count": 19,
    "favorite_count": 0,
    "favorited": false,
    "retweeted": false,
    "possibly_sensitive": false,
    "possibly_sensitive_appealable": false,
    "lang": "ru"
}