{
    "created_at": "Mon Nov 06 16:53:05 +0000 2017",
    "id": 927579600590376960,
    "id_str": "927579600590376960",
    "text": "RT @Korsak_E: \u0412 \u0442\u043e\u0442 \u0434\u0435\u043d\u044c, \u043a\u043e\u0433\u0434\u0430 \u0431\u044b\u043b \u0441\u0431\u0438\u0442 \u00ab\u0411\u043e\u0438\u043d\u0433\u00bb #MH17 \u0412 \u0441\u043f\u0435\u0446\u043e\u043f\u0435\u0440\u0430\u0446\u0438\u0438 \u0431\u044b\u043b\u0438 \u0437\u0430\u0434\u0435\u0439\u0441\u0442\u0432\u043e\u0432\u0430\u043d\u044b \u0431\u043e\u0435\u0432\u044b\u0435 \u0441\u0430\u043c\u043e\u043b\u0451\u0442\u044b \u0412\u0412\u0421 \u0423\u043a\u0440\u0430\u0438\u043d\u044b https://t.co/acldK47hy\u2026",
    "truncated": false,
    "entities": {
        "hashtags": [
            {
                "text": "MH17",
                "indices": [
                    49,
                    54
                ]
            }
        ],
        "symbols": [],
        "user_mentions": [
            {
                "screen_name": "Korsak_E",
                "name": "\u041a\u043e\u0440\u0441\u0430\u043a",
                "id": 185628429,
                "id_str": "185628429",
                "indices": [
                    3,
                    12
                ]
            }
        ],
        "urls": []
    },
    "source": "<a href=\"http://twitter.com/download/android\" rel=\"nofollow\">Twitter for Android</a>",
    "in_reply_to_status_id": null,
    "in_reply_to_status_id_str": null,
    "in_reply_to_user_id": null,
    "in_reply_to_user_id_str": null,
    "in_reply_to_screen_name": null,
    "user": {
        "id": 456686553,
        "id_str": "456686553",
        "name": "\u0410\u043d\u0434\u0440\u0435\u0439 \u0421\u041c\u0418\u0420\u041d\u041e\u0412",
        "screen_name": "asko_info",
        "location": "\u0421\u0432\u0463\u0442\u0430\u0467 \u048e\u0263\u00e7\u10ee - \u0412\u0435\u043b\u0438\u043a\u0430\u044f \u0422\u0430\u0440\u0442\u0430\u0440\u0438\u044f",
        "description": "\u0421 \u041d\u043e\u0432\u044b\u043c 7526 \u043b\u0463\u0442\u043e\u043c \u043e\u0442 \u0421.\u041c.\u0417.\u0425.!",
        "url": null,
        "entities": {
            "description": {
                "urls": []
            }
        },
        "protected": false,
        "followers_count": 8345,
        "friends_count": 8422,
        "listed_count": 106,
        "created_at": "Fri Jan 06 14:53:59 +0000 2012",
        "favourites_count": 20100,
        "utc_offset": 10800,
        "time_zone": "Moscow",
        "geo_enabled": false,
        "verified": false,
        "statuses_count": 104517,
        "lang": "ru",
        "contributors_enabled": false,
        "is_translator": false,
        "is_translation_enabled": false,
        "profile_background_color": "EDECE9",
        "profile_background_image_url": "http://pbs.twimg.com/profile_background_images/463930510910042112/8CM93bXt.jpeg",
        "profile_background_image_url_https": "https://pbs.twimg.com/profile_background_images/463930510910042112/8CM93bXt.jpeg",
        "profile_background_tile": false,
        "profile_image_url": "http://pbs.twimg.com/profile_images/803868764471259137/0DFxGC7C_normal.jpg",
        "profile_image_url_https": "https://pbs.twimg.com/profile_images/803868764471259137/0DFxGC7C_normal.jpg",
        "profile_banner_url": "https://pbs.twimg.com/profile_banners/456686553/1479916724",
        "profile_link_color": "FA743E",
        "profile_sidebar_border_color": "FFFFFF",
        "profile_sidebar_fill_color": "DDEEF6",
        "profile_text_color": "333333",
        "profile_use_background_image": true,
        "has_extended_profile": false,
        "default_profile": false,
        "default_profile_image": false,
        "following": false,
        "follow_request_sent": false,
        "notifications": false,
        "translator_type": "none"
    },
    "geo": null,
    "coordinates": null,
    "place": null,
    "contributors": null,
    "retweeted_status": {
        "created_at": "Fri Jun 30 18:14:23 +0000 2017",
        "id": 880852027848499201,
        "id_str": "880852027848499201",
        "text": "\u0412 \u0442\u043e\u0442 \u0434\u0435\u043d\u044c, \u043a\u043e\u0433\u0434\u0430 \u0431\u044b\u043b \u0441\u0431\u0438\u0442 \u00ab\u0411\u043e\u0438\u043d\u0433\u00bb #MH17 \u0412 \u0441\u043f\u0435\u0446\u043e\u043f\u0435\u0440\u0430\u0446\u0438\u0438 \u0431\u044b\u043b\u0438 \u0437\u0430\u0434\u0435\u0439\u0441\u0442\u0432\u043e\u0432\u0430\u043d\u044b \u0431\u043e\u0435\u0432\u044b\u0435 \u0441\u0430\u043c\u043e\u043b\u0451\u0442\u044b \u0412\u0412\u0421 \u0423\u043a\u0440\u0430\u0438\u043d\u044b https://t.co/acldK47hyr @SovSekretno",
        "truncated": false,
        "entities": {
            "hashtags": [
                {
                    "text": "MH17",
                    "indices": [
                        35,
                        40
                    ]
                }
            ],
            "symbols": [],
            "user_mentions": [
                {
                    "screen_name": "SovSekretno",
                    "name": "\u0421\u043e\u0432\u0435\u0440\u0448\u0435\u043d\u043d\u043e \u0441\u0435\u043a\u0440\u0435\u0442\u043d\u043e",
                    "id": 951077106,
                    "id_str": "951077106",
                    "indices": [
                        127,
                        139
                    ]
                }
            ],
            "urls": [
                {
                    "url": "https://t.co/acldK47hyr",
                    "expanded_url": "http://www.sovsekretno.ru/articles/id/5719/",
                    "display_url": "sovsekretno.ru/articles/id/57\u2026",
                    "indices": [
                        103,
                        126
                    ]
                }
            ]
        },
        "source": "<a href=\"http://twitter.com\" rel=\"nofollow\">Twitter Web Client</a>",
        "in_reply_to_status_id": null,
        "in_reply_to_status_id_str": null,
        "in_reply_to_user_id": null,
        "in_reply_to_user_id_str": null,
        "in_reply_to_screen_name": null,
        "user": {
            "id": 185628429,
            "id_str": "185628429",
            "name": "\u041a\u043e\u0440\u0441\u0430\u043a",
            "screen_name": "Korsak_E",
            "location": "Russia",
            "description": "\u2642 \u2626 \u263c \u272f \u203b \u2653 \u260e\r\n\u00ab\u0410 \u0444\u0430\u043c\u0438\u043b\u0438\u044f \u043c\u043e\u044f\u2026 \u0424\u0430\u043c\u0438\u043b\u0438\u044f \u043c\u043e\u044f \u0441\u043b\u0438\u0448\u043a\u043e\u043c \u0438\u0437\u0432\u0435\u0441\u0442\u043d\u0430, \u0447\u0442\u043e\u0431\u044b \u044f \u0435\u0451 \u043d\u0430\u0437\u044b\u0432\u0430\u043b\u00bb\r\n\u201cAnd my name ... My name is too well known, so I called her.\u201d",
            "url": "http://t.co/jB26ZMZbC5",
            "entities": {
                "url": {
                    "urls": [
                        {
                            "url": "http://t.co/jB26ZMZbC5",
                            "expanded_url": "http://e-korsak.livejournal.com/",
                            "display_url": "e-korsak.livejournal.com",
                            "indices": [
                                0,
                                22
                            ]
                        }
                    ]
                },
                "description": {
                    "urls": []
                }
            },
            "protected": false,
            "followers_count": 315,
            "friends_count": 17,
            "listed_count": 14,
            "created_at": "Wed Sep 01 13:10:09 +0000 2010",
            "favourites_count": 185,
            "utc_offset": 10800,
            "time_zone": "Volgograd",
            "geo_enabled": false,
            "verified": false,
            "statuses_count": 15819,
            "lang": "en",
            "contributors_enabled": false,
            "is_translator": false,
            "is_translation_enabled": false,
            "profile_background_color": "C0DEED",
            "profile_background_image_url": "http://abs.twimg.com/images/themes/theme1/bg.png",
            "profile_background_image_url_https": "https://abs.twimg.com/images/themes/theme1/bg.png",
            "profile_background_tile": false,
            "profile_image_url": "http://pbs.twimg.com/profile_images/1826469358/sheo_100x100_normal.jpg",
            "profile_image_url_https": "https://pbs.twimg.com/profile_images/1826469358/sheo_100x100_normal.jpg",
            "profile_banner_url": "https://pbs.twimg.com/profile_banners/185628429/1406133130",
            "profile_link_color": "0084B4",
            "profile_sidebar_border_color": "FFFFFF",
            "profile_sidebar_fill_color": "DDEEF6",
            "profile_text_color": "333333",
            "profile_use_background_image": true,
            "has_extended_profile": false,
            "default_profile": false,
            "default_profile_image": false,
            "following": false,
            "follow_request_sent": false,
            "notifications": false,
            "translator_type": "none"
        },
        "geo": null,
        "coordinates": null,
        "place": null,
        "contributors": null,
        "is_quote_status": false,
        "retweet_count": 5,
        "favorite_count": 1,
        "favorited": false,
        "retweeted": false,
        "possibly_sensitive": false,
        "possibly_sensitive_appealable": false,
        "lang": "ru"
    },
    "is_quote_status": false,
    "retweet_count": 5,
    "favorite_count": 0,
    "favorited": false,
    "retweeted": false,
    "lang": "ru"
}