{
    "created_at": "Fri Nov 10 23:07:04 +0000 2017",
    "id": 929123270485594112,
    "id_str": "929123270485594112",
    "text": "RT @makkiavellius: #\u0425\u0430\u0440\u044c\u043a\u043e\u0432 \u0437\u0430 \u0433\u043e\u0434 \u0434\u043e \u0443\u043a\u0440\u043e\u0444\u0430\u0448\u0438\u0441\u0442\u0441\u043a\u043e\u0439 \u043e\u043a\u043a\u0443\u043f\u0430\u0446\u0438\u0438 2014 \u0433. \u0420\u0430\u0437\u0432\u0435 \u043c\u043e\u0433\u043b\u0438 \u043f\u0440\u043e\u0441\u0438\u0442\u044c \u0442\u0430\u043a\u043e\u0435 \u0432 #\u041a\u0438\u0435\u0432'\u0435 \u0444\u0430\u0448\u0438\u0441\u0442\u044b, \u0437\u0430\u0445\u0432\u0430\u0442\u0438\u0432\u0448\u0438\u0435 \u0432\u043b\u0430\u0441\u0442\u044c? \u041f\u043e\u0447\u2026",
    "truncated": false,
    "entities": {
        "hashtags": [
            {
                "text": "\u0425\u0430\u0440\u044c\u043a\u043e\u0432",
                "indices": [
                    19,
                    27
                ]
            },
            {
                "text": "\u041a\u0438\u0435\u0432",
                "indices": [
                    99,
                    104
                ]
            }
        ],
        "symbols": [],
        "user_mentions": [
            {
                "screen_name": "makkiavellius",
                "name": "fly",
                "id": 83696712,
                "id_str": "83696712",
                "indices": [
                    3,
                    17
                ]
            }
        ],
        "urls": []
    },
    "source": "<a href=\"http://twitter.com/download/android\" rel=\"nofollow\">Twitter for Android</a>",
    "in_reply_to_status_id": null,
    "in_reply_to_status_id_str": null,
    "in_reply_to_user_id": null,
    "in_reply_to_user_id_str": null,
    "in_reply_to_screen_name": null,
    "user": {
        "id": 855047317,
        "id_str": "855047317",
        "name": "\u0441\u0435\u0440\u0433\u0435\u0439  \u0435\u0444\u0440\u0435\u043c\u043e\u0432",
        "screen_name": "Boxc1966",
        "location": "",
        "description": "",
        "url": null,
        "entities": {
            "description": {
                "urls": []
            }
        },
        "protected": false,
        "followers_count": 1420,
        "friends_count": 2025,
        "listed_count": 17,
        "created_at": "Sun Sep 30 17:19:45 +0000 2012",
        "favourites_count": 47,
        "utc_offset": 10800,
        "time_zone": "Baghdad",
        "geo_enabled": false,
        "verified": false,
        "statuses_count": 13679,
        "lang": "ru",
        "contributors_enabled": false,
        "is_translator": false,
        "is_translation_enabled": false,
        "profile_background_color": "C0DEED",
        "profile_background_image_url": "http://abs.twimg.com/images/themes/theme1/bg.png",
        "profile_background_image_url_https": "https://abs.twimg.com/images/themes/theme1/bg.png",
        "profile_background_tile": false,
        "profile_image_url": "http://pbs.twimg.com/profile_images/618805283825922048/ILY780xq_normal.png",
        "profile_image_url_https": "https://pbs.twimg.com/profile_images/618805283825922048/ILY780xq_normal.png",
        "profile_link_color": "1DA1F2",
        "profile_sidebar_border_color": "C0DEED",
        "profile_sidebar_fill_color": "DDEEF6",
        "profile_text_color": "333333",
        "profile_use_background_image": true,
        "has_extended_profile": false,
        "default_profile": true,
        "default_profile_image": false,
        "following": false,
        "follow_request_sent": false,
        "notifications": false,
        "translator_type": "regular"
    },
    "geo": null,
    "coordinates": null,
    "place": null,
    "contributors": null,
    "retweeted_status": {
        "created_at": "Fri Nov 10 19:52:10 +0000 2017",
        "id": 929074219912220679,
        "id_str": "929074219912220679",
        "text": "#\u0425\u0430\u0440\u044c\u043a\u043e\u0432 \u0437\u0430 \u0433\u043e\u0434 \u0434\u043e \u0443\u043a\u0440\u043e\u0444\u0430\u0448\u0438\u0441\u0442\u0441\u043a\u043e\u0439 \u043e\u043a\u043a\u0443\u043f\u0430\u0446\u0438\u0438 2014 \u0433. \u0420\u0430\u0437\u0432\u0435 \u043c\u043e\u0433\u043b\u0438 \u043f\u0440\u043e\u0441\u0438\u0442\u044c \u0442\u0430\u043a\u043e\u0435 \u0432 #\u041a\u0438\u0435\u0432'\u0435 \u0444\u0430\u0448\u0438\u0441\u0442\u044b, \u0437\u0430\u0445\u0432\u0430\u0442\u0438\u0432\u0448\u0438\u0435 \u0432\u043b\u0430\u0441\u0442\u044c\u2026 https://t.co/EK3yUarc9k",
        "truncated": true,
        "entities": {
            "hashtags": [
                {
                    "text": "\u0425\u0430\u0440\u044c\u043a\u043e\u0432",
                    "indices": [
                        0,
                        8
                    ]
                },
                {
                    "text": "\u041a\u0438\u0435\u0432",
                    "indices": [
                        80,
                        85
                    ]
                }
            ],
            "symbols": [],
            "user_mentions": [],
            "urls": [
                {
                    "url": "https://t.co/EK3yUarc9k",
                    "expanded_url": "https://twitter.com/i/web/status/929074219912220679",
                    "display_url": "twitter.com/i/web/status/9\u2026",
                    "indices": [
                        117,
                        140
                    ]
                }
            ]
        },
        "source": "<a href=\"http://twitter.com\" rel=\"nofollow\">Twitter Web Client</a>",
        "in_reply_to_status_id": null,
        "in_reply_to_status_id_str": null,
        "in_reply_to_user_id": null,
        "in_reply_to_user_id_str": null,
        "in_reply_to_screen_name": null,
        "user": {
            "id": 83696712,
            "id_str": "83696712",
            "name": "fly",
            "screen_name": "makkiavellius",
            "location": "",
            "description": "",
            "url": null,
            "entities": {
                "description": {
                    "urls": []
                }
            },
            "protected": false,
            "followers_count": 5860,
            "friends_count": 375,
            "listed_count": 87,
            "created_at": "Mon Oct 19 21:45:16 +0000 2009",
            "favourites_count": 8000,
            "utc_offset": 7200,
            "time_zone": "Athens",
            "geo_enabled": false,
            "verified": false,
            "statuses_count": 57688,
            "lang": "ru",
            "contributors_enabled": false,
            "is_translator": false,
            "is_translation_enabled": false,
            "profile_background_color": "C0DEED",
            "profile_background_image_url": "http://abs.twimg.com/images/themes/theme1/bg.png",
            "profile_background_image_url_https": "https://abs.twimg.com/images/themes/theme1/bg.png",
            "profile_background_tile": false,
            "profile_image_url": "http://pbs.twimg.com/profile_images/571082170879619072/eCaK1LBV_normal.jpeg",
            "profile_image_url_https": "https://pbs.twimg.com/profile_images/571082170879619072/eCaK1LBV_normal.jpeg",
            "profile_link_color": "0084B4",
            "profile_sidebar_border_color": "000000",
            "profile_sidebar_fill_color": "000000",
            "profile_text_color": "000000",
            "profile_use_background_image": false,
            "has_extended_profile": false,
            "default_profile": false,
            "default_profile_image": false,
            "following": false,
            "follow_request_sent": false,
            "notifications": false,
            "translator_type": "none"
        },
        "geo": null,
        "coordinates": null,
        "place": null,
        "contributors": null,
        "is_quote_status": false,
        "retweet_count": 20,
        "favorite_count": 10,
        "favorited": false,
        "retweeted": false,
        "possibly_sensitive": false,
        "possibly_sensitive_appealable": false,
        "lang": "ru"
    },
    "is_quote_status": false,
    "retweet_count": 20,
    "favorite_count": 0,
    "favorited": false,
    "retweeted": false,
    "lang": "ru"
}