{
    "created_at": "Tue Nov 07 21:21:49 +0000 2017",
    "id": 928009620462948353,
    "id_str": "928009620462948353",
    "text": "@NOckelmann No, Ukraine, and later international investigators arrived first to the crime scene of the #MH17. They even boasted showing pics",
    "truncated": false,
    "entities": {
        "hashtags": [
            {
                "text": "MH17",
                "indices": [
                    103,
                    108
                ]
            }
        ],
        "symbols": [],
        "user_mentions": [
            {
                "screen_name": "NOckelmann",
                "name": "Niels Ockelmann \ud83d\udc18",
                "id": 2347485195,
                "id_str": "2347485195",
                "indices": [
                    0,
                    11
                ]
            }
        ],
        "urls": []
    },
    "source": "<a href=\"http://twitter.com\" rel=\"nofollow\">Twitter Web Client</a>",
    "in_reply_to_status_id": 927792774765793281,
    "in_reply_to_status_id_str": "927792774765793281",
    "in_reply_to_user_id": 2347485195,
    "in_reply_to_user_id_str": "2347485195",
    "in_reply_to_screen_name": "NOckelmann",
    "user": {
        "id": 400602429,
        "id_str": "400602429",
        "name": "Lor Daiteke",
        "screen_name": "Amets4",
        "location": "",
        "description": "Begia non gezia han. Don\u00b4t ask me certainties, i\u00b4m just a dancing cybershadow, a wave devoured by the foam. Iru\u00f1ea",
        "url": null,
        "entities": {
            "description": {
                "urls": []
            }
        },
        "protected": false,
        "followers_count": 972,
        "friends_count": 476,
        "listed_count": 105,
        "created_at": "Sat Oct 29 09:03:19 +0000 2011",
        "favourites_count": 505,
        "utc_offset": 7200,
        "time_zone": "Athens",
        "geo_enabled": true,
        "verified": false,
        "statuses_count": 68204,
        "lang": "eu",
        "contributors_enabled": false,
        "is_translator": false,
        "is_translation_enabled": false,
        "profile_background_color": "C0DEED",
        "profile_background_image_url": "http://abs.twimg.com/images/themes/theme1/bg.png",
        "profile_background_image_url_https": "https://abs.twimg.com/images/themes/theme1/bg.png",
        "profile_background_tile": false,
        "profile_image_url": "http://pbs.twimg.com/profile_images/423450398716731392/r-Oy8-qO_normal.jpeg",
        "profile_image_url_https": "https://pbs.twimg.com/profile_images/423450398716731392/r-Oy8-qO_normal.jpeg",
        "profile_banner_url": "https://pbs.twimg.com/profile_banners/400602429/1444645363",
        "profile_link_color": "1DA1F2",
        "profile_sidebar_border_color": "C0DEED",
        "profile_sidebar_fill_color": "DDEEF6",
        "profile_text_color": "333333",
        "profile_use_background_image": true,
        "has_extended_profile": false,
        "default_profile": true,
        "default_profile_image": false,
        "following": false,
        "follow_request_sent": false,
        "notifications": false,
        "translator_type": "none"
    },
    "geo": null,
    "coordinates": null,
    "place": null,
    "contributors": null,
    "is_quote_status": false,
    "retweet_count": 0,
    "favorite_count": 0,
    "favorited": false,
    "retweeted": false,
    "lang": "en"
}