{
    "created_at": "Sat Nov 04 22:12:31 +0000 2017",
    "id": 926935215183990784,
    "id_str": "926935215183990784",
    "text": "PolitWera. \"\u041f\u0440\u0430\u0432\u0434\u0430 \u0438 \u041c\u0438\u0444\u044b \u041c\u0430\u0439\u0434\u0430\u043d\u0430\" \u0441 \u0412\u0430\u0434\u0438\u043c\u043e\u043c \u041a\u043e\u043b\u0435\u0441\u043d\u0438\u0447\u0435\u043d\u043a\u043e (\u0431\u044b\u0432\u0448\u0438\u0439 \u043d\u0430\u0440\u0434\u0435\u043f \u0412\u0435\u0440\u0445\u043e\u0432\u043d\u043e\u0439 \u0420\u0430\u0434\u044b) https://t.co/lWr0OaT6LW #\u0444\u0430\u043a\u0442\u044b #\u0423\u043a\u0440\u0430\u0438\u043d\u0430 #\u043c\u0430\u0439\u0434\u0430\u043d",
    "truncated": false,
    "entities": {
        "hashtags": [
            {
                "text": "\u0444\u0430\u043a\u0442\u044b",
                "indices": [
                    113,
                    119
                ]
            },
            {
                "text": "\u0423\u043a\u0440\u0430\u0438\u043d\u0430",
                "indices": [
                    120,
                    128
                ]
            },
            {
                "text": "\u043c\u0430\u0439\u0434\u0430\u043d",
                "indices": [
                    129,
                    136
                ]
            }
        ],
        "symbols": [],
        "user_mentions": [],
        "urls": [
            {
                "url": "https://t.co/lWr0OaT6LW",
                "expanded_url": "https://kot-sapog.livejournal.com/7592122.html?utm_source=twsharing&utm_medium=social",
                "display_url": "kot-sapog.livejournal.com/7592122.html?u\u2026",
                "indices": [
                    89,
                    112
                ]
            }
        ]
    },
    "source": "<a href=\"http://twitter.com\" rel=\"nofollow\">Twitter Web Client</a>",
    "in_reply_to_status_id": null,
    "in_reply_to_status_id_str": null,
    "in_reply_to_user_id": null,
    "in_reply_to_user_id_str": null,
    "in_reply_to_screen_name": null,
    "user": {
        "id": 357404078,
        "id_str": "357404078",
        "name": "\u0422\u0430\u0442\u044c\u044f\u043d\u0430 \u041a\u043e\u0440\u043e\u043f",
        "screen_name": "tkorop",
        "location": "Augsburg, Deutschland",
        "description": "\u0425\u043e\u0447\u0435\u0448\u044c \u0438\u0437\u043c\u0435\u043d\u0438\u0442\u044c \u041c\u0438\u0440 - \u043d\u0430\u0447\u043d\u0438 \u0441 \u0441\u0435\u0431\u044f.",
        "url": null,
        "entities": {
            "description": {
                "urls": []
            }
        },
        "protected": false,
        "followers_count": 645,
        "friends_count": 567,
        "listed_count": 21,
        "created_at": "Thu Aug 18 09:29:50 +0000 2011",
        "favourites_count": 1378,
        "utc_offset": 3600,
        "time_zone": "Berlin",
        "geo_enabled": true,
        "verified": false,
        "statuses_count": 45576,
        "lang": "ru",
        "contributors_enabled": false,
        "is_translator": false,
        "is_translation_enabled": false,
        "profile_background_color": "C0DEED",
        "profile_background_image_url": "http://abs.twimg.com/images/themes/theme1/bg.png",
        "profile_background_image_url_https": "https://abs.twimg.com/images/themes/theme1/bg.png",
        "profile_background_tile": false,
        "profile_image_url": "http://pbs.twimg.com/profile_images/809835017547485184/XcsNMQWE_normal.jpg",
        "profile_image_url_https": "https://pbs.twimg.com/profile_images/809835017547485184/XcsNMQWE_normal.jpg",
        "profile_link_color": "1DA1F2",
        "profile_sidebar_border_color": "C0DEED",
        "profile_sidebar_fill_color": "DDEEF6",
        "profile_text_color": "333333",
        "profile_use_background_image": true,
        "has_extended_profile": true,
        "default_profile": true,
        "default_profile_image": false,
        "following": false,
        "follow_request_sent": false,
        "notifications": false,
        "translator_type": "none"
    },
    "geo": null,
    "coordinates": null,
    "place": null,
    "contributors": null,
    "is_quote_status": false,
    "retweet_count": 0,
    "favorite_count": 0,
    "favorited": false,
    "retweeted": false,
    "possibly_sensitive": false,
    "possibly_sensitive_appealable": false,
    "lang": "ru"
}