{
    "created_at": "Thu Nov 09 16:13:49 +0000 2017",
    "id": 928656883124244481,
    "id_str": "928656883124244481",
    "text": "RT @TSlicht: #MH17 #fakenews Damages on MH17 hull show definately no BUK shrapnel impacts! MH17 was hit by different objects from different\u2026",
    "truncated": false,
    "entities": {
        "hashtags": [
            {
                "text": "MH17",
                "indices": [
                    13,
                    18
                ]
            },
            {
                "text": "fakenews",
                "indices": [
                    19,
                    28
                ]
            }
        ],
        "symbols": [],
        "user_mentions": [
            {
                "screen_name": "TSlicht",
                "name": "Todd A. Slicht",
                "id": 2982686613,
                "id_str": "2982686613",
                "indices": [
                    3,
                    11
                ]
            }
        ],
        "urls": []
    },
    "source": "<a href=\"http://twitter.com\" rel=\"nofollow\">Twitter Web Client</a>",
    "in_reply_to_status_id": null,
    "in_reply_to_status_id_str": null,
    "in_reply_to_user_id": null,
    "in_reply_to_user_id_str": null,
    "in_reply_to_screen_name": null,
    "user": {
        "id": 303151133,
        "id_str": "303151133",
        "name": "\u041a\u0440\u0438\u0441\u0442\u0435\u043b\u044c \u041d\u044d\u0430\u043d",
        "screen_name": "kristelnean",
        "location": "Donetsk",
        "description": "Journalist at DONi International Press Center",
        "url": "https://t.co/Uqvobf4X3f",
        "entities": {
            "url": {
                "urls": [
                    {
                        "url": "https://t.co/Uqvobf4X3f",
                        "expanded_url": "http://www.dnipress.com",
                        "display_url": "dnipress.com",
                        "indices": [
                            0,
                            23
                        ]
                    }
                ]
            },
            "description": {
                "urls": []
            }
        },
        "protected": false,
        "followers_count": 198,
        "friends_count": 242,
        "listed_count": 5,
        "created_at": "Sun May 22 11:30:26 +0000 2011",
        "favourites_count": 3704,
        "utc_offset": 3600,
        "time_zone": "Brussels",
        "geo_enabled": false,
        "verified": false,
        "statuses_count": 3532,
        "lang": "fr",
        "contributors_enabled": false,
        "is_translator": false,
        "is_translation_enabled": false,
        "profile_background_color": "C6E2EE",
        "profile_background_image_url": "http://pbs.twimg.com/profile_background_images/382558591/islande278.jpg",
        "profile_background_image_url_https": "https://pbs.twimg.com/profile_background_images/382558591/islande278.jpg",
        "profile_background_tile": false,
        "profile_image_url": "http://pbs.twimg.com/profile_images/962001485449121795/qKbnPBkm_normal.jpg",
        "profile_image_url_https": "https://pbs.twimg.com/profile_images/962001485449121795/qKbnPBkm_normal.jpg",
        "profile_banner_url": "https://pbs.twimg.com/profile_banners/303151133/1450005385",
        "profile_link_color": "ABB8C2",
        "profile_sidebar_border_color": "C6E2EE",
        "profile_sidebar_fill_color": "DAECF4",
        "profile_text_color": "663B12",
        "profile_use_background_image": true,
        "has_extended_profile": true,
        "default_profile": false,
        "default_profile_image": false,
        "following": false,
        "follow_request_sent": false,
        "notifications": false,
        "translator_type": "none"
    },
    "geo": null,
    "coordinates": null,
    "place": null,
    "contributors": null,
    "retweeted_status": {
        "created_at": "Mon Nov 06 23:51:55 +0000 2017",
        "id": 927685006499221504,
        "id_str": "927685006499221504",
        "text": "#MH17 #fakenews Damages on MH17 hull show definately no BUK shrapnel impacts! MH17 was hit by different objects fro\u2026 https://t.co/bmTPSrKRgR",
        "truncated": true,
        "entities": {
            "hashtags": [
                {
                    "text": "MH17",
                    "indices": [
                        0,
                        5
                    ]
                },
                {
                    "text": "fakenews",
                    "indices": [
                        6,
                        15
                    ]
                }
            ],
            "symbols": [],
            "user_mentions": [],
            "urls": [
                {
                    "url": "https://t.co/bmTPSrKRgR",
                    "expanded_url": "https://twitter.com/i/web/status/927685006499221504",
                    "display_url": "twitter.com/i/web/status/9\u2026",
                    "indices": [
                        117,
                        140
                    ]
                }
            ]
        },
        "source": "<a href=\"http://twitter.com\" rel=\"nofollow\">Twitter Web Client</a>",
        "in_reply_to_status_id": null,
        "in_reply_to_status_id_str": null,
        "in_reply_to_user_id": null,
        "in_reply_to_user_id_str": null,
        "in_reply_to_screen_name": null,
        "user": {
            "id": 2982686613,
            "id_str": "2982686613",
            "name": "Todd A. Slicht",
            "screen_name": "TSlicht",
            "location": "",
            "description": "",
            "url": null,
            "entities": {
                "description": {
                    "urls": []
                }
            },
            "protected": false,
            "followers_count": 239,
            "friends_count": 157,
            "listed_count": 23,
            "created_at": "Sat Jan 17 16:39:51 +0000 2015",
            "favourites_count": 68,
            "utc_offset": -28800,
            "time_zone": "Pacific Time (US & Canada)",
            "geo_enabled": false,
            "verified": false,
            "statuses_count": 10374,
            "lang": "de",
            "contributors_enabled": false,
            "is_translator": false,
            "is_translation_enabled": false,
            "profile_background_color": "C0DEED",
            "profile_background_image_url": "http://abs.twimg.com/images/themes/theme1/bg.png",
            "profile_background_image_url_https": "https://abs.twimg.com/images/themes/theme1/bg.png",
            "profile_background_tile": false,
            "profile_image_url": "http://pbs.twimg.com/profile_images/556492100867350528/TSycf-AS_normal.jpeg",
            "profile_image_url_https": "https://pbs.twimg.com/profile_images/556492100867350528/TSycf-AS_normal.jpeg",
            "profile_link_color": "1DA1F2",
            "profile_sidebar_border_color": "C0DEED",
            "profile_sidebar_fill_color": "DDEEF6",
            "profile_text_color": "333333",
            "profile_use_background_image": true,
            "has_extended_profile": false,
            "default_profile": true,
            "default_profile_image": false,
            "following": false,
            "follow_request_sent": false,
            "notifications": false,
            "translator_type": "none"
        },
        "geo": null,
        "coordinates": null,
        "place": null,
        "contributors": null,
        "is_quote_status": false,
        "retweet_count": 16,
        "favorite_count": 14,
        "favorited": false,
        "retweeted": false,
        "possibly_sensitive": false,
        "possibly_sensitive_appealable": false,
        "lang": "en"
    },
    "is_quote_status": false,
    "retweet_count": 16,
    "favorite_count": 0,
    "favorited": false,
    "retweeted": false,
    "lang": "en"
}