{
    "created_at": "Sun Nov 05 11:29:03 +0000 2017",
    "id": 927135669616566274,
    "id_str": "927135669616566274",
    "text": "\u041c\u0438\u043c\u043e \u0410\u043c\u0441\u0442\u0435\u0440\u0434\u0430\u043c\u0430 \u043f\u0440\u043e\u043b\u0435\u0442\u0430\u043b\u0430 @PatHollmann, \u0441\u0432\u043e\u0434\u0438\u043b\u0430 \u043c\u0435\u043d\u044f \u043d\u0430 \u043c\u0435\u043c\u043e\u0440\u0438\u0430\u043b #MH17. \u041e\u0447\u0435\u043d\u044c, \u043e\u0447\u0435\u043d\u044c \u0445\u043e\u0440\u043e\u0448\u043e \u0441\u0434\u0435\u043b\u0430\u043b\u0438.\n\n(\u0421\u043e\u0440\u0438, \u0444\u043e\u0442\u043e \u043d\u0435\u0442, \u0442\u0435\u043b\u0435\u0444\u043e\u043d \u0441\u0435\u043b.)",
    "truncated": false,
    "entities": {
        "hashtags": [
            {
                "text": "MH17",
                "indices": [
                    65,
                    70
                ]
            }
        ],
        "symbols": [],
        "user_mentions": [
            {
                "screen_name": "PatHollmann",
                "name": "\u043d\u0435 \u0437\u043d\u0430\u044e, \u043a\u0430\u043a \u043d\u0430\u0437\u0432\u0430\u0442\u044c\u0441\u044f",
                "id": 62791527,
                "id_str": "62791527",
                "indices": [
                    26,
                    38
                ]
            }
        ],
        "urls": []
    },
    "source": "<a href=\"https://about.twitter.com/products/tweetdeck\" rel=\"nofollow\">TweetDeck</a>",
    "in_reply_to_status_id": null,
    "in_reply_to_status_id_str": null,
    "in_reply_to_user_id": null,
    "in_reply_to_user_id_str": null,
    "in_reply_to_screen_name": null,
    "user": {
        "id": 14785161,
        "id_str": "14785161",
        "name": "XAR",
        "screen_name": "xtremalraven",
        "location": "",
        "description": "\u0421\u0430\u0445\u0430\u0440 \u0432\u0441\u0435\u0433\u0434\u0430 \u043d\u0430\u0441\u044b\u043f\u0430\u0435\u0442 \u0441 \u0433\u043e\u0440\u043a\u043e\u0439\n\u0421\u0430\u0442\u0430\u043d\u043e\u0439 \u043e\u0434\u0435\u0440\u0436\u0438\u043c\u044b\u0439 \u0415\u0433\u043e\u0440\u043a\u0430",
        "url": "http://t.co/wU4y5osffj",
        "entities": {
            "url": {
                "urls": [
                    {
                        "url": "http://t.co/wU4y5osffj",
                        "expanded_url": "http://shmidt.net",
                        "display_url": "shmidt.net",
                        "indices": [
                            0,
                            22
                        ]
                    }
                ]
            },
            "description": {
                "urls": []
            }
        },
        "protected": false,
        "followers_count": 584,
        "friends_count": 362,
        "listed_count": 100,
        "created_at": "Thu May 15 12:11:17 +0000 2008",
        "favourites_count": 42471,
        "utc_offset": 7200,
        "time_zone": "Kyiv",
        "geo_enabled": true,
        "verified": false,
        "statuses_count": 38285,
        "lang": "en",
        "contributors_enabled": false,
        "is_translator": false,
        "is_translation_enabled": false,
        "profile_background_color": "000000",
        "profile_background_image_url": "http://abs.twimg.com/images/themes/theme6/bg.gif",
        "profile_background_image_url_https": "https://abs.twimg.com/images/themes/theme6/bg.gif",
        "profile_background_tile": false,
        "profile_image_url": "http://pbs.twimg.com/profile_images/671525717214146560/fJ5H3Ent_normal.jpg",
        "profile_image_url_https": "https://pbs.twimg.com/profile_images/671525717214146560/fJ5H3Ent_normal.jpg",
        "profile_link_color": "BB3333",
        "profile_sidebar_border_color": "000000",
        "profile_sidebar_fill_color": "000000",
        "profile_text_color": "000000",
        "profile_use_background_image": false,
        "has_extended_profile": true,
        "default_profile": false,
        "default_profile_image": false,
        "following": false,
        "follow_request_sent": false,
        "notifications": false,
        "translator_type": "none"
    },
    "geo": null,
    "coordinates": null,
    "place": null,
    "contributors": null,
    "is_quote_status": false,
    "retweet_count": 0,
    "favorite_count": 3,
    "favorited": false,
    "retweeted": false,
    "lang": "ru"
}