{
    "created_at": "Wed Nov 08 12:03:57 +0000 2017",
    "id": 928231614324396034,
    "id_str": "928231614324396034",
    "text": "#MH17 #DAY1211: Man who tries to cover crime of #Ukraine up in attack on MH17 - Eliot #Higgins and his #Bellingcat.\u2026 https://t.co/PTUx73mwNZ",
    "truncated": true,
    "entities": {
        "hashtags": [
            {
                "text": "MH17",
                "indices": [
                    0,
                    5
                ]
            },
            {
                "text": "DAY1211",
                "indices": [
                    6,
                    14
                ]
            },
            {
                "text": "Ukraine",
                "indices": [
                    48,
                    56
                ]
            },
            {
                "text": "Higgins",
                "indices": [
                    86,
                    94
                ]
            },
            {
                "text": "Bellingcat",
                "indices": [
                    103,
                    114
                ]
            }
        ],
        "symbols": [],
        "user_mentions": [],
        "urls": [
            {
                "url": "https://t.co/PTUx73mwNZ",
                "expanded_url": "https://twitter.com/i/web/status/928231614324396034",
                "display_url": "twitter.com/i/web/status/9\u2026",
                "indices": [
                    117,
                    140
                ]
            }
        ]
    },
    "source": "<a href=\"http://twitter.com\" rel=\"nofollow\">Twitter Web Client</a>",
    "in_reply_to_status_id": null,
    "in_reply_to_status_id_str": null,
    "in_reply_to_user_id": null,
    "in_reply_to_user_id_str": null,
    "in_reply_to_screen_name": null,
    "user": {
        "id": 1978165356,
        "id_str": "1978165356",
        "name": "St\u0159edn\u00ed t\u0159\u00edda v \u010cR \ud83c\udde8\ud83c\uddff",
        "screen_name": "Stredni_trida",
        "location": "",
        "description": "Prostor vyj\u00e1d\u0159en\u00ed p\u0159\u00edslu\u0161n\u00edk\u016f st\u0159edn\u00ed vrstvy ke v\u0161emu, co je aktu\u00e1ln\u00ed, d\u0159\u00edve jen ve 140 znac\u00edch. Nen\u00ed \u010das, zn.: Dan\u011b, #EET, hl\u00e1\u0161en\u00ed ... \ud83d\ude0e",
        "url": "https://t.co/7OipNZo9Li",
        "entities": {
            "url": {
                "urls": [
                    {
                        "url": "https://t.co/7OipNZo9Li",
                        "expanded_url": "http://www.facebook.com/pages/St%C5%99edn%C3%AD-T%C5%99%C3%ADda/1376364969272459",
                        "display_url": "facebook.com/pages/St%C5%99\u2026",
                        "indices": [
                            0,
                            23
                        ]
                    }
                ]
            },
            "description": {
                "urls": []
            }
        },
        "protected": false,
        "followers_count": 1992,
        "friends_count": 2019,
        "listed_count": 369,
        "created_at": "Mon Oct 21 10:10:15 +0000 2013",
        "favourites_count": 40647,
        "utc_offset": null,
        "time_zone": null,
        "geo_enabled": true,
        "verified": false,
        "statuses_count": 199269,
        "lang": "cs",
        "contributors_enabled": false,
        "is_translator": false,
        "is_translation_enabled": false,
        "profile_background_color": "ACDED6",
        "profile_background_image_url": "http://abs.twimg.com/images/themes/theme18/bg.gif",
        "profile_background_image_url_https": "https://abs.twimg.com/images/themes/theme18/bg.gif",
        "profile_background_tile": false,
        "profile_image_url": "http://pbs.twimg.com/profile_images/378800000627882949/30e1192681f27f1fea85d093777ec7d4_normal.jpeg",
        "profile_image_url_https": "https://pbs.twimg.com/profile_images/378800000627882949/30e1192681f27f1fea85d093777ec7d4_normal.jpeg",
        "profile_banner_url": "https://pbs.twimg.com/profile_banners/1978165356/1382351808",
        "profile_link_color": "3636CF",
        "profile_sidebar_border_color": "FFFFFF",
        "profile_sidebar_fill_color": "F6F6F6",
        "profile_text_color": "333333",
        "profile_use_background_image": true,
        "has_extended_profile": false,
        "default_profile": false,
        "default_profile_image": false,
        "following": false,
        "follow_request_sent": false,
        "notifications": false,
        "translator_type": "regular"
    },
    "geo": null,
    "coordinates": null,
    "place": null,
    "contributors": null,
    "is_quote_status": true,
    "quoted_status_id": 927892302462443521,
    "quoted_status_id_str": "927892302462443521",
    "quoted_status": {
        "created_at": "Tue Nov 07 13:35:38 +0000 2017",
        "id": 927892302462443521,
        "id_str": "927892302462443521",
        "text": "Will MH17 be our 9/11? (27) How The Intercept gets mixed up over major fake news provider Bellingcat\u2026 https://t.co/qzrcn8r7o9",
        "truncated": true,
        "entities": {
            "hashtags": [],
            "symbols": [],
            "user_mentions": [],
            "urls": [
                {
                    "url": "https://t.co/qzrcn8r7o9",
                    "expanded_url": "https://twitter.com/i/web/status/927892302462443521",
                    "display_url": "twitter.com/i/web/status/9\u2026",
                    "indices": [
                        102,
                        125
                    ]
                }
            ]
        },
        "source": "<a href=\"http://twitter.com\" rel=\"nofollow\">Twitter Web Client</a>",
        "in_reply_to_status_id": null,
        "in_reply_to_status_id_str": null,
        "in_reply_to_user_id": null,
        "in_reply_to_user_id_str": null,
        "in_reply_to_screen_name": null,
        "user": {
            "id": 4265884905,
            "id_str": "4265884905",
            "name": "Kees van der Pijl",
            "screen_name": "KeesvdPijl1",
            "location": "Amsterdam, The Netherlands",
            "description": "Dutch political economist, Professor emeritus, Sussex University. Author, peace and democracy activist.",
            "url": "https://t.co/ZW4DuenoP2",
            "entities": {
                "url": {
                    "urls": [
                        {
                            "url": "https://t.co/ZW4DuenoP2",
                            "expanded_url": "https://sussex.academia.edu/KeesVanderPijl",
                            "display_url": "sussex.academia.edu/KeesVanderPijl",
                            "indices": [
                                0,
                                23
                            ]
                        }
                    ]
                },
                "description": {
                    "urls": []
                }
            },
            "protected": false,
            "followers_count": 488,
            "friends_count": 59,
            "listed_count": 6,
            "created_at": "Tue Nov 24 16:49:16 +0000 2015",
            "favourites_count": 18,
            "utc_offset": null,
            "time_zone": null,
            "geo_enabled": false,
            "verified": false,
            "statuses_count": 528,
            "lang": "en",
            "contributors_enabled": false,
            "is_translator": false,
            "is_translation_enabled": false,
            "profile_background_color": "C0DEED",
            "profile_background_image_url": "http://abs.twimg.com/images/themes/theme1/bg.png",
            "profile_background_image_url_https": "https://abs.twimg.com/images/themes/theme1/bg.png",
            "profile_background_tile": false,
            "profile_image_url": "http://pbs.twimg.com/profile_images/669199039599128576/etaNziPc_normal.jpg",
            "profile_image_url_https": "https://pbs.twimg.com/profile_images/669199039599128576/etaNziPc_normal.jpg",
            "profile_banner_url": "https://pbs.twimg.com/profile_banners/4265884905/1484679641",
            "profile_link_color": "1DA1F2",
            "profile_sidebar_border_color": "C0DEED",
            "profile_sidebar_fill_color": "DDEEF6",
            "profile_text_color": "333333",
            "profile_use_background_image": true,
            "has_extended_profile": false,
            "default_profile": true,
            "default_profile_image": false,
            "following": false,
            "follow_request_sent": false,
            "notifications": false,
            "translator_type": "none"
        },
        "geo": null,
        "coordinates": null,
        "place": null,
        "contributors": null,
        "is_quote_status": false,
        "retweet_count": 25,
        "favorite_count": 13,
        "favorited": false,
        "retweeted": false,
        "possibly_sensitive": false,
        "possibly_sensitive_appealable": false,
        "lang": "en"
    },
    "retweet_count": 0,
    "favorite_count": 0,
    "favorited": false,
    "retweeted": false,
    "possibly_sensitive": false,
    "possibly_sensitive_appealable": false,
    "lang": "en"
}