{
    "created_at": "Tue Nov 07 18:02:58 +0000 2017",
    "id": 927959577404100611,
    "id_str": "927959577404100611",
    "text": "RT @RussSL: \u0412 #\u0434\u0435\u043d\u044c, #\u043a\u043e\u0433\u0434\u0430 #\u0431\u044b\u043b #\u0441\u0431\u0438\u0442 #\u0411\u043e\u0438\u043d\u0433 #MH17. #\u0421\u043f\u0435\u0446\u043e\u043f\u0435\u0440\u0430\u0446\u0438\u044f \u043f\u043e \u0435\u0433\u043e \u0443\u043d\u0438\u0447\u0442\u043e\u0436\u0435\u043d\u0438\u044e -\u0431\u044b\u043b\u0438 \u043f\u0440\u0438\u043c\u0435\u043d\u0435\u043d\u044b #\u0412\u0412\u0421 #\u0423\u043a\u0440\u0430\u0438\u043d\u044b https://t.co/VcJ6720rux\u2026",
    "truncated": false,
    "entities": {
        "hashtags": [
            {
                "text": "\u0434\u0435\u043d\u044c",
                "indices": [
                    14,
                    19
                ]
            },
            {
                "text": "\u043a\u043e\u0433\u0434\u0430",
                "indices": [
                    21,
                    27
                ]
            },
            {
                "text": "\u0431\u044b\u043b",
                "indices": [
                    28,
                    32
                ]
            },
            {
                "text": "\u0441\u0431\u0438\u0442",
                "indices": [
                    33,
                    38
                ]
            },
            {
                "text": "\u0411\u043e\u0438\u043d\u0433",
                "indices": [
                    39,
                    45
                ]
            },
            {
                "text": "MH17",
                "indices": [
                    46,
                    51
                ]
            },
            {
                "text": "\u0421\u043f\u0435\u0446\u043e\u043f\u0435\u0440\u0430\u0446\u0438\u044f",
                "indices": [
                    53,
                    66
                ]
            },
            {
                "text": "\u0412\u0412\u0421",
                "indices": [
                    102,
                    106
                ]
            },
            {
                "text": "\u0423\u043a\u0440\u0430\u0438\u043d\u044b",
                "indices": [
                    107,
                    115
                ]
            }
        ],
        "symbols": [],
        "user_mentions": [
            {
                "screen_name": "RussSL",
                "name": "YuriSL",
                "id": 94578764,
                "id_str": "94578764",
                "indices": [
                    3,
                    10
                ]
            }
        ],
        "urls": [
            {
                "url": "https://t.co/VcJ6720rux",
                "expanded_url": "http://bit.ly/2fPwjA5",
                "display_url": "bit.ly/2fPwjA5",
                "indices": [
                    116,
                    139
                ]
            }
        ]
    },
    "source": "<a href=\"http://twitter.com/download/android\" rel=\"nofollow\">Twitter for Android</a>",
    "in_reply_to_status_id": null,
    "in_reply_to_status_id_str": null,
    "in_reply_to_user_id": null,
    "in_reply_to_user_id_str": null,
    "in_reply_to_screen_name": null,
    "user": {
        "id": 456686553,
        "id_str": "456686553",
        "name": "\u0410\u043d\u0434\u0440\u0435\u0439 \u0421\u041c\u0418\u0420\u041d\u041e\u0412",
        "screen_name": "asko_info",
        "location": "\u0421\u0432\u0463\u0442\u0430\u0467 \u048e\u0263\u00e7\u10ee - \u0412\u0435\u043b\u0438\u043a\u0430\u044f \u0422\u0430\u0440\u0442\u0430\u0440\u0438\u044f",
        "description": "\u0421 \u041d\u043e\u0432\u044b\u043c 7526 \u043b\u0463\u0442\u043e\u043c \u043e\u0442 \u0421.\u041c.\u0417.\u0425.!",
        "url": null,
        "entities": {
            "description": {
                "urls": []
            }
        },
        "protected": false,
        "followers_count": 8345,
        "friends_count": 8422,
        "listed_count": 106,
        "created_at": "Fri Jan 06 14:53:59 +0000 2012",
        "favourites_count": 20100,
        "utc_offset": 10800,
        "time_zone": "Moscow",
        "geo_enabled": false,
        "verified": false,
        "statuses_count": 104517,
        "lang": "ru",
        "contributors_enabled": false,
        "is_translator": false,
        "is_translation_enabled": false,
        "profile_background_color": "EDECE9",
        "profile_background_image_url": "http://pbs.twimg.com/profile_background_images/463930510910042112/8CM93bXt.jpeg",
        "profile_background_image_url_https": "https://pbs.twimg.com/profile_background_images/463930510910042112/8CM93bXt.jpeg",
        "profile_background_tile": false,
        "profile_image_url": "http://pbs.twimg.com/profile_images/803868764471259137/0DFxGC7C_normal.jpg",
        "profile_image_url_https": "https://pbs.twimg.com/profile_images/803868764471259137/0DFxGC7C_normal.jpg",
        "profile_banner_url": "https://pbs.twimg.com/profile_banners/456686553/1479916724",
        "profile_link_color": "FA743E",
        "profile_sidebar_border_color": "FFFFFF",
        "profile_sidebar_fill_color": "DDEEF6",
        "profile_text_color": "333333",
        "profile_use_background_image": true,
        "has_extended_profile": false,
        "default_profile": false,
        "default_profile_image": false,
        "following": false,
        "follow_request_sent": false,
        "notifications": false,
        "translator_type": "none"
    },
    "geo": null,
    "coordinates": null,
    "place": null,
    "contributors": null,
    "retweeted_status": {
        "created_at": "Fri Oct 06 16:14:25 +0000 2017",
        "id": 916335848186155009,
        "id_str": "916335848186155009",
        "text": "\u0412 #\u0434\u0435\u043d\u044c, #\u043a\u043e\u0433\u0434\u0430 #\u0431\u044b\u043b #\u0441\u0431\u0438\u0442 #\u0411\u043e\u0438\u043d\u0433 #MH17. #\u0421\u043f\u0435\u0446\u043e\u043f\u0435\u0440\u0430\u0446\u0438\u044f \u043f\u043e \u0435\u0433\u043e \u0443\u043d\u0438\u0447\u0442\u043e\u0436\u0435\u043d\u0438\u044e -\u0431\u044b\u043b\u0438 \u043f\u0440\u0438\u043c\u0435\u043d\u0435\u043d\u044b #\u0412\u0412\u0421 #\u0423\u043a\u0440\u0430\u0438\u043d\u044b\u2026 https://t.co/SWnQ74fj32",
        "truncated": true,
        "entities": {
            "hashtags": [
                {
                    "text": "\u0434\u0435\u043d\u044c",
                    "indices": [
                        2,
                        7
                    ]
                },
                {
                    "text": "\u043a\u043e\u0433\u0434\u0430",
                    "indices": [
                        9,
                        15
                    ]
                },
                {
                    "text": "\u0431\u044b\u043b",
                    "indices": [
                        16,
                        20
                    ]
                },
                {
                    "text": "\u0441\u0431\u0438\u0442",
                    "indices": [
                        21,
                        26
                    ]
                },
                {
                    "text": "\u0411\u043e\u0438\u043d\u0433",
                    "indices": [
                        27,
                        33
                    ]
                },
                {
                    "text": "MH17",
                    "indices": [
                        34,
                        39
                    ]
                },
                {
                    "text": "\u0421\u043f\u0435\u0446\u043e\u043f\u0435\u0440\u0430\u0446\u0438\u044f",
                    "indices": [
                        41,
                        54
                    ]
                },
                {
                    "text": "\u0412\u0412\u0421",
                    "indices": [
                        90,
                        94
                    ]
                },
                {
                    "text": "\u0423\u043a\u0440\u0430\u0438\u043d\u044b",
                    "indices": [
                        95,
                        103
                    ]
                }
            ],
            "symbols": [],
            "user_mentions": [],
            "urls": [
                {
                    "url": "https://t.co/SWnQ74fj32",
                    "expanded_url": "https://twitter.com/i/web/status/916335848186155009",
                    "display_url": "twitter.com/i/web/status/9\u2026",
                    "indices": [
                        105,
                        128
                    ]
                }
            ]
        },
        "source": "<a href=\"http://bufferapp.com\" rel=\"nofollow\">Buffer</a>",
        "in_reply_to_status_id": null,
        "in_reply_to_status_id_str": null,
        "in_reply_to_user_id": null,
        "in_reply_to_user_id_str": null,
        "in_reply_to_screen_name": null,
        "user": {
            "id": 94578764,
            "id_str": "94578764",
            "name": "YuriSL",
            "screen_name": "RussSL",
            "location": "My main website today:",
            "description": "I'm a founder of the Association 'YSL and Partners' and a Regional representative of 'MasterKey Translations', Russia. I\u2019m 73 years old and live in Omsk, Russia",
            "url": "https://t.co/VKUpfYjaPC",
            "entities": {
                "url": {
                    "urls": [
                        {
                            "url": "https://t.co/VKUpfYjaPC",
                            "expanded_url": "http://yurisl.tiu.ru",
                            "display_url": "yurisl.tiu.ru",
                            "indices": [
                                0,
                                23
                            ]
                        }
                    ]
                },
                "description": {
                    "urls": []
                }
            },
            "protected": false,
            "followers_count": 2724,
            "friends_count": 2415,
            "listed_count": 1438,
            "created_at": "Fri Dec 04 15:25:55 +0000 2009",
            "favourites_count": 80568,
            "utc_offset": 25200,
            "time_zone": "Novosibirsk",
            "geo_enabled": true,
            "verified": false,
            "statuses_count": 149924,
            "lang": "en",
            "contributors_enabled": false,
            "is_translator": false,
            "is_translation_enabled": false,
            "profile_background_color": "BFD7E3",
            "profile_background_image_url": "http://pbs.twimg.com/profile_background_images/871913371/acd86a5fbae8dd9fd76ed1341cfc7670.png",
            "profile_background_image_url_https": "https://pbs.twimg.com/profile_background_images/871913371/acd86a5fbae8dd9fd76ed1341cfc7670.png",
            "profile_background_tile": false,
            "profile_image_url": "http://pbs.twimg.com/profile_images/861593599020064768/nMe6NuG-_normal.jpg",
            "profile_image_url_https": "https://pbs.twimg.com/profile_images/861593599020064768/nMe6NuG-_normal.jpg",
            "profile_banner_url": "https://pbs.twimg.com/profile_banners/94578764/1494254946",
            "profile_link_color": "216178",
            "profile_sidebar_border_color": "FFFFFF",
            "profile_sidebar_fill_color": "DDEEF6",
            "profile_text_color": "333333",
            "profile_use_background_image": true,
            "has_extended_profile": true,
            "default_profile": false,
            "default_profile_image": false,
            "following": false,
            "follow_request_sent": false,
            "notifications": false,
            "translator_type": "none"
        },
        "geo": null,
        "coordinates": null,
        "place": null,
        "contributors": null,
        "is_quote_status": false,
        "retweet_count": 4,
        "favorite_count": 3,
        "favorited": false,
        "retweeted": false,
        "possibly_sensitive": false,
        "possibly_sensitive_appealable": false,
        "lang": "ru"
    },
    "is_quote_status": false,
    "retweet_count": 4,
    "favorite_count": 0,
    "favorited": false,
    "retweeted": false,
    "possibly_sensitive": false,
    "possibly_sensitive_appealable": false,
    "lang": "ru"
}