{
    "created_at": "Fri Nov 10 21:11:02 +0000 2017",
    "id": 929094070361829376,
    "id_str": "929094070361829376",
    "text": "RT @marina_saniram: $5 billion of American taxpayers' money has been spent supporting Nazis coup and genocide the people of #Donbass. https\u2026",
    "truncated": false,
    "entities": {
        "hashtags": [
            {
                "text": "Donbass",
                "indices": [
                    124,
                    132
                ]
            }
        ],
        "symbols": [],
        "user_mentions": [],
        "urls": []
    },
    "source": "<a href=\"http://twitter.com/download/iphone\" rel=\"nofollow\">Twitter for iPhone</a>",
    "in_reply_to_status_id": null,
    "in_reply_to_status_id_str": null,
    "in_reply_to_user_id": null,
    "in_reply_to_user_id_str": null,
    "in_reply_to_screen_name": null,
    "user": {
        "id": 71286606,
        "id_str": "71286606",
        "name": "Yuriy A.",
        "screen_name": "Alibabaevich",
        "location": "New York",
        "description": "If you're going through hell, keep going. \u00a9Winston Churchill",
        "url": "https://t.co/7Py8q0NZk3",
        "entities": {
            "url": {
                "urls": [
                    {
                        "url": "https://t.co/7Py8q0NZk3",
                        "expanded_url": "http://www.hgtv.com",
                        "display_url": "hgtv.com",
                        "indices": [
                            0,
                            23
                        ]
                    }
                ]
            },
            "description": {
                "urls": []
            }
        },
        "protected": false,
        "followers_count": 748,
        "friends_count": 880,
        "listed_count": 8,
        "created_at": "Thu Sep 03 15:54:30 +0000 2009",
        "favourites_count": 966,
        "utc_offset": -18000,
        "time_zone": "Eastern Time (US & Canada)",
        "geo_enabled": true,
        "verified": false,
        "statuses_count": 12607,
        "lang": "en",
        "contributors_enabled": false,
        "is_translator": false,
        "is_translation_enabled": false,
        "profile_background_color": "C0DEED",
        "profile_background_image_url": "http://pbs.twimg.com/profile_background_images/390761154/MyWallStr.jpg",
        "profile_background_image_url_https": "https://pbs.twimg.com/profile_background_images/390761154/MyWallStr.jpg",
        "profile_background_tile": false,
        "profile_image_url": "http://pbs.twimg.com/profile_images/482651141184831488/sukZEQgA_normal.png",
        "profile_image_url_https": "https://pbs.twimg.com/profile_images/482651141184831488/sukZEQgA_normal.png",
        "profile_banner_url": "https://pbs.twimg.com/profile_banners/71286606/1399337235",
        "profile_link_color": "096282",
        "profile_sidebar_border_color": "C0DEED",
        "profile_sidebar_fill_color": "DDEEF6",
        "profile_text_color": "333333",
        "profile_use_background_image": true,
        "has_extended_profile": false,
        "default_profile": false,
        "default_profile_image": false,
        "following": false,
        "follow_request_sent": false,
        "notifications": false,
        "translator_type": "none"
    },
    "geo": null,
    "coordinates": null,
    "place": null,
    "contributors": null,
    "retweeted_status": {
        "created_at": "Mon Nov 06 10:35:31 +0000 2017",
        "id": 927484586166276096,
        "id_str": "927484586166276096",
        "text": "$5 billion of American taxpayers' money has been spent supporting Nazis coup and genocide the people of #Donbass. https://t.co/64wd0H2AWE",
        "truncated": false,
        "entities": {
            "hashtags": [
                {
                    "text": "Donbass",
                    "indices": [
                        104,
                        112
                    ]
                }
            ],
            "symbols": [],
            "user_mentions": [],
            "urls": [],
            "media": [
                {
                    "id": 927484509188247553,
                    "id_str": "927484509188247553",
                    "indices": [
                        114,
                        137
                    ],
                    "media_url": "http://pbs.twimg.com/media/DN8WP0DX0AEN96z.jpg",
                    "media_url_https": "https://pbs.twimg.com/media/DN8WP0DX0AEN96z.jpg",
                    "url": "https://t.co/64wd0H2AWE",
                    "display_url": "pic.twitter.com/64wd0H2AWE",
                    "expanded_url": "https://twitter.com/marina_saniram/status/927484586166276096/photo/1",
                    "type": "photo",
                    "sizes": {
                        "thumb": {
                            "w": 150,
                            "h": 150,
                            "resize": "crop"
                        },
                        "small": {
                            "w": 680,
                            "h": 618,
                            "resize": "fit"
                        },
                        "medium": {
                            "w": 769,
                            "h": 699,
                            "resize": "fit"
                        },
                        "large": {
                            "w": 769,
                            "h": 699,
                            "resize": "fit"
                        }
                    }
                }
            ]
        },
        "extended_entities": {
            "media": [
                {
                    "id": 927484509188247553,
                    "id_str": "927484509188247553",
                    "indices": [
                        114,
                        137
                    ],
                    "media_url": "http://pbs.twimg.com/media/DN8WP0DX0AEN96z.jpg",
                    "media_url_https": "https://pbs.twimg.com/media/DN8WP0DX0AEN96z.jpg",
                    "url": "https://t.co/64wd0H2AWE",
                    "display_url": "pic.twitter.com/64wd0H2AWE",
                    "expanded_url": "https://twitter.com/marina_saniram/status/927484586166276096/photo/1",
                    "type": "photo",
                    "sizes": {
                        "thumb": {
                            "w": 150,
                            "h": 150,
                            "resize": "crop"
                        },
                        "small": {
                            "w": 680,
                            "h": 618,
                            "resize": "fit"
                        },
                        "medium": {
                            "w": 769,
                            "h": 699,
                            "resize": "fit"
                        },
                        "large": {
                            "w": 769,
                            "h": 699,
                            "resize": "fit"
                        }
                    }
                }
            ]
        },
        "source": "<a href=\"http://twitter.com\" rel=\"nofollow\">Twitter Web Client</a>",
        "in_reply_to_status_id": null,
        "in_reply_to_status_id_str": null,
        "in_reply_to_user_id": null,
        "in_reply_to_user_id_str": null,
        "in_reply_to_screen_name": null,
        "user": {
            "id": 502166388,
            "id_str": "502166388",
            "name": "\u041c\u0430\u0440\u0438\u043d\u0430 \u0421\u0430\u0430\u043a\u044f\u043d \ud83c\uddf7\ud83c\uddfa",
            "screen_name": "marinochka_san",
            "location": "\u0410\u0433\u0435\u043d\u0442 \u041a\u0440\u0435\u043c\u043b\u044f,Province of Moscow, Russia",
            "description": "Russian never surrender!\n\u041e\u043d \u043e\u0442\u0434\u0430\u043b \u0432\u0441\u0451 \u0441\u0432\u043e\u0451 \u0412\u0420\u0415\u041c\u042f \u0440\u0430\u0432\u043d\u043e \u0436\u0438\u0437\u043d\u044c, \u0432\u043e \u0438\u043c\u044f \u0441\u043f\u0430\u0441\u0435\u043d\u0438\u044f \u0432\u0441\u0435\u0445,\u043f\u0440\u0438\u043d\u0451\u0441 \u0441\u0432\u043e\u044e \u0436\u0435\u0440\u0442\u0432\u0443 \u0438 \u0432\u044b\u0440\u0432\u0430\u043b \u0438\u0437 \u0431\u0435\u0437\u0434\u043d\u044b \u0446\u0435\u043b\u044b\u0435 \u043d\u0430\u0440\u043e\u0434\u044b.  \n\u041e\u043d \u0438\u0437\u043c\u0435\u043d\u0438\u043b \u043c\u0438\u0440 \u043d\u0430\u0432\u0441\u0435\u0433\u0434\u0430",
            "url": "https://t.co/cVXvv2Iepq",
            "entities": {
                "url": {
                    "urls": [
                        {
                            "url": "https://t.co/cVXvv2Iepq",
                            "expanded_url": "https://www.youtube.com/watch?v=DRzJgHFySao",
                            "display_url": "youtube.com/watch?v=DRzJgH\u2026",
                            "indices": [
                                0,
                                23
                            ]
                        }
                    ]
                },
                "description": {
                    "urls": []
                }
            },
            "protected": false,
            "followers_count": 9954,
            "friends_count": 562,
            "listed_count": 175,
            "created_at": "Fri Feb 24 21:48:09 +0000 2012",
            "favourites_count": 34107,
            "utc_offset": 10800,
            "time_zone": "Volgograd",
            "geo_enabled": false,
            "verified": false,
            "statuses_count": 181692,
            "lang": "ru",
            "contributors_enabled": false,
            "is_translator": false,
            "is_translation_enabled": false,
            "profile_background_color": "0099B9",
            "profile_background_image_url": "http://abs.twimg.com/images/themes/theme4/bg.gif",
            "profile_background_image_url_https": "https://abs.twimg.com/images/themes/theme4/bg.gif",
            "profile_background_tile": false,
            "profile_image_url": "http://pbs.twimg.com/profile_images/916439945174224896/Z2ftrLUr_normal.jpg",
            "profile_image_url_https": "https://pbs.twimg.com/profile_images/916439945174224896/Z2ftrLUr_normal.jpg",
            "profile_banner_url": "https://pbs.twimg.com/profile_banners/502166388/1512043388",
            "profile_link_color": "0099B9",
            "profile_sidebar_border_color": "5ED4DC",
            "profile_sidebar_fill_color": "95E8EC",
            "profile_text_color": "3C3940",
            "profile_use_background_image": true,
            "has_extended_profile": true,
            "default_profile": false,
            "default_profile_image": false,
            "following": false,
            "follow_request_sent": false,
            "notifications": false,
            "translator_type": "none"
        },
        "geo": null,
        "coordinates": null,
        "place": null,
        "contributors": null,
        "is_quote_status": false,
        "retweet_count": 40,
        "favorite_count": 4,
        "favorited": false,
        "retweeted": false,
        "possibly_sensitive": false,
        "possibly_sensitive_appealable": false,
        "lang": "en"
    },
    "is_quote_status": false,
    "retweet_count": 40,
    "favorite_count": 0,
    "favorited": false,
    "retweeted": false,
    "lang": "en"
}