{
    "created_at": "Sat Nov 04 20:49:32 +0000 2017",
    "id": 926914330318245890,
    "id_str": "926914330318245890",
    "text": "\u0421\u043f\u0435\u0446\u0438\u0430\u043b\u044c\u043d\u043e \u0434\u043b\u044f \u043c\u0430\u0439\u0434\u0430\u0443\u043d\u043e\u0432: \n#\u0443\u043a\u0440\u0430\u0438\u043d\u0430 #\u043c\u0430\u0439\u0434\u0430\u043d #\u043f\u0435\u0440\u0435\u043c\u043e\u0433\u0430 https://t.co/wFdy25UkDr",
    "truncated": false,
    "entities": {
        "hashtags": [
            {
                "text": "\u0443\u043a\u0440\u0430\u0438\u043d\u0430",
                "indices": [
                    27,
                    35
                ]
            },
            {
                "text": "\u043c\u0430\u0439\u0434\u0430\u043d",
                "indices": [
                    36,
                    43
                ]
            },
            {
                "text": "\u043f\u0435\u0440\u0435\u043c\u043e\u0433\u0430",
                "indices": [
                    44,
                    53
                ]
            }
        ],
        "symbols": [],
        "user_mentions": [],
        "urls": [],
        "media": [
            {
                "id": 926914307316682753,
                "id_str": "926914307316682753",
                "indices": [
                    54,
                    77
                ],
                "media_url": "http://pbs.twimg.com/media/DN0PpsjWkAETrDs.jpg",
                "media_url_https": "https://pbs.twimg.com/media/DN0PpsjWkAETrDs.jpg",
                "url": "https://t.co/wFdy25UkDr",
                "display_url": "pic.twitter.com/wFdy25UkDr",
                "expanded_url": "https://twitter.com/liberDno/status/926914330318245890/photo/1",
                "type": "photo",
                "sizes": {
                    "thumb": {
                        "w": 150,
                        "h": 150,
                        "resize": "crop"
                    },
                    "large": {
                        "w": 900,
                        "h": 634,
                        "resize": "fit"
                    },
                    "medium": {
                        "w": 900,
                        "h": 634,
                        "resize": "fit"
                    },
                    "small": {
                        "w": 680,
                        "h": 479,
                        "resize": "fit"
                    }
                }
            }
        ]
    },
    "extended_entities": {
        "media": [
            {
                "id": 926914307316682753,
                "id_str": "926914307316682753",
                "indices": [
                    54,
                    77
                ],
                "media_url": "http://pbs.twimg.com/media/DN0PpsjWkAETrDs.jpg",
                "media_url_https": "https://pbs.twimg.com/media/DN0PpsjWkAETrDs.jpg",
                "url": "https://t.co/wFdy25UkDr",
                "display_url": "pic.twitter.com/wFdy25UkDr",
                "expanded_url": "https://twitter.com/liberDno/status/926914330318245890/photo/1",
                "type": "photo",
                "sizes": {
                    "thumb": {
                        "w": 150,
                        "h": 150,
                        "resize": "crop"
                    },
                    "large": {
                        "w": 900,
                        "h": 634,
                        "resize": "fit"
                    },
                    "medium": {
                        "w": 900,
                        "h": 634,
                        "resize": "fit"
                    },
                    "small": {
                        "w": 680,
                        "h": 479,
                        "resize": "fit"
                    }
                }
            }
        ]
    },
    "source": "<a href=\"http://twitter.com\" rel=\"nofollow\">Twitter Web Client</a>",
    "in_reply_to_status_id": null,
    "in_reply_to_status_id_str": null,
    "in_reply_to_user_id": null,
    "in_reply_to_user_id_str": null,
    "in_reply_to_screen_name": null,
    "user": {
        "id": 4927200333,
        "id_str": "4927200333",
        "name": "\u041b\u0438\u0431\u0435\u0440\u0430\u043b\u044c\u043d\u043e\u0435 \u0414\u043d\u0438\u0449\u0435",
        "screen_name": "liberDno",
        "location": "",
        "description": "\u0417\u043e\u043d\u0430 \u043e\u0442\u0447\u0443\u0436\u0434\u0435\u043d\u0438\u044f",
        "url": null,
        "entities": {
            "description": {
                "urls": []
            }
        },
        "protected": false,
        "followers_count": 8064,
        "friends_count": 670,
        "listed_count": 49,
        "created_at": "Thu Feb 18 09:58:42 +0000 2016",
        "favourites_count": 244,
        "utc_offset": -28800,
        "time_zone": "Pacific Time (US & Canada)",
        "geo_enabled": false,
        "verified": false,
        "statuses_count": 3967,
        "lang": "ru",
        "contributors_enabled": false,
        "is_translator": false,
        "is_translation_enabled": false,
        "profile_background_color": "F5F8FA",
        "profile_background_image_url": null,
        "profile_background_image_url_https": null,
        "profile_background_tile": false,
        "profile_image_url": "http://pbs.twimg.com/profile_images/700262665952829440/-zLzGAMV_normal.jpg",
        "profile_image_url_https": "https://pbs.twimg.com/profile_images/700262665952829440/-zLzGAMV_normal.jpg",
        "profile_banner_url": "https://pbs.twimg.com/profile_banners/4927200333/1455793278",
        "profile_link_color": "1DA1F2",
        "profile_sidebar_border_color": "C0DEED",
        "profile_sidebar_fill_color": "DDEEF6",
        "profile_text_color": "333333",
        "profile_use_background_image": true,
        "has_extended_profile": false,
        "default_profile": true,
        "default_profile_image": false,
        "following": false,
        "follow_request_sent": false,
        "notifications": false,
        "translator_type": "none"
    },
    "geo": null,
    "coordinates": null,
    "place": null,
    "contributors": null,
    "is_quote_status": false,
    "retweet_count": 60,
    "favorite_count": 49,
    "favorited": false,
    "retweeted": false,
    "possibly_sensitive": false,
    "possibly_sensitive_appealable": false,
    "lang": "ru"
}