{
    "created_at": "Mon Nov 06 06:44:14 +0000 2017",
    "id": 927426378911371264,
    "id_str": "927426378911371264",
    "text": "#MH17 #DAY1209: #Trump doess\u00b4t believe in fairy tales by #SBU and #CIA about #BUK #312 transported in daylight from\u2026 https://t.co/dYgO7wTQJL",
    "truncated": true,
    "entities": {
        "hashtags": [
            {
                "text": "MH17",
                "indices": [
                    0,
                    5
                ]
            },
            {
                "text": "DAY1209",
                "indices": [
                    6,
                    14
                ]
            },
            {
                "text": "Trump",
                "indices": [
                    16,
                    22
                ]
            },
            {
                "text": "SBU",
                "indices": [
                    57,
                    61
                ]
            },
            {
                "text": "CIA",
                "indices": [
                    66,
                    70
                ]
            },
            {
                "text": "BUK",
                "indices": [
                    77,
                    81
                ]
            }
        ],
        "symbols": [],
        "user_mentions": [],
        "urls": [
            {
                "url": "https://t.co/dYgO7wTQJL",
                "expanded_url": "https://twitter.com/i/web/status/927426378911371264",
                "display_url": "twitter.com/i/web/status/9\u2026",
                "indices": [
                    117,
                    140
                ]
            }
        ]
    },
    "source": "<a href=\"https://mobile.twitter.com\" rel=\"nofollow\">Twitter Lite</a>",
    "in_reply_to_status_id": null,
    "in_reply_to_status_id_str": null,
    "in_reply_to_user_id": null,
    "in_reply_to_user_id_str": null,
    "in_reply_to_screen_name": null,
    "user": {
        "id": 1978165356,
        "id_str": "1978165356",
        "name": "St\u0159edn\u00ed t\u0159\u00edda v \u010cR \ud83c\udde8\ud83c\uddff",
        "screen_name": "Stredni_trida",
        "location": "",
        "description": "Prostor vyj\u00e1d\u0159en\u00ed p\u0159\u00edslu\u0161n\u00edk\u016f st\u0159edn\u00ed vrstvy ke v\u0161emu, co je aktu\u00e1ln\u00ed, d\u0159\u00edve jen ve 140 znac\u00edch. Nen\u00ed \u010das, zn.: Dan\u011b, #EET, hl\u00e1\u0161en\u00ed ... \ud83d\ude0e",
        "url": "https://t.co/7OipNZo9Li",
        "entities": {
            "url": {
                "urls": [
                    {
                        "url": "https://t.co/7OipNZo9Li",
                        "expanded_url": "http://www.facebook.com/pages/St%C5%99edn%C3%AD-T%C5%99%C3%ADda/1376364969272459",
                        "display_url": "facebook.com/pages/St%C5%99\u2026",
                        "indices": [
                            0,
                            23
                        ]
                    }
                ]
            },
            "description": {
                "urls": []
            }
        },
        "protected": false,
        "followers_count": 1992,
        "friends_count": 2019,
        "listed_count": 369,
        "created_at": "Mon Oct 21 10:10:15 +0000 2013",
        "favourites_count": 40647,
        "utc_offset": null,
        "time_zone": null,
        "geo_enabled": true,
        "verified": false,
        "statuses_count": 199269,
        "lang": "cs",
        "contributors_enabled": false,
        "is_translator": false,
        "is_translation_enabled": false,
        "profile_background_color": "ACDED6",
        "profile_background_image_url": "http://abs.twimg.com/images/themes/theme18/bg.gif",
        "profile_background_image_url_https": "https://abs.twimg.com/images/themes/theme18/bg.gif",
        "profile_background_tile": false,
        "profile_image_url": "http://pbs.twimg.com/profile_images/378800000627882949/30e1192681f27f1fea85d093777ec7d4_normal.jpeg",
        "profile_image_url_https": "https://pbs.twimg.com/profile_images/378800000627882949/30e1192681f27f1fea85d093777ec7d4_normal.jpeg",
        "profile_banner_url": "https://pbs.twimg.com/profile_banners/1978165356/1382351808",
        "profile_link_color": "3636CF",
        "profile_sidebar_border_color": "FFFFFF",
        "profile_sidebar_fill_color": "F6F6F6",
        "profile_text_color": "333333",
        "profile_use_background_image": true,
        "has_extended_profile": false,
        "default_profile": false,
        "default_profile_image": false,
        "following": false,
        "follow_request_sent": false,
        "notifications": false,
        "translator_type": "regular"
    },
    "geo": null,
    "coordinates": null,
    "place": null,
    "contributors": null,
    "is_quote_status": true,
    "quoted_status_id": 926241224851324929,
    "quoted_status_id_str": "926241224851324929",
    "quoted_status": {
        "created_at": "Fri Nov 03 00:14:51 +0000 2017",
        "id": 926241224851324929,
        "id_str": "926241224851324929",
        "text": "@SethAbramson Trump knew enough foreign policy in October 2015 to say Russia didn't shoot down #MH17 \"no one really\u2026 https://t.co/Ny7iLU65sF",
        "truncated": true,
        "entities": {
            "hashtags": [
                {
                    "text": "MH17",
                    "indices": [
                        95,
                        100
                    ]
                }
            ],
            "symbols": [],
            "user_mentions": [
                {
                    "screen_name": "SethAbramson",
                    "name": "Seth Abramson",
                    "id": 3223426134,
                    "id_str": "3223426134",
                    "indices": [
                        0,
                        13
                    ]
                }
            ],
            "urls": [
                {
                    "url": "https://t.co/Ny7iLU65sF",
                    "expanded_url": "https://twitter.com/i/web/status/926241224851324929",
                    "display_url": "twitter.com/i/web/status/9\u2026",
                    "indices": [
                        117,
                        140
                    ]
                }
            ]
        },
        "source": "<a href=\"http://twitter.com/download/android\" rel=\"nofollow\">Twitter for Android</a>",
        "in_reply_to_status_id": 926236145280745472,
        "in_reply_to_status_id_str": "926236145280745472",
        "in_reply_to_user_id": 3223426134,
        "in_reply_to_user_id_str": "3223426134",
        "in_reply_to_screen_name": "SethAbramson",
        "user": {
            "id": 33920036,
            "id_str": "33920036",
            "name": "TheSeaFarmer\ud83c\udf7a\ud83d\udc6d\ud83c\udfa5",
            "screen_name": "TheSeaFarmer",
            "location": "The Ocean",
            "description": "I AM THE SEA FARMER   #CheckOutSexTapeAndPast #TrumpTalksRussia #PrettySmartCookie I am reading documents. A lot.",
            "url": null,
            "entities": {
                "description": {
                    "urls": []
                }
            },
            "protected": false,
            "followers_count": 830,
            "friends_count": 1035,
            "listed_count": 13,
            "created_at": "Tue Apr 21 14:31:31 +0000 2009",
            "favourites_count": 86754,
            "utc_offset": -12600,
            "time_zone": "Newfoundland",
            "geo_enabled": false,
            "verified": false,
            "statuses_count": 19342,
            "lang": "en",
            "contributors_enabled": false,
            "is_translator": false,
            "is_translation_enabled": false,
            "profile_background_color": "9AE4E8",
            "profile_background_image_url": "http://pbs.twimg.com/profile_background_images/17614944/ship1.jpg",
            "profile_background_image_url_https": "https://pbs.twimg.com/profile_background_images/17614944/ship1.jpg",
            "profile_background_tile": false,
            "profile_image_url": "http://pbs.twimg.com/profile_images/954502029346516992/yWHMozPb_normal.jpg",
            "profile_image_url_https": "https://pbs.twimg.com/profile_images/954502029346516992/yWHMozPb_normal.jpg",
            "profile_banner_url": "https://pbs.twimg.com/profile_banners/33920036/1502680190",
            "profile_link_color": "FF691F",
            "profile_sidebar_border_color": "BDDCAD",
            "profile_sidebar_fill_color": "DDFFCC",
            "profile_text_color": "333333",
            "profile_use_background_image": true,
            "has_extended_profile": false,
            "default_profile": false,
            "default_profile_image": false,
            "following": false,
            "follow_request_sent": false,
            "notifications": false,
            "translator_type": "none"
        },
        "geo": null,
        "coordinates": null,
        "place": null,
        "contributors": null,
        "is_quote_status": false,
        "retweet_count": 2,
        "favorite_count": 1,
        "favorited": false,
        "retweeted": false,
        "possibly_sensitive": false,
        "possibly_sensitive_appealable": false,
        "lang": "en"
    },
    "retweet_count": 0,
    "favorite_count": 0,
    "favorited": false,
    "retweeted": false,
    "possibly_sensitive": false,
    "possibly_sensitive_appealable": false,
    "lang": "en"
}