{
    "created_at": "Wed Nov 08 09:21:45 +0000 2017",
    "id": 928190798570680320,
    "id_str": "928190798570680320",
    "text": "The only MRLS firing positions within 10km from the #MH17 crash site lie close to the site itself. #Russia had plen\u2026 https://t.co/sM6JVgnnMk",
    "truncated": true,
    "entities": {
        "hashtags": [
            {
                "text": "MH17",
                "indices": [
                    52,
                    57
                ]
            },
            {
                "text": "Russia",
                "indices": [
                    99,
                    106
                ]
            }
        ],
        "symbols": [],
        "user_mentions": [],
        "urls": [
            {
                "url": "https://t.co/sM6JVgnnMk",
                "expanded_url": "https://twitter.com/i/web/status/928190798570680320",
                "display_url": "twitter.com/i/web/status/9\u2026",
                "indices": [
                    117,
                    140
                ]
            }
        ]
    },
    "source": "<a href=\"http://twitter.com/download/android\" rel=\"nofollow\">Twitter for Android</a>",
    "in_reply_to_status_id": 927792774765793281,
    "in_reply_to_status_id_str": "927792774765793281",
    "in_reply_to_user_id": 2347485195,
    "in_reply_to_user_id_str": "2347485195",
    "in_reply_to_screen_name": "NOckelmann",
    "user": {
        "id": 2347485195,
        "id_str": "2347485195",
        "name": "Niels Ockelmann \ud83d\udc18",
        "screen_name": "NOckelmann",
        "location": "Roaming",
        "description": "Proud Ronkedor. Speaks only Danglish. Passionate fact-finder and liar-slayer.\nMainly MH17, Ukraine, Europe, Syria.\nNo fan of Russia (my creepy neighbour).",
        "url": null,
        "entities": {
            "description": {
                "urls": []
            }
        },
        "protected": false,
        "followers_count": 176,
        "friends_count": 139,
        "listed_count": 30,
        "created_at": "Sun Feb 16 20:34:10 +0000 2014",
        "favourites_count": 1225,
        "utc_offset": 3600,
        "time_zone": "Copenhagen",
        "geo_enabled": false,
        "verified": false,
        "statuses_count": 11571,
        "lang": "da",
        "contributors_enabled": false,
        "is_translator": false,
        "is_translation_enabled": false,
        "profile_background_color": "C0DEED",
        "profile_background_image_url": "http://abs.twimg.com/images/themes/theme1/bg.png",
        "profile_background_image_url_https": "https://abs.twimg.com/images/themes/theme1/bg.png",
        "profile_background_tile": false,
        "profile_image_url": "http://pbs.twimg.com/profile_images/968980311890710528/C0xF-eoq_normal.jpg",
        "profile_image_url_https": "https://pbs.twimg.com/profile_images/968980311890710528/C0xF-eoq_normal.jpg",
        "profile_banner_url": "https://pbs.twimg.com/profile_banners/2347485195/1519857884",
        "profile_link_color": "1DA1F2",
        "profile_sidebar_border_color": "C0DEED",
        "profile_sidebar_fill_color": "DDEEF6",
        "profile_text_color": "333333",
        "profile_use_background_image": true,
        "has_extended_profile": false,
        "default_profile": true,
        "default_profile_image": false,
        "following": false,
        "follow_request_sent": false,
        "notifications": false,
        "translator_type": "none"
    },
    "geo": null,
    "coordinates": null,
    "place": null,
    "contributors": null,
    "is_quote_status": true,
    "quoted_status_id": 909808675090501632,
    "quoted_status_id_str": "909808675090501632",
    "quoted_status": {
        "created_at": "Mon Sep 18 15:57:46 +0000 2017",
        "id": 909808675090501632,
        "id_str": "909808675090501632",
        "text": "Red circle is 10km from the crash area. 10 of 11 MLRS firing places here lie within crash area. Clearly trying to p\u2026 https://t.co/R6Q2QhUFQ5",
        "truncated": true,
        "entities": {
            "hashtags": [],
            "symbols": [],
            "user_mentions": [],
            "urls": [
                {
                    "url": "https://t.co/R6Q2QhUFQ5",
                    "expanded_url": "https://twitter.com/i/web/status/909808675090501632",
                    "display_url": "twitter.com/i/web/status/9\u2026",
                    "indices": [
                        117,
                        140
                    ]
                }
            ]
        },
        "source": "<a href=\"http://twitter.com\" rel=\"nofollow\">Twitter Web Client</a>",
        "in_reply_to_status_id": 909437064088817664,
        "in_reply_to_status_id_str": "909437064088817664",
        "in_reply_to_user_id": 2347485195,
        "in_reply_to_user_id_str": "2347485195",
        "in_reply_to_screen_name": "NOckelmann",
        "user": {
            "id": 2347485195,
            "id_str": "2347485195",
            "name": "Niels Ockelmann \ud83d\udc18",
            "screen_name": "NOckelmann",
            "location": "Roaming",
            "description": "Proud Ronkedor. Speaks only Danglish. Passionate fact-finder and liar-slayer.\nMainly MH17, Ukraine, Europe, Syria.\nNo fan of Russia (my creepy neighbour).",
            "url": null,
            "entities": {
                "description": {
                    "urls": []
                }
            },
            "protected": false,
            "followers_count": 176,
            "friends_count": 139,
            "listed_count": 30,
            "created_at": "Sun Feb 16 20:34:10 +0000 2014",
            "favourites_count": 1225,
            "utc_offset": 3600,
            "time_zone": "Copenhagen",
            "geo_enabled": false,
            "verified": false,
            "statuses_count": 11571,
            "lang": "da",
            "contributors_enabled": false,
            "is_translator": false,
            "is_translation_enabled": false,
            "profile_background_color": "C0DEED",
            "profile_background_image_url": "http://abs.twimg.com/images/themes/theme1/bg.png",
            "profile_background_image_url_https": "https://abs.twimg.com/images/themes/theme1/bg.png",
            "profile_background_tile": false,
            "profile_image_url": "http://pbs.twimg.com/profile_images/968980311890710528/C0xF-eoq_normal.jpg",
            "profile_image_url_https": "https://pbs.twimg.com/profile_images/968980311890710528/C0xF-eoq_normal.jpg",
            "profile_banner_url": "https://pbs.twimg.com/profile_banners/2347485195/1519857884",
            "profile_link_color": "1DA1F2",
            "profile_sidebar_border_color": "C0DEED",
            "profile_sidebar_fill_color": "DDEEF6",
            "profile_text_color": "333333",
            "profile_use_background_image": true,
            "has_extended_profile": false,
            "default_profile": true,
            "default_profile_image": false,
            "following": false,
            "follow_request_sent": false,
            "notifications": false,
            "translator_type": "none"
        },
        "geo": null,
        "coordinates": null,
        "place": null,
        "contributors": null,
        "is_quote_status": false,
        "retweet_count": 2,
        "favorite_count": 2,
        "favorited": false,
        "retweeted": false,
        "possibly_sensitive": false,
        "possibly_sensitive_appealable": false,
        "lang": "en"
    },
    "retweet_count": 3,
    "favorite_count": 5,
    "favorited": false,
    "retweeted": false,
    "possibly_sensitive": false,
    "possibly_sensitive_appealable": false,
    "lang": "en"
}