{
    "created_at": "Mon Nov 06 13:31:51 +0000 2017",
    "id": 927528960757465088,
    "id_str": "927528960757465088",
    "text": "RT @satversme: Ukraine shot down Boeing 777 MH17\n\u0423\u043a\u0440\u0430\u0438\u043d\u0430 17.07.14 \u0441\u0431\u0438\u043b\u0430 \u0411\u043e\u0438\u043d\u0433 777\n#UkrainekillerMH17 #USAkillerMH17 https://t.co/CT5K6j2Gfr",
    "truncated": false,
    "entities": {
        "hashtags": [
            {
                "text": "UkrainekillerMH17",
                "indices": [
                    82,
                    100
                ]
            },
            {
                "text": "USAkillerMH17",
                "indices": [
                    101,
                    115
                ]
            }
        ],
        "symbols": [],
        "user_mentions": [
            {
                "screen_name": "satversme",
                "name": "\u041d\u0435\u0437\u0430\u0432\u0438\u0441\u0438\u043c\u0430\u044f \u041b\u0430\u0442\u0432\u0438\u044f",
                "id": 140777819,
                "id_str": "140777819",
                "indices": [
                    3,
                    13
                ]
            }
        ],
        "urls": [
            {
                "url": "https://t.co/CT5K6j2Gfr",
                "expanded_url": "https://twitter.com/asko_info/status/698183301400494080",
                "display_url": "twitter.com/asko_info/stat\u2026",
                "indices": [
                    116,
                    139
                ]
            }
        ]
    },
    "source": "<a href=\"http://twitter.com/download/android\" rel=\"nofollow\">Twitter for Android</a>",
    "in_reply_to_status_id": null,
    "in_reply_to_status_id_str": null,
    "in_reply_to_user_id": null,
    "in_reply_to_user_id_str": null,
    "in_reply_to_screen_name": null,
    "user": {
        "id": 456686553,
        "id_str": "456686553",
        "name": "\u0410\u043d\u0434\u0440\u0435\u0439 \u0421\u041c\u0418\u0420\u041d\u041e\u0412",
        "screen_name": "asko_info",
        "location": "\u0421\u0432\u0463\u0442\u0430\u0467 \u048e\u0263\u00e7\u10ee - \u0412\u0435\u043b\u0438\u043a\u0430\u044f \u0422\u0430\u0440\u0442\u0430\u0440\u0438\u044f",
        "description": "\u0421 \u041d\u043e\u0432\u044b\u043c 7526 \u043b\u0463\u0442\u043e\u043c \u043e\u0442 \u0421.\u041c.\u0417.\u0425.!",
        "url": null,
        "entities": {
            "description": {
                "urls": []
            }
        },
        "protected": false,
        "followers_count": 8345,
        "friends_count": 8422,
        "listed_count": 106,
        "created_at": "Fri Jan 06 14:53:59 +0000 2012",
        "favourites_count": 20100,
        "utc_offset": 10800,
        "time_zone": "Moscow",
        "geo_enabled": false,
        "verified": false,
        "statuses_count": 104517,
        "lang": "ru",
        "contributors_enabled": false,
        "is_translator": false,
        "is_translation_enabled": false,
        "profile_background_color": "EDECE9",
        "profile_background_image_url": "http://pbs.twimg.com/profile_background_images/463930510910042112/8CM93bXt.jpeg",
        "profile_background_image_url_https": "https://pbs.twimg.com/profile_background_images/463930510910042112/8CM93bXt.jpeg",
        "profile_background_tile": false,
        "profile_image_url": "http://pbs.twimg.com/profile_images/803868764471259137/0DFxGC7C_normal.jpg",
        "profile_image_url_https": "https://pbs.twimg.com/profile_images/803868764471259137/0DFxGC7C_normal.jpg",
        "profile_banner_url": "https://pbs.twimg.com/profile_banners/456686553/1479916724",
        "profile_link_color": "FA743E",
        "profile_sidebar_border_color": "FFFFFF",
        "profile_sidebar_fill_color": "DDEEF6",
        "profile_text_color": "333333",
        "profile_use_background_image": true,
        "has_extended_profile": false,
        "default_profile": false,
        "default_profile_image": false,
        "following": false,
        "follow_request_sent": false,
        "notifications": false,
        "translator_type": "none"
    },
    "geo": null,
    "coordinates": null,
    "place": null,
    "contributors": null,
    "retweeted_status": {
        "created_at": "Mon Sep 26 12:53:11 +0000 2016",
        "id": 780389755305529344,
        "id_str": "780389755305529344",
        "text": "Ukraine shot down Boeing 777 MH17\n\u0423\u043a\u0440\u0430\u0438\u043d\u0430 17.07.14 \u0441\u0431\u0438\u043b\u0430 \u0411\u043e\u0438\u043d\u0433 777\n#UkrainekillerMH17 #USAkillerMH17 https://t.co/CT5K6j2Gfr",
        "truncated": false,
        "entities": {
            "hashtags": [
                {
                    "text": "UkrainekillerMH17",
                    "indices": [
                        67,
                        85
                    ]
                },
                {
                    "text": "USAkillerMH17",
                    "indices": [
                        86,
                        100
                    ]
                }
            ],
            "symbols": [],
            "user_mentions": [],
            "urls": [
                {
                    "url": "https://t.co/CT5K6j2Gfr",
                    "expanded_url": "https://twitter.com/asko_info/status/698183301400494080",
                    "display_url": "twitter.com/asko_info/stat\u2026",
                    "indices": [
                        101,
                        124
                    ]
                }
            ]
        },
        "source": "<a href=\"http://twitter.com\" rel=\"nofollow\">Twitter Web Client</a>",
        "in_reply_to_status_id": null,
        "in_reply_to_status_id_str": null,
        "in_reply_to_user_id": null,
        "in_reply_to_user_id_str": null,
        "in_reply_to_screen_name": null,
        "user": {
            "id": 140777819,
            "id_str": "140777819",
            "name": "\u041d\u0435\u0437\u0430\u0432\u0438\u0441\u0438\u043c\u0430\u044f \u041b\u0430\u0442\u0432\u0438\u044f",
            "screen_name": "satversme",
            "location": "http://ok.ru/nezavisimost",
            "description": "Par Neatkar\u012bgu Latviju\n\u0417\u0430 \u043d\u0435\u0437\u0430\u0432\u0438\u0441\u0438\u043c\u0443\u044e \u041b\u0430\u0442\u0432\u0438\u044e https://t.co/mvkfDNpbFL https://t.co/8xA12duH7U https://t.co/1X2kMVdpxa https://t.co/ttyDTlI0v4\nhttp://tvriga.",
            "url": "https://t.co/syT1m1vcSF",
            "entities": {
                "url": {
                    "urls": [
                        {
                            "url": "https://t.co/syT1m1vcSF",
                            "expanded_url": "https://www.facebook.com/Atmoda",
                            "display_url": "facebook.com/Atmoda",
                            "indices": [
                                0,
                                23
                            ]
                        }
                    ]
                },
                "description": {
                    "urls": [
                        {
                            "url": "https://t.co/mvkfDNpbFL",
                            "expanded_url": "http://vk.com/suverenitet2",
                            "display_url": "vk.com/suverenitet2",
                            "indices": [
                                45,
                                68
                            ]
                        },
                        {
                            "url": "https://t.co/8xA12duH7U",
                            "expanded_url": "http://ok.ru/nezavisemost",
                            "display_url": "ok.ru/nezavisemost",
                            "indices": [
                                69,
                                92
                            ]
                        },
                        {
                            "url": "https://t.co/1X2kMVdpxa",
                            "expanded_url": "https://www.youtube.com/channel/UC_sx4kEtJXbstMtYDk07u5Q",
                            "display_url": "youtube.com/channel/UC_sx4\u2026",
                            "indices": [
                                93,
                                116
                            ]
                        },
                        {
                            "url": "https://t.co/ttyDTlI0v4",
                            "expanded_url": "http://pik.lv/ru/online-player.html",
                            "display_url": "pik.lv/ru/online-play\u2026",
                            "indices": [
                                117,
                                140
                            ]
                        }
                    ]
                }
            },
            "protected": false,
            "followers_count": 2537,
            "friends_count": 2260,
            "listed_count": 79,
            "created_at": "Thu May 06 10:27:58 +0000 2010",
            "favourites_count": 9059,
            "utc_offset": -18000,
            "time_zone": "Quito",
            "geo_enabled": true,
            "verified": false,
            "statuses_count": 79183,
            "lang": "en",
            "contributors_enabled": false,
            "is_translator": false,
            "is_translation_enabled": false,
            "profile_background_color": "01070A",
            "profile_background_image_url": "http://pbs.twimg.com/profile_background_images/824467364/0422539dd1b9ecb7a7bc2ffb4a059bd6.png",
            "profile_background_image_url_https": "https://pbs.twimg.com/profile_background_images/824467364/0422539dd1b9ecb7a7bc2ffb4a059bd6.png",
            "profile_background_tile": true,
            "profile_image_url": "http://pbs.twimg.com/profile_images/854969847905734656/fciKnSfZ_normal.jpg",
            "profile_image_url_https": "https://pbs.twimg.com/profile_images/854969847905734656/fciKnSfZ_normal.jpg",
            "profile_banner_url": "https://pbs.twimg.com/profile_banners/140777819/1482576515",
            "profile_link_color": "030A0D",
            "profile_sidebar_border_color": "000000",
            "profile_sidebar_fill_color": "EFEFEF",
            "profile_text_color": "333333",
            "profile_use_background_image": true,
            "has_extended_profile": true,
            "default_profile": false,
            "default_profile_image": false,
            "following": false,
            "follow_request_sent": false,
            "notifications": false,
            "translator_type": "none"
        },
        "geo": null,
        "coordinates": null,
        "place": null,
        "contributors": null,
        "is_quote_status": true,
        "quoted_status_id": 698183301400494080,
        "quoted_status_id_str": "698183301400494080",
        "quoted_status": {
            "created_at": "Fri Feb 12 16:34:05 +0000 2016",
            "id": 698183301400494080,
            "id_str": "698183301400494080",
            "text": "Ukraine shot down Boeing 777 MH17\n\u0423\u043a\u0440\u0430\u0438\u043d\u0430 17.07.14 \u0441\u0431\u0438\u043b\u0430 \u0411\u043e\u0438\u043d\u0433 777\n#UkrainekillerMH17 #USAkillerMH17 https://t.co/pQ3WRkOOid",
            "truncated": false,
            "entities": {
                "hashtags": [
                    {
                        "text": "UkrainekillerMH17",
                        "indices": [
                            67,
                            85
                        ]
                    },
                    {
                        "text": "USAkillerMH17",
                        "indices": [
                            86,
                            100
                        ]
                    }
                ],
                "symbols": [],
                "user_mentions": [],
                "urls": [],
                "media": [
                    {
                        "id": 650986691944153088,
                        "id_str": "650986691944153088",
                        "indices": [
                            101,
                            124
                        ],
                        "media_url": "http://pbs.twimg.com/media/CQjE8n7WgAAT_6Q.jpg",
                        "media_url_https": "https://pbs.twimg.com/media/CQjE8n7WgAAT_6Q.jpg",
                        "url": "https://t.co/pQ3WRkOOid",
                        "display_url": "pic.twitter.com/pQ3WRkOOid",
                        "expanded_url": "https://twitter.com/asko_info/status/650986694716559360/photo/1",
                        "type": "photo",
                        "sizes": {
                            "thumb": {
                                "w": 150,
                                "h": 150,
                                "resize": "crop"
                            },
                            "small": {
                                "w": 588,
                                "h": 441,
                                "resize": "fit"
                            },
                            "large": {
                                "w": 588,
                                "h": 441,
                                "resize": "fit"
                            },
                            "medium": {
                                "w": 588,
                                "h": 441,
                                "resize": "fit"
                            }
                        },
                        "source_status_id": 650986694716559360,
                        "source_status_id_str": "650986694716559360",
                        "source_user_id": 456686553,
                        "source_user_id_str": "456686553"
                    }
                ]
            },
            "extended_entities": {
                "media": [
                    {
                        "id": 650986691944153088,
                        "id_str": "650986691944153088",
                        "indices": [
                            101,
                            124
                        ],
                        "media_url": "http://pbs.twimg.com/media/CQjE8n7WgAAT_6Q.jpg",
                        "media_url_https": "https://pbs.twimg.com/media/CQjE8n7WgAAT_6Q.jpg",
                        "url": "https://t.co/pQ3WRkOOid",
                        "display_url": "pic.twitter.com/pQ3WRkOOid",
                        "expanded_url": "https://twitter.com/asko_info/status/650986694716559360/photo/1",
                        "type": "photo",
                        "sizes": {
                            "thumb": {
                                "w": 150,
                                "h": 150,
                                "resize": "crop"
                            },
                            "small": {
                                "w": 588,
                                "h": 441,
                                "resize": "fit"
                            },
                            "large": {
                                "w": 588,
                                "h": 441,
                                "resize": "fit"
                            },
                            "medium": {
                                "w": 588,
                                "h": 441,
                                "resize": "fit"
                            }
                        },
                        "source_status_id": 650986694716559360,
                        "source_status_id_str": "650986694716559360",
                        "source_user_id": 456686553,
                        "source_user_id_str": "456686553"
                    }
                ]
            },
            "source": "<a href=\"http://twitter.com/download/android\" rel=\"nofollow\">Twitter for Android</a>",
            "in_reply_to_status_id": null,
            "in_reply_to_status_id_str": null,
            "in_reply_to_user_id": null,
            "in_reply_to_user_id_str": null,
            "in_reply_to_screen_name": null,
            "user": {
                "id": 456686553,
                "id_str": "456686553",
                "name": "\u0410\u043d\u0434\u0440\u0435\u0439 \u0421\u041c\u0418\u0420\u041d\u041e\u0412",
                "screen_name": "asko_info",
                "location": "\u0421\u0432\u0463\u0442\u0430\u0467 \u048e\u0263\u00e7\u10ee - \u0412\u0435\u043b\u0438\u043a\u0430\u044f \u0422\u0430\u0440\u0442\u0430\u0440\u0438\u044f",
                "description": "\u0421 \u041d\u043e\u0432\u044b\u043c 7526 \u043b\u0463\u0442\u043e\u043c \u043e\u0442 \u0421.\u041c.\u0417.\u0425.!",
                "url": null,
                "entities": {
                    "description": {
                        "urls": []
                    }
                },
                "protected": false,
                "followers_count": 8345,
                "friends_count": 8422,
                "listed_count": 106,
                "created_at": "Fri Jan 06 14:53:59 +0000 2012",
                "favourites_count": 20100,
                "utc_offset": 10800,
                "time_zone": "Moscow",
                "geo_enabled": false,
                "verified": false,
                "statuses_count": 104517,
                "lang": "ru",
                "contributors_enabled": false,
                "is_translator": false,
                "is_translation_enabled": false,
                "profile_background_color": "EDECE9",
                "profile_background_image_url": "http://pbs.twimg.com/profile_background_images/463930510910042112/8CM93bXt.jpeg",
                "profile_background_image_url_https": "https://pbs.twimg.com/profile_background_images/463930510910042112/8CM93bXt.jpeg",
                "profile_background_tile": false,
                "profile_image_url": "http://pbs.twimg.com/profile_images/803868764471259137/0DFxGC7C_normal.jpg",
                "profile_image_url_https": "https://pbs.twimg.com/profile_images/803868764471259137/0DFxGC7C_normal.jpg",
                "profile_banner_url": "https://pbs.twimg.com/profile_banners/456686553/1479916724",
                "profile_link_color": "FA743E",
                "profile_sidebar_border_color": "FFFFFF",
                "profile_sidebar_fill_color": "DDEEF6",
                "profile_text_color": "333333",
                "profile_use_background_image": true,
                "has_extended_profile": false,
                "default_profile": false,
                "default_profile_image": false,
                "following": false,
                "follow_request_sent": false,
                "notifications": false,
                "translator_type": "none"
            },
            "geo": null,
            "coordinates": null,
            "place": null,
            "contributors": null,
            "is_quote_status": false,
            "retweet_count": 23,
            "favorite_count": 2,
            "favorited": false,
            "retweeted": false,
            "possibly_sensitive": false,
            "possibly_sensitive_appealable": false,
            "lang": "und"
        },
        "retweet_count": 32,
        "favorite_count": 2,
        "favorited": false,
        "retweeted": false,
        "possibly_sensitive": false,
        "possibly_sensitive_appealable": false,
        "lang": "und"
    },
    "is_quote_status": true,
    "quoted_status_id": 698183301400494080,
    "quoted_status_id_str": "698183301400494080",
    "retweet_count": 32,
    "favorite_count": 0,
    "favorited": false,
    "retweeted": false,
    "possibly_sensitive": false,
    "possibly_sensitive_appealable": false,
    "lang": "und"
}