{
    "created_at": "Mon Nov 06 19:34:39 +0000 2017",
    "id": 927620260320235520,
    "id_str": "927620260320235520",
    "text": "\u0412 \u041a\u0438\u0435\u0432\u0435 \u043d\u0430 \u041c\u0430\u0439\u0434\u0430\u043d\u0435 \u043d\u0430\u043f\u0430\u043b\u0438 \u043d\u0430 \u0432\u0442\u043e\u0440\u043e\u0433\u043e \u0441\u0435\u043a\u0440\u0435\u0442\u0430\u0440\u044f \u043f\u043e\u0441\u043e\u043b\u044c\u0441\u0442\u0432\u0430 \u0421\u0428\u0410\n\u0427\u0438\u0442\u0430\u0439\u0442\u0435 \u0431\u043e\u043b\u044c\u0448\u0435: https://t.co/VBiuSA2U4f\n#News #\u041a\u0438\u0435\u0432\u2026 https://t.co/ZCDIQ7MqJF",
    "truncated": true,
    "entities": {
        "hashtags": [
            {
                "text": "News",
                "indices": [
                    102,
                    107
                ]
            },
            {
                "text": "\u041a\u0438\u0435\u0432",
                "indices": [
                    108,
                    113
                ]
            }
        ],
        "symbols": [],
        "user_mentions": [],
        "urls": [
            {
                "url": "https://t.co/VBiuSA2U4f",
                "expanded_url": "http://kontrakty.ua/article/108157",
                "display_url": "kontrakty.ua/article/108157",
                "indices": [
                    78,
                    101
                ]
            },
            {
                "url": "https://t.co/ZCDIQ7MqJF",
                "expanded_url": "https://twitter.com/i/web/status/927620260320235520",
                "display_url": "twitter.com/i/web/status/9\u2026",
                "indices": [
                    115,
                    138
                ]
            }
        ]
    },
    "source": "<a href=\"http://twitter.com\" rel=\"nofollow\">Twitter Web Client</a>",
    "in_reply_to_status_id": null,
    "in_reply_to_status_id_str": null,
    "in_reply_to_user_id": null,
    "in_reply_to_user_id_str": null,
    "in_reply_to_screen_name": null,
    "user": {
        "id": 549979792,
        "id_str": "549979792",
        "name": "\u041a\u043e\u043d\u0442\u0440\u0430\u043a\u0442\u0438.UA",
        "screen_name": "kontraktyua",
        "location": "\u041a\u0438\u0457\u0432. \u0423\u043a\u0440\u0430\u0457\u043d\u0430",
        "description": "\u041a\u043e\u043d\u0442\u0440\u0430\u043a\u0442\u0438.UA - \u0456\u043d\u0444\u043e\u0440\u043c\u0430\u0446\u0456\u0439\u043d\u043e -\u0430\u043d\u0430\u043b\u0456\u0442\u0438\u0447\u043d\u0438\u0439 \u043f\u043e\u0440\u0442\u0430\u043b \u043f\u0440\u043e \u0431\u0456\u0437\u043d\u0435\u0441 \u0456 \u043f\u043e\u043b\u0456\u0442\u0438\u043a\u0443 \u0432 \u0423\u043a\u0440\u0430\u0457\u043d\u0456 \u0442\u0430 \u0421\u0432\u0456\u0442\u0456.\n#\u0423\u043a\u0440\u0430\u0457\u043d\u0430 #\u041d\u043e\u0432\u0438\u043d\u0438 #\u0411\u0456\u0437\u043d\u0435\u0441 #\u041f\u043e\u043b\u0456\u0442\u0438\u043a\u0430",
        "url": "http://t.co/TVKP1l7IfX",
        "entities": {
            "url": {
                "urls": [
                    {
                        "url": "http://t.co/TVKP1l7IfX",
                        "expanded_url": "http://kontrakty.ua",
                        "display_url": "kontrakty.ua",
                        "indices": [
                            0,
                            22
                        ]
                    }
                ]
            },
            "description": {
                "urls": []
            }
        },
        "protected": false,
        "followers_count": 1811,
        "friends_count": 56,
        "listed_count": 49,
        "created_at": "Tue Apr 10 10:00:34 +0000 2012",
        "favourites_count": 12098,
        "utc_offset": 7200,
        "time_zone": "Kyiv",
        "geo_enabled": false,
        "verified": false,
        "statuses_count": 23824,
        "lang": "ru",
        "contributors_enabled": false,
        "is_translator": false,
        "is_translation_enabled": false,
        "profile_background_color": "C0DEED",
        "profile_background_image_url": "http://abs.twimg.com/images/themes/theme1/bg.png",
        "profile_background_image_url_https": "https://abs.twimg.com/images/themes/theme1/bg.png",
        "profile_background_tile": false,
        "profile_image_url": "http://pbs.twimg.com/profile_images/811516794271920128/hs2sTJAI_normal.jpg",
        "profile_image_url_https": "https://pbs.twimg.com/profile_images/811516794271920128/hs2sTJAI_normal.jpg",
        "profile_banner_url": "https://pbs.twimg.com/profile_banners/549979792/1482310290",
        "profile_link_color": "1DA1F2",
        "profile_sidebar_border_color": "C0DEED",
        "profile_sidebar_fill_color": "DDEEF6",
        "profile_text_color": "333333",
        "profile_use_background_image": true,
        "has_extended_profile": false,
        "default_profile": true,
        "default_profile_image": false,
        "following": false,
        "follow_request_sent": false,
        "notifications": false,
        "translator_type": "none"
    },
    "geo": null,
    "coordinates": null,
    "place": null,
    "contributors": null,
    "is_quote_status": false,
    "retweet_count": 2,
    "favorite_count": 1,
    "favorited": false,
    "retweeted": false,
    "possibly_sensitive": false,
    "possibly_sensitive_appealable": false,
    "lang": "ru"
}