{
    "created_at": "Mon Nov 06 22:04:47 +0000 2017",
    "id": 927658046024765442,
    "id_str": "927658046024765442",
    "text": "'\u0420\u0430\u0437\u0433\u043e\u0432\u043e\u0440 \u043f\u043e-\u043c\u0443\u0436\u0441\u043a\u0438': #\u042f\u043d\u0443\u043a\u043e\u0432\u0438\u0447 \u0440\u0430\u0441\u0441\u043a\u0430\u0437\u0430\u043b, \u043e \u0447\u0435\u043c \u0431\u044b \u0433\u043e\u0432\u043e\u0440\u0438\u043b \u0441 #\u041f\u043e\u0440\u043e\u0448\u0435\u043d\u043a\u043e \u043f\u0440\u0438 \u0432\u0441\u0442\u0440\u0435\u0447\u0435 \u0431\u0435\u0437 \u043a\u0430\u043c\u0435\u0440 https://t.co/1o9zqWhGNU",
    "truncated": false,
    "entities": {
        "hashtags": [
            {
                "text": "\u042f\u043d\u0443\u043a\u043e\u0432\u0438\u0447",
                "indices": [
                    22,
                    31
                ]
            },
            {
                "text": "\u041f\u043e\u0440\u043e\u0448\u0435\u043d\u043a\u043e",
                "indices": [
                    62,
                    72
                ]
            }
        ],
        "symbols": [],
        "user_mentions": [],
        "urls": [
            {
                "url": "https://t.co/1o9zqWhGNU",
                "expanded_url": "http://vchaspik.ua/ukraina/436125-razgovor-po-muzhski-yanukovich-rasskazal-o-chem-govoril-s-poroshenko-pri-vstreche-bez#.WgDcdBeBMVU.twitter",
                "display_url": "vchaspik.ua/ukraina/436125\u2026",
                "indices": [
                    95,
                    118
                ]
            }
        ]
    },
    "source": "<a href=\"http://twitter.com\" rel=\"nofollow\">Twitter Web Client</a>",
    "in_reply_to_status_id": null,
    "in_reply_to_status_id_str": null,
    "in_reply_to_user_id": null,
    "in_reply_to_user_id_str": null,
    "in_reply_to_screen_name": null,
    "user": {
        "id": 125416292,
        "id_str": "125416292",
        "name": "\u041d\u043e\u0432\u043e\u0441\u0442\u0438 \u0423\u043a\u0440\u0430\u0438\u043d\u044b",
        "screen_name": "chaspikls",
        "location": "\u0423\u043a\u0440\u0430\u0438\u043d\u0430, \u0433. \u041b\u0438\u0441\u0438\u0447\u0430\u043d\u0441\u043a",
        "description": "\u041f\u043e\u0441\u043b\u0435\u0434\u043d\u0438\u0435 \u043d\u043e\u0432\u043e\u0441\u0442\u0438 \u0447\u0430\u0441\u0430: #\u0423\u043a\u0440\u0430\u0438\u043d\u0430, #\u0420\u043e\u0441\u0441\u0438\u044f #\u041a\u0440\u044b\u043c #\u043f\u043e\u043b\u0438\u0442\u0438\u043a\u0430 #\u0414\u043e\u043d\u0431\u0430\u0441\u0441 #following #\u0432\u0437\u0430\u0438\u043c\u043d\u044b\u0439\u0444\u043e\u043b\u043b\u043e\u0432\u0438\u043d\u0433 \ud83d\ude00\n\nhttps://t.co/98q3B1NSHS",
        "url": "https://t.co/pzfwcuJ3vm",
        "entities": {
            "url": {
                "urls": [
                    {
                        "url": "https://t.co/pzfwcuJ3vm",
                        "expanded_url": "http://vchaspik.ua/",
                        "display_url": "vchaspik.ua",
                        "indices": [
                            0,
                            23
                        ]
                    }
                ]
            },
            "description": {
                "urls": [
                    {
                        "url": "https://t.co/98q3B1NSHS",
                        "expanded_url": "https://www.facebook.com/chaspikls/",
                        "display_url": "facebook.com/chaspikls/",
                        "indices": [
                            100,
                            123
                        ]
                    }
                ]
            }
        },
        "protected": false,
        "followers_count": 1713,
        "friends_count": 2183,
        "listed_count": 38,
        "created_at": "Mon Mar 22 18:55:42 +0000 2010",
        "favourites_count": 474,
        "utc_offset": 7200,
        "time_zone": "Kyiv",
        "geo_enabled": true,
        "verified": false,
        "statuses_count": 61718,
        "lang": "ru",
        "contributors_enabled": false,
        "is_translator": false,
        "is_translation_enabled": false,
        "profile_background_color": "97B2CF",
        "profile_background_image_url": "http://pbs.twimg.com/profile_background_images/640513591/x670a9a1c5b6e5d8d890e1416d701d89.png",
        "profile_background_image_url_https": "https://pbs.twimg.com/profile_background_images/640513591/x670a9a1c5b6e5d8d890e1416d701d89.png",
        "profile_background_tile": true,
        "profile_image_url": "http://pbs.twimg.com/profile_images/1199830853/acquia_marina_logo_normal.png",
        "profile_image_url_https": "https://pbs.twimg.com/profile_images/1199830853/acquia_marina_logo_normal.png",
        "profile_banner_url": "https://pbs.twimg.com/profile_banners/125416292/1484922854",
        "profile_link_color": "556A92",
        "profile_sidebar_border_color": "86A5E6",
        "profile_sidebar_fill_color": "A0C2D7",
        "profile_text_color": "78ADC4",
        "profile_use_background_image": true,
        "has_extended_profile": true,
        "default_profile": false,
        "default_profile_image": false,
        "following": false,
        "follow_request_sent": false,
        "notifications": false,
        "translator_type": "none"
    },
    "geo": null,
    "coordinates": null,
    "place": null,
    "contributors": null,
    "is_quote_status": false,
    "retweet_count": 0,
    "favorite_count": 0,
    "favorited": false,
    "retweeted": false,
    "possibly_sensitive": false,
    "possibly_sensitive_appealable": false,
    "lang": "ru"
}