{
    "created_at": "Sun Nov 05 05:25:25 +0000 2017",
    "id": 927044158610640897,
    "id_str": "927044158610640897",
    "text": "\u0416\u0434\u0443\u0442 \u043d\u043e\u0432\u044b\u0439 #MH17 ? https://t.co/lNg0fky00q",
    "truncated": false,
    "entities": {
        "hashtags": [
            {
                "text": "MH17",
                "indices": [
                    11,
                    16
                ]
            }
        ],
        "symbols": [],
        "user_mentions": [],
        "urls": [
            {
                "url": "https://t.co/lNg0fky00q",
                "expanded_url": "http://fb.me/YEd1Pg8d",
                "display_url": "fb.me/YEd1Pg8d",
                "indices": [
                    19,
                    42
                ]
            }
        ]
    },
    "source": "<a href=\"http://www.facebook.com/twitter\" rel=\"nofollow\">Facebook</a>",
    "in_reply_to_status_id": null,
    "in_reply_to_status_id_str": null,
    "in_reply_to_user_id": null,
    "in_reply_to_user_id_str": null,
    "in_reply_to_screen_name": null,
    "user": {
        "id": 431521760,
        "id_str": "431521760",
        "name": "\u0418\u0432\u0430\u043d \u041a\u043e\u0440\u043e\u0442\u043a\u0438\u0439",
        "screen_name": "fokctrot",
        "location": "",
        "description": "",
        "url": null,
        "entities": {
            "description": {
                "urls": []
            }
        },
        "protected": false,
        "followers_count": 6701,
        "friends_count": 756,
        "listed_count": 89,
        "created_at": "Thu Dec 08 11:15:52 +0000 2011",
        "favourites_count": 164,
        "utc_offset": 10800,
        "time_zone": "Moscow",
        "geo_enabled": true,
        "verified": false,
        "statuses_count": 128309,
        "lang": "ru",
        "contributors_enabled": false,
        "is_translator": false,
        "is_translation_enabled": false,
        "profile_background_color": "C0DEED",
        "profile_background_image_url": "http://abs.twimg.com/images/themes/theme1/bg.png",
        "profile_background_image_url_https": "https://abs.twimg.com/images/themes/theme1/bg.png",
        "profile_background_tile": false,
        "profile_image_url": "http://pbs.twimg.com/profile_images/813522148484587522/HheHJG___normal.jpg",
        "profile_image_url_https": "https://pbs.twimg.com/profile_images/813522148484587522/HheHJG___normal.jpg",
        "profile_banner_url": "https://pbs.twimg.com/profile_banners/431521760/1403420612",
        "profile_link_color": "1DA1F2",
        "profile_sidebar_border_color": "C0DEED",
        "profile_sidebar_fill_color": "DDEEF6",
        "profile_text_color": "333333",
        "profile_use_background_image": true,
        "has_extended_profile": true,
        "default_profile": true,
        "default_profile_image": false,
        "following": false,
        "follow_request_sent": false,
        "notifications": false,
        "translator_type": "none"
    },
    "geo": null,
    "coordinates": null,
    "place": null,
    "contributors": null,
    "is_quote_status": false,
    "retweet_count": 4,
    "favorite_count": 2,
    "favorited": false,
    "retweeted": false,
    "possibly_sensitive": false,
    "possibly_sensitive_appealable": false,
    "lang": "ru"
}