{
    "created_at": "Fri Nov 10 18:09:20 +0000 2017",
    "id": 929048344743350272,
    "id_str": "929048344743350272",
    "text": "\u0421\u043a\u0430\u0437 \u043e \u0442\u043e\u043c \u043a\u0430\u043a \u0432\u0440\u0443\u0442 \u043f\u043e-\u043a\u0440\u0443\u043f\u043d\u043e\u043c\u0443 \"\u0447\u0438\u043d\u043e\u0432\u043d\u0438\u043a\u0438\" \u0431/\u0423, \u0437\u0430\u0445\u0432\u0430\u0442\u0438\u0432\u0448\u0438\u0435 \u0432\u043b\u0430\u0441\u0442\u044c \u0432 2014\u0433. \u0412\u0440\u0443\u0442, \u0434\u0430 \u0437\u0430\u0432\u0438\u0440\u0430\u044e\u0442\u0441\u044f \u0438 \u0441\u0430\u043c\u0438 \u0441\u043f\u0443\u0441\u0442\u044f \u043f\u0430\u0440\u0443\u2026 https://t.co/doOwZjvRJd",
    "truncated": true,
    "entities": {
        "hashtags": [],
        "symbols": [],
        "user_mentions": [],
        "urls": [
            {
                "url": "https://t.co/doOwZjvRJd",
                "expanded_url": "https://twitter.com/i/web/status/929048344743350272",
                "display_url": "twitter.com/i/web/status/9\u2026",
                "indices": [
                    117,
                    140
                ]
            }
        ]
    },
    "source": "<a href=\"http://twitter.com/download/android\" rel=\"nofollow\">Twitter for Android</a>",
    "in_reply_to_status_id": null,
    "in_reply_to_status_id_str": null,
    "in_reply_to_user_id": null,
    "in_reply_to_user_id_str": null,
    "in_reply_to_screen_name": null,
    "user": {
        "id": 2924500397,
        "id_str": "2924500397",
        "name": "tat-lis",
        "screen_name": "tat_lis",
        "location": "\u041c\u0430\u043b\u0435\u043d\u044c\u043a\u0430\u044f \u0442\u043e\u0447\u043a\u0430 \u0432\u043e \u0412\u0441\u0435\u043b\u0435\u043d\u043d\u043e\u0439",
        "description": "\u0418\u043d\u0442\u0435\u0440\u0435\u0441\u0443\u044e\u0449\u0430\u044f\u0441\u044f \u043b\u0438\u0447\u043d\u043e\u0441\u0442\u044c \u0441 \u0447\u0443\u0432\u0441\u0442\u0432\u043e\u043c \u044e\u043c\u043e\u0440\u0430 \u0438 \u043e\u043f\u0442\u0438\u043c\u0438\u0437\u043c\u043e\u043c.",
        "url": null,
        "entities": {
            "description": {
                "urls": []
            }
        },
        "protected": false,
        "followers_count": 81,
        "friends_count": 39,
        "listed_count": 2,
        "created_at": "Tue Dec 16 07:36:06 +0000 2014",
        "favourites_count": 575,
        "utc_offset": 10800,
        "time_zone": "Minsk",
        "geo_enabled": false,
        "verified": false,
        "statuses_count": 62729,
        "lang": "ru",
        "contributors_enabled": false,
        "is_translator": false,
        "is_translation_enabled": false,
        "profile_background_color": "ACDED6",
        "profile_background_image_url": "http://abs.twimg.com/images/themes/theme18/bg.gif",
        "profile_background_image_url_https": "https://abs.twimg.com/images/themes/theme18/bg.gif",
        "profile_background_tile": false,
        "profile_image_url": "http://pbs.twimg.com/profile_images/544759371024961536/rmLr4TLW_normal.jpeg",
        "profile_image_url_https": "https://pbs.twimg.com/profile_images/544759371024961536/rmLr4TLW_normal.jpeg",
        "profile_banner_url": "https://pbs.twimg.com/profile_banners/2924500397/1428152140",
        "profile_link_color": "1B95E0",
        "profile_sidebar_border_color": "000000",
        "profile_sidebar_fill_color": "000000",
        "profile_text_color": "000000",
        "profile_use_background_image": true,
        "has_extended_profile": false,
        "default_profile": false,
        "default_profile_image": false,
        "following": false,
        "follow_request_sent": false,
        "notifications": false,
        "translator_type": "none"
    },
    "geo": null,
    "coordinates": null,
    "place": null,
    "contributors": null,
    "is_quote_status": false,
    "retweet_count": 0,
    "favorite_count": 0,
    "favorited": false,
    "retweeted": false,
    "possibly_sensitive": false,
    "possibly_sensitive_appealable": false,
    "lang": "ru"
}