{
    "created_at": "Thu Nov 09 23:27:31 +0000 2017",
    "id": 928766028342902784,
    "id_str": "928766028342902784",
    "text": "#NeoNazi are poised to take power in #Kiev already and the West still denies their very existence in #Ukraine. Same\u2026 https://t.co/UoxlQb0RAS",
    "truncated": true,
    "entities": {
        "hashtags": [
            {
                "text": "NeoNazi",
                "indices": [
                    0,
                    8
                ]
            },
            {
                "text": "Kiev",
                "indices": [
                    37,
                    42
                ]
            },
            {
                "text": "Ukraine",
                "indices": [
                    101,
                    109
                ]
            }
        ],
        "symbols": [],
        "user_mentions": [],
        "urls": [
            {
                "url": "https://t.co/UoxlQb0RAS",
                "expanded_url": "https://twitter.com/i/web/status/928766028342902784",
                "display_url": "twitter.com/i/web/status/9\u2026",
                "indices": [
                    117,
                    140
                ]
            }
        ]
    },
    "source": "<a href=\"http://twitter.com\" rel=\"nofollow\">Twitter Web Client</a>",
    "in_reply_to_status_id": null,
    "in_reply_to_status_id_str": null,
    "in_reply_to_user_id": null,
    "in_reply_to_user_id_str": null,
    "in_reply_to_screen_name": null,
    "user": {
        "id": 1685980868,
        "id_str": "1685980868",
        "name": "Mikhail Molchanov",
        "screen_name": "MA_Molchanov",
        "location": "Canada",
        "description": "Pro et contra. Most valuable thing is being able to think for yourself. As with all good things, it is in short supply.",
        "url": "http://t.co/UOcos9IgoP",
        "entities": {
            "url": {
                "urls": [
                    {
                        "url": "http://t.co/UOcos9IgoP",
                        "expanded_url": "http://www.facebook.com/mikhail.a.molchanov",
                        "display_url": "facebook.com/mikhail.a.molc\u2026",
                        "indices": [
                            0,
                            22
                        ]
                    }
                ]
            },
            "description": {
                "urls": []
            }
        },
        "protected": false,
        "followers_count": 364,
        "friends_count": 606,
        "listed_count": 17,
        "created_at": "Tue Aug 20 14:51:08 +0000 2013",
        "favourites_count": 1543,
        "utc_offset": -14400,
        "time_zone": "Atlantic Time (Canada)",
        "geo_enabled": false,
        "verified": false,
        "statuses_count": 7897,
        "lang": "en",
        "contributors_enabled": false,
        "is_translator": false,
        "is_translation_enabled": false,
        "profile_background_color": "C0DEED",
        "profile_background_image_url": "http://abs.twimg.com/images/themes/theme1/bg.png",
        "profile_background_image_url_https": "https://abs.twimg.com/images/themes/theme1/bg.png",
        "profile_background_tile": false,
        "profile_image_url": "http://pbs.twimg.com/profile_images/928367121712607232/zFhxAsoL_normal.jpg",
        "profile_image_url_https": "https://pbs.twimg.com/profile_images/928367121712607232/zFhxAsoL_normal.jpg",
        "profile_banner_url": "https://pbs.twimg.com/profile_banners/1685980868/1518947270",
        "profile_link_color": "1DA1F2",
        "profile_sidebar_border_color": "C0DEED",
        "profile_sidebar_fill_color": "DDEEF6",
        "profile_text_color": "333333",
        "profile_use_background_image": true,
        "has_extended_profile": false,
        "default_profile": true,
        "default_profile_image": false,
        "following": false,
        "follow_request_sent": false,
        "notifications": false,
        "translator_type": "none"
    },
    "geo": null,
    "coordinates": null,
    "place": null,
    "contributors": null,
    "is_quote_status": true,
    "quoted_status_id": 928754744654467072,
    "quoted_status_id_str": "928754744654467072",
    "quoted_status": {
        "created_at": "Thu Nov 09 22:42:41 +0000 2017",
        "id": 928754744654467072,
        "id_str": "928754744654467072",
        "text": "Many in West say there are no Neo-Nazis in #Ukraine and it's just propaganda from #Russia. As Lev Golinkin points o\u2026 https://t.co/X1lL0AgMxV",
        "truncated": true,
        "entities": {
            "hashtags": [
                {
                    "text": "Ukraine",
                    "indices": [
                        43,
                        51
                    ]
                },
                {
                    "text": "Russia",
                    "indices": [
                        82,
                        89
                    ]
                }
            ],
            "symbols": [],
            "user_mentions": [],
            "urls": [
                {
                    "url": "https://t.co/X1lL0AgMxV",
                    "expanded_url": "https://twitter.com/i/web/status/928754744654467072",
                    "display_url": "twitter.com/i/web/status/9\u2026",
                    "indices": [
                        117,
                        140
                    ]
                }
            ]
        },
        "source": "<a href=\"https://mobile.twitter.com\" rel=\"nofollow\">Twitter Lite</a>",
        "in_reply_to_status_id": null,
        "in_reply_to_status_id_str": null,
        "in_reply_to_user_id": null,
        "in_reply_to_user_id_str": null,
        "in_reply_to_screen_name": null,
        "user": {
            "id": 840298088333996032,
            "id_str": "840298088333996032",
            "name": "Defending History",
            "screen_name": "DefendingHistor",
            "location": "Vilnius, Lithuania",
            "description": "Web journal combating Holocaust revisionism in Eastern Europe; fights human rights abuses others ignore. Tweets from our team in Vilnius, DC, NY, LON, TA, etc.",
            "url": "https://t.co/brXOKIvTm5",
            "entities": {
                "url": {
                    "urls": [
                        {
                            "url": "https://t.co/brXOKIvTm5",
                            "expanded_url": "http://www.defendinghistory.com",
                            "display_url": "defendinghistory.com",
                            "indices": [
                                0,
                                23
                            ]
                        }
                    ]
                },
                "description": {
                    "urls": []
                }
            },
            "protected": false,
            "followers_count": 1258,
            "friends_count": 23,
            "listed_count": 28,
            "created_at": "Fri Mar 10 20:27:31 +0000 2017",
            "favourites_count": 351,
            "utc_offset": -28800,
            "time_zone": "Pacific Time (US & Canada)",
            "geo_enabled": false,
            "verified": false,
            "statuses_count": 1663,
            "lang": "en",
            "contributors_enabled": false,
            "is_translator": false,
            "is_translation_enabled": false,
            "profile_background_color": "F5F8FA",
            "profile_background_image_url": null,
            "profile_background_image_url_https": null,
            "profile_background_tile": false,
            "profile_image_url": "http://pbs.twimg.com/profile_images/840301210460553216/N2BZ3RVY_normal.jpg",
            "profile_image_url_https": "https://pbs.twimg.com/profile_images/840301210460553216/N2BZ3RVY_normal.jpg",
            "profile_banner_url": "https://pbs.twimg.com/profile_banners/840298088333996032/1489178828",
            "profile_link_color": "1DA1F2",
            "profile_sidebar_border_color": "C0DEED",
            "profile_sidebar_fill_color": "DDEEF6",
            "profile_text_color": "333333",
            "profile_use_background_image": true,
            "has_extended_profile": false,
            "default_profile": true,
            "default_profile_image": false,
            "following": false,
            "follow_request_sent": false,
            "notifications": false,
            "translator_type": "none"
        },
        "geo": null,
        "coordinates": null,
        "place": null,
        "contributors": null,
        "is_quote_status": false,
        "retweet_count": 69,
        "favorite_count": 59,
        "favorited": false,
        "retweeted": false,
        "possibly_sensitive": false,
        "possibly_sensitive_appealable": false,
        "lang": "en"
    },
    "retweet_count": 1,
    "favorite_count": 0,
    "favorited": false,
    "retweeted": false,
    "possibly_sensitive": false,
    "possibly_sensitive_appealable": false,
    "lang": "en"
}