{
    "created_at": "Tue Nov 07 17:59:48 +0000 2017",
    "id": 927958779181912065,
    "id_str": "927958779181912065",
    "text": "RT @asko_info: #MH17 #UKRAINEdidit #UKRAINEkillerMH17 https://t.co/TjbBCW9C8p",
    "truncated": false,
    "entities": {
        "hashtags": [
            {
                "text": "MH17",
                "indices": [
                    15,
                    20
                ]
            },
            {
                "text": "UKRAINEdidit",
                "indices": [
                    21,
                    34
                ]
            },
            {
                "text": "UKRAINEkillerMH17",
                "indices": [
                    35,
                    53
                ]
            }
        ],
        "symbols": [],
        "user_mentions": [
            {
                "screen_name": "asko_info",
                "name": "\u0410\u043d\u0434\u0440\u0435\u0439 \u0421\u041c\u0418\u0420\u041d\u041e\u0412",
                "id": 456686553,
                "id_str": "456686553",
                "indices": [
                    3,
                    13
                ]
            }
        ],
        "urls": [
            {
                "url": "https://t.co/TjbBCW9C8p",
                "expanded_url": "https://twitter.com/SantaFantik/status/781240968657993728",
                "display_url": "twitter.com/SantaFantik/st\u2026",
                "indices": [
                    54,
                    77
                ]
            }
        ]
    },
    "source": "<a href=\"http://twitter.com/download/android\" rel=\"nofollow\">Twitter for Android</a>",
    "in_reply_to_status_id": null,
    "in_reply_to_status_id_str": null,
    "in_reply_to_user_id": null,
    "in_reply_to_user_id_str": null,
    "in_reply_to_screen_name": null,
    "user": {
        "id": 456686553,
        "id_str": "456686553",
        "name": "\u0410\u043d\u0434\u0440\u0435\u0439 \u0421\u041c\u0418\u0420\u041d\u041e\u0412",
        "screen_name": "asko_info",
        "location": "\u0421\u0432\u0463\u0442\u0430\u0467 \u048e\u0263\u00e7\u10ee - \u0412\u0435\u043b\u0438\u043a\u0430\u044f \u0422\u0430\u0440\u0442\u0430\u0440\u0438\u044f",
        "description": "\u0421 \u041d\u043e\u0432\u044b\u043c 7526 \u043b\u0463\u0442\u043e\u043c \u043e\u0442 \u0421.\u041c.\u0417.\u0425.!",
        "url": null,
        "entities": {
            "description": {
                "urls": []
            }
        },
        "protected": false,
        "followers_count": 8345,
        "friends_count": 8422,
        "listed_count": 106,
        "created_at": "Fri Jan 06 14:53:59 +0000 2012",
        "favourites_count": 20100,
        "utc_offset": 10800,
        "time_zone": "Moscow",
        "geo_enabled": false,
        "verified": false,
        "statuses_count": 104517,
        "lang": "ru",
        "contributors_enabled": false,
        "is_translator": false,
        "is_translation_enabled": false,
        "profile_background_color": "EDECE9",
        "profile_background_image_url": "http://pbs.twimg.com/profile_background_images/463930510910042112/8CM93bXt.jpeg",
        "profile_background_image_url_https": "https://pbs.twimg.com/profile_background_images/463930510910042112/8CM93bXt.jpeg",
        "profile_background_tile": false,
        "profile_image_url": "http://pbs.twimg.com/profile_images/803868764471259137/0DFxGC7C_normal.jpg",
        "profile_image_url_https": "https://pbs.twimg.com/profile_images/803868764471259137/0DFxGC7C_normal.jpg",
        "profile_banner_url": "https://pbs.twimg.com/profile_banners/456686553/1479916724",
        "profile_link_color": "FA743E",
        "profile_sidebar_border_color": "FFFFFF",
        "profile_sidebar_fill_color": "DDEEF6",
        "profile_text_color": "333333",
        "profile_use_background_image": true,
        "has_extended_profile": false,
        "default_profile": false,
        "default_profile_image": false,
        "following": false,
        "follow_request_sent": false,
        "notifications": false,
        "translator_type": "none"
    },
    "geo": null,
    "coordinates": null,
    "place": null,
    "contributors": null,
    "retweeted_status": {
        "created_at": "Mon Oct 23 16:47:06 +0000 2017",
        "id": 922504664741969921,
        "id_str": "922504664741969921",
        "text": "#MH17 #UKRAINEdidit #UKRAINEkillerMH17 https://t.co/TjbBCW9C8p",
        "truncated": false,
        "entities": {
            "hashtags": [
                {
                    "text": "MH17",
                    "indices": [
                        0,
                        5
                    ]
                },
                {
                    "text": "UKRAINEdidit",
                    "indices": [
                        6,
                        19
                    ]
                },
                {
                    "text": "UKRAINEkillerMH17",
                    "indices": [
                        20,
                        38
                    ]
                }
            ],
            "symbols": [],
            "user_mentions": [],
            "urls": [
                {
                    "url": "https://t.co/TjbBCW9C8p",
                    "expanded_url": "https://twitter.com/SantaFantik/status/781240968657993728",
                    "display_url": "twitter.com/SantaFantik/st\u2026",
                    "indices": [
                        39,
                        62
                    ]
                }
            ]
        },
        "source": "<a href=\"http://twitter.com/download/android\" rel=\"nofollow\">Twitter for Android</a>",
        "in_reply_to_status_id": null,
        "in_reply_to_status_id_str": null,
        "in_reply_to_user_id": null,
        "in_reply_to_user_id_str": null,
        "in_reply_to_screen_name": null,
        "user": {
            "id": 456686553,
            "id_str": "456686553",
            "name": "\u0410\u043d\u0434\u0440\u0435\u0439 \u0421\u041c\u0418\u0420\u041d\u041e\u0412",
            "screen_name": "asko_info",
            "location": "\u0421\u0432\u0463\u0442\u0430\u0467 \u048e\u0263\u00e7\u10ee - \u0412\u0435\u043b\u0438\u043a\u0430\u044f \u0422\u0430\u0440\u0442\u0430\u0440\u0438\u044f",
            "description": "\u0421 \u041d\u043e\u0432\u044b\u043c 7526 \u043b\u0463\u0442\u043e\u043c \u043e\u0442 \u0421.\u041c.\u0417.\u0425.!",
            "url": null,
            "entities": {
                "description": {
                    "urls": []
                }
            },
            "protected": false,
            "followers_count": 8345,
            "friends_count": 8422,
            "listed_count": 106,
            "created_at": "Fri Jan 06 14:53:59 +0000 2012",
            "favourites_count": 20100,
            "utc_offset": 10800,
            "time_zone": "Moscow",
            "geo_enabled": false,
            "verified": false,
            "statuses_count": 104517,
            "lang": "ru",
            "contributors_enabled": false,
            "is_translator": false,
            "is_translation_enabled": false,
            "profile_background_color": "EDECE9",
            "profile_background_image_url": "http://pbs.twimg.com/profile_background_images/463930510910042112/8CM93bXt.jpeg",
            "profile_background_image_url_https": "https://pbs.twimg.com/profile_background_images/463930510910042112/8CM93bXt.jpeg",
            "profile_background_tile": false,
            "profile_image_url": "http://pbs.twimg.com/profile_images/803868764471259137/0DFxGC7C_normal.jpg",
            "profile_image_url_https": "https://pbs.twimg.com/profile_images/803868764471259137/0DFxGC7C_normal.jpg",
            "profile_banner_url": "https://pbs.twimg.com/profile_banners/456686553/1479916724",
            "profile_link_color": "FA743E",
            "profile_sidebar_border_color": "FFFFFF",
            "profile_sidebar_fill_color": "DDEEF6",
            "profile_text_color": "333333",
            "profile_use_background_image": true,
            "has_extended_profile": false,
            "default_profile": false,
            "default_profile_image": false,
            "following": false,
            "follow_request_sent": false,
            "notifications": false,
            "translator_type": "none"
        },
        "geo": null,
        "coordinates": null,
        "place": null,
        "contributors": null,
        "is_quote_status": true,
        "quoted_status_id": 781240968657993728,
        "quoted_status_id_str": "781240968657993728",
        "quoted_status": {
            "created_at": "Wed Sep 28 21:15:36 +0000 2016",
            "id": 781240968657993728,
            "id_str": "781240968657993728",
            "text": "\u0425\u0443\u043d\u0442\u0430 \u0432\u044b\u0432\u043e\u0437\u0438\u0442 \u0411\u0443\u043a, \u043a\u043e\u0442\u043e\u0440\u044b\u043c \u0441\u0431\u0438\u043b\u0430 \u0411\u043e\u0438\u043d\u0433, \u0447\u0435\u0440\u0435\u0437 \u0433\u043e\u0440\u043e\u0434 \u041a\u0440\u0430\u0441\u043d\u043e\u0430\u0440\u043c\u0435\u0439\u0441\u043a... https://t.co/XR1syBYARb",
            "truncated": false,
            "entities": {
                "hashtags": [],
                "symbols": [],
                "user_mentions": [],
                "urls": [],
                "media": [
                    {
                        "id": 781240670686027776,
                        "id_str": "781240670686027776",
                        "indices": [
                            69,
                            92
                        ],
                        "media_url": "http://pbs.twimg.com/ext_tw_video_thumb/781240670686027776/pu/img/B8wtwmtiXKikcRMh.jpg",
                        "media_url_https": "https://pbs.twimg.com/ext_tw_video_thumb/781240670686027776/pu/img/B8wtwmtiXKikcRMh.jpg",
                        "url": "https://t.co/XR1syBYARb",
                        "display_url": "pic.twitter.com/XR1syBYARb",
                        "expanded_url": "https://twitter.com/SantaFantik/status/781240968657993728/video/1",
                        "type": "photo",
                        "sizes": {
                            "thumb": {
                                "w": 150,
                                "h": 150,
                                "resize": "crop"
                            },
                            "medium": {
                                "w": 1200,
                                "h": 675,
                                "resize": "fit"
                            },
                            "small": {
                                "w": 680,
                                "h": 383,
                                "resize": "fit"
                            },
                            "large": {
                                "w": 1280,
                                "h": 720,
                                "resize": "fit"
                            }
                        }
                    }
                ]
            },
            "extended_entities": {
                "media": [
                    {
                        "id": 781240670686027776,
                        "id_str": "781240670686027776",
                        "indices": [
                            69,
                            92
                        ],
                        "media_url": "http://pbs.twimg.com/ext_tw_video_thumb/781240670686027776/pu/img/B8wtwmtiXKikcRMh.jpg",
                        "media_url_https": "https://pbs.twimg.com/ext_tw_video_thumb/781240670686027776/pu/img/B8wtwmtiXKikcRMh.jpg",
                        "url": "https://t.co/XR1syBYARb",
                        "display_url": "pic.twitter.com/XR1syBYARb",
                        "expanded_url": "https://twitter.com/SantaFantik/status/781240968657993728/video/1",
                        "type": "video",
                        "sizes": {
                            "thumb": {
                                "w": 150,
                                "h": 150,
                                "resize": "crop"
                            },
                            "medium": {
                                "w": 1200,
                                "h": 675,
                                "resize": "fit"
                            },
                            "small": {
                                "w": 680,
                                "h": 383,
                                "resize": "fit"
                            },
                            "large": {
                                "w": 1280,
                                "h": 720,
                                "resize": "fit"
                            }
                        },
                        "video_info": {
                            "aspect_ratio": [
                                16,
                                9
                            ],
                            "duration_millis": 13040,
                            "variants": [
                                {
                                    "bitrate": 320000,
                                    "content_type": "video/mp4",
                                    "url": "https://video.twimg.com/ext_tw_video/781240670686027776/pu/vid/320x180/BJq3al1QE3PtYLG5.mp4"
                                },
                                {
                                    "content_type": "application/x-mpegURL",
                                    "url": "https://video.twimg.com/ext_tw_video/781240670686027776/pu/pl/jGzQODSUlpDXw9I8.m3u8"
                                },
                                {
                                    "bitrate": 2176000,
                                    "content_type": "video/mp4",
                                    "url": "https://video.twimg.com/ext_tw_video/781240670686027776/pu/vid/1280x720/xGTZ5WP-MSJDWt4h.mp4"
                                },
                                {
                                    "bitrate": 832000,
                                    "content_type": "video/mp4",
                                    "url": "https://video.twimg.com/ext_tw_video/781240670686027776/pu/vid/640x360/NFJ2BriMbJ-uV-4S.mp4"
                                }
                            ]
                        },
                        "additional_media_info": {
                            "monetizable": false
                        }
                    }
                ]
            },
            "source": "<a href=\"http://twitter.com\" rel=\"nofollow\">Twitter Web Client</a>",
            "in_reply_to_status_id": null,
            "in_reply_to_status_id_str": null,
            "in_reply_to_user_id": null,
            "in_reply_to_user_id_str": null,
            "in_reply_to_screen_name": null,
            "user": {
                "id": 823187088,
                "id_str": "823187088",
                "name": "Anna",
                "screen_name": "SantaFantik",
                "location": "",
                "description": "Ducunt volentem fata, nolentem trahunt (\u0416\u0435\u043b\u0430\u044e\u0449\u0435\u0433\u043e \u0441\u0443\u0434\u044c\u0431\u0430 \u0432\u0435\u0434\u0451\u0442, \u043d\u0435 \u0436\u0435\u043b\u0430\u044e\u0449\u0435\u0433\u043e  \u0442\u0430\u0449\u0438\u0442)",
                "url": null,
                "entities": {
                    "description": {
                        "urls": []
                    }
                },
                "protected": false,
                "followers_count": 12329,
                "friends_count": 11537,
                "listed_count": 65,
                "created_at": "Fri Sep 14 12:11:17 +0000 2012",
                "favourites_count": 49,
                "utc_offset": 7200,
                "time_zone": "Kyiv",
                "geo_enabled": false,
                "verified": false,
                "statuses_count": 19900,
                "lang": "ru",
                "contributors_enabled": false,
                "is_translator": false,
                "is_translation_enabled": true,
                "profile_background_color": "C0DEED",
                "profile_background_image_url": "http://abs.twimg.com/images/themes/theme1/bg.png",
                "profile_background_image_url_https": "https://abs.twimg.com/images/themes/theme1/bg.png",
                "profile_background_tile": false,
                "profile_image_url": "http://pbs.twimg.com/profile_images/869307070285135872/Ay_zuMU-_normal.jpg",
                "profile_image_url_https": "https://pbs.twimg.com/profile_images/869307070285135872/Ay_zuMU-_normal.jpg",
                "profile_banner_url": "https://pbs.twimg.com/profile_banners/823187088/1474762151",
                "profile_link_color": "1DA1F2",
                "profile_sidebar_border_color": "C0DEED",
                "profile_sidebar_fill_color": "DDEEF6",
                "profile_text_color": "333333",
                "profile_use_background_image": true,
                "has_extended_profile": false,
                "default_profile": true,
                "default_profile_image": false,
                "following": false,
                "follow_request_sent": false,
                "notifications": false,
                "translator_type": "none"
            },
            "geo": null,
            "coordinates": null,
            "place": null,
            "contributors": null,
            "is_quote_status": false,
            "retweet_count": 205,
            "favorite_count": 47,
            "favorited": false,
            "retweeted": false,
            "possibly_sensitive": false,
            "possibly_sensitive_appealable": false,
            "lang": "ru"
        },
        "retweet_count": 2,
        "favorite_count": 1,
        "favorited": false,
        "retweeted": false,
        "possibly_sensitive": false,
        "possibly_sensitive_appealable": false,
        "lang": "und"
    },
    "is_quote_status": true,
    "quoted_status_id": 781240968657993728,
    "quoted_status_id_str": "781240968657993728",
    "retweet_count": 2,
    "favorite_count": 0,
    "favorited": false,
    "retweeted": false,
    "possibly_sensitive": false,
    "possibly_sensitive_appealable": false,
    "lang": "und"
}