{
    "created_at": "Fri Nov 10 02:58:50 +0000 2017",
    "id": 928819207332089857,
    "id_str": "928819207332089857",
    "text": "@Ingelief @KendallRaeOnYT LOL. DSB saw US #MH17 data and JIT has it now, to use as evidence should they want. Surpr\u2026 https://t.co/ZEuSElEZ8c",
    "truncated": true,
    "entities": {
        "hashtags": [
            {
                "text": "MH17",
                "indices": [
                    42,
                    47
                ]
            }
        ],
        "symbols": [],
        "user_mentions": [
            {
                "screen_name": "Ingelief",
                "name": "Inge Smit - Progressive\ud83d\udc4d\ud83d\udd4a",
                "id": 159568015,
                "id_str": "159568015",
                "indices": [
                    0,
                    9
                ]
            },
            {
                "screen_name": "KendallRaeOnYT",
                "name": "Kendall Rae\ud83d\udcab",
                "id": 620805213,
                "id_str": "620805213",
                "indices": [
                    10,
                    25
                ]
            }
        ],
        "urls": [
            {
                "url": "https://t.co/ZEuSElEZ8c",
                "expanded_url": "https://twitter.com/i/web/status/928819207332089857",
                "display_url": "twitter.com/i/web/status/9\u2026",
                "indices": [
                    117,
                    140
                ]
            }
        ]
    },
    "source": "<a href=\"http://twitter.com\" rel=\"nofollow\">Twitter Web Client</a>",
    "in_reply_to_status_id": 928762021901893632,
    "in_reply_to_status_id_str": "928762021901893632",
    "in_reply_to_user_id": 159568015,
    "in_reply_to_user_id_str": "159568015",
    "in_reply_to_screen_name": "Ingelief",
    "user": {
        "id": 2543934432,
        "id_str": "2543934432",
        "name": "Mary Lou Benjamin",
        "screen_name": "loondale",
        "location": "Pennsylvania, USA",
        "description": "M.S. Systems Science",
        "url": null,
        "entities": {
            "description": {
                "urls": []
            }
        },
        "protected": false,
        "followers_count": 2506,
        "friends_count": 2557,
        "listed_count": 53,
        "created_at": "Tue Jun 03 17:03:23 +0000 2014",
        "favourites_count": 137570,
        "utc_offset": -18000,
        "time_zone": "Eastern Time (US & Canada)",
        "geo_enabled": false,
        "verified": false,
        "statuses_count": 133126,
        "lang": "en",
        "contributors_enabled": false,
        "is_translator": false,
        "is_translation_enabled": false,
        "profile_background_color": "C0DEED",
        "profile_background_image_url": "http://abs.twimg.com/images/themes/theme1/bg.png",
        "profile_background_image_url_https": "https://abs.twimg.com/images/themes/theme1/bg.png",
        "profile_background_tile": false,
        "profile_image_url": "http://pbs.twimg.com/profile_images/476853120429875200/mANi6Rkh_normal.jpeg",
        "profile_image_url_https": "https://pbs.twimg.com/profile_images/476853120429875200/mANi6Rkh_normal.jpeg",
        "profile_banner_url": "https://pbs.twimg.com/profile_banners/2543934432/1402525831",
        "profile_link_color": "1DA1F2",
        "profile_sidebar_border_color": "C0DEED",
        "profile_sidebar_fill_color": "DDEEF6",
        "profile_text_color": "333333",
        "profile_use_background_image": true,
        "has_extended_profile": false,
        "default_profile": true,
        "default_profile_image": false,
        "following": false,
        "follow_request_sent": false,
        "notifications": false,
        "translator_type": "regular"
    },
    "geo": null,
    "coordinates": null,
    "place": null,
    "contributors": null,
    "is_quote_status": false,
    "retweet_count": 0,
    "favorite_count": 1,
    "favorited": false,
    "retweeted": false,
    "lang": "en"
}