{
    "created_at": "Tue Nov 07 18:02:34 +0000 2017",
    "id": 927959476967178240,
    "id_str": "927959476967178240",
    "text": "RT @RUriev: #MH17 \u041c\u0430\u0439\u043e\u0440 \u0412\u0421\u0423 \u0440\u0430\u0441\u0441\u043a\u0430\u0437\u0430\u043b \u043e \u0442\u0440\u0430\u0435\u043a\u0442\u043e\u0440\u0438\u0438 \u0434\u0432\u0438\u0436\u0435\u043d\u0438\u044f \u0443\u043a\u0440\u0430\u0438\u043d\u0441\u043a\u0438\u0445 \u00ab\u0411\u0443\u043a\u043e\u0432\u00bb, \u0440\u0430\u0441\u0441\u0442\u0440\u0435\u043b\u044f\u0432\u0448\u0438\u0445 Boeing MH17 https://t.co/ZKcescWxLx",
    "truncated": false,
    "entities": {
        "hashtags": [
            {
                "text": "MH17",
                "indices": [
                    12,
                    17
                ]
            }
        ],
        "symbols": [],
        "user_mentions": [
            {
                "screen_name": "RUriev",
                "name": "Roman Uriev",
                "id": 2685203658,
                "id_str": "2685203658",
                "indices": [
                    3,
                    10
                ]
            }
        ],
        "urls": [],
        "media": [
            {
                "id": 916852811165523970,
                "id_str": "916852811165523970",
                "indices": [
                    106,
                    129
                ],
                "media_url": "http://pbs.twimg.com/ext_tw_video_thumb/916852811165523970/pu/img/hiFIpgaIFwOlhOkr.jpg",
                "media_url_https": "https://pbs.twimg.com/ext_tw_video_thumb/916852811165523970/pu/img/hiFIpgaIFwOlhOkr.jpg",
                "url": "https://t.co/ZKcescWxLx",
                "display_url": "pic.twitter.com/ZKcescWxLx",
                "expanded_url": "https://twitter.com/RUriev/status/916853751184609280/video/1",
                "type": "photo",
                "sizes": {
                    "small": {
                        "w": 666,
                        "h": 376,
                        "resize": "fit"
                    },
                    "thumb": {
                        "w": 150,
                        "h": 150,
                        "resize": "crop"
                    },
                    "medium": {
                        "w": 666,
                        "h": 376,
                        "resize": "fit"
                    },
                    "large": {
                        "w": 666,
                        "h": 376,
                        "resize": "fit"
                    }
                },
                "source_status_id": 916853751184609280,
                "source_status_id_str": "916853751184609280",
                "source_user_id": 2685203658,
                "source_user_id_str": "2685203658"
            }
        ]
    },
    "extended_entities": {
        "media": [
            {
                "id": 916852811165523970,
                "id_str": "916852811165523970",
                "indices": [
                    106,
                    129
                ],
                "media_url": "http://pbs.twimg.com/ext_tw_video_thumb/916852811165523970/pu/img/hiFIpgaIFwOlhOkr.jpg",
                "media_url_https": "https://pbs.twimg.com/ext_tw_video_thumb/916852811165523970/pu/img/hiFIpgaIFwOlhOkr.jpg",
                "url": "https://t.co/ZKcescWxLx",
                "display_url": "pic.twitter.com/ZKcescWxLx",
                "expanded_url": "https://twitter.com/RUriev/status/916853751184609280/video/1",
                "type": "video",
                "sizes": {
                    "small": {
                        "w": 666,
                        "h": 376,
                        "resize": "fit"
                    },
                    "thumb": {
                        "w": 150,
                        "h": 150,
                        "resize": "crop"
                    },
                    "medium": {
                        "w": 666,
                        "h": 376,
                        "resize": "fit"
                    },
                    "large": {
                        "w": 666,
                        "h": 376,
                        "resize": "fit"
                    }
                },
                "source_status_id": 916853751184609280,
                "source_status_id_str": "916853751184609280",
                "source_user_id": 2685203658,
                "source_user_id_str": "2685203658",
                "video_info": {
                    "aspect_ratio": [
                        333,
                        188
                    ],
                    "duration_millis": 140000,
                    "variants": [
                        {
                            "bitrate": 832000,
                            "content_type": "video/mp4",
                            "url": "https://video.twimg.com/ext_tw_video/916852811165523970/pu/vid/636x360/S4n69VA8lNkConTt.mp4"
                        },
                        {
                            "content_type": "application/x-mpegURL",
                            "url": "https://video.twimg.com/ext_tw_video/916852811165523970/pu/pl/FiumRuBYohLKbcRi.m3u8"
                        },
                        {
                            "bitrate": 256000,
                            "content_type": "video/mp4",
                            "url": "https://video.twimg.com/ext_tw_video/916852811165523970/pu/vid/318x180/XWE57YoQUkmuwuYG.mp4"
                        }
                    ]
                },
                "additional_media_info": {
                    "monetizable": false,
                    "source_user": {
                        "id": 2685203658,
                        "id_str": "2685203658",
                        "name": "Roman Uriev",
                        "screen_name": "RUriev",
                        "location": "",
                        "description": "",
                        "url": null,
                        "entities": {
                            "description": {
                                "urls": []
                            }
                        },
                        "protected": false,
                        "followers_count": 648,
                        "friends_count": 207,
                        "listed_count": 28,
                        "created_at": "Sun Jul 27 14:45:49 +0000 2014",
                        "favourites_count": 1011,
                        "utc_offset": null,
                        "time_zone": null,
                        "geo_enabled": true,
                        "verified": false,
                        "statuses_count": 8589,
                        "lang": "ru",
                        "contributors_enabled": false,
                        "is_translator": false,
                        "is_translation_enabled": false,
                        "profile_background_color": "C0DEED",
                        "profile_background_image_url": "http://abs.twimg.com/images/themes/theme1/bg.png",
                        "profile_background_image_url_https": "https://abs.twimg.com/images/themes/theme1/bg.png",
                        "profile_background_tile": false,
                        "profile_image_url": "http://pbs.twimg.com/profile_images/871316750943612928/50eiVu4Q_normal.jpg",
                        "profile_image_url_https": "https://pbs.twimg.com/profile_images/871316750943612928/50eiVu4Q_normal.jpg",
                        "profile_banner_url": "https://pbs.twimg.com/profile_banners/2685203658/1459575264",
                        "profile_link_color": "1DA1F2",
                        "profile_sidebar_border_color": "C0DEED",
                        "profile_sidebar_fill_color": "DDEEF6",
                        "profile_text_color": "333333",
                        "profile_use_background_image": true,
                        "has_extended_profile": false,
                        "default_profile": true,
                        "default_profile_image": false,
                        "following": false,
                        "follow_request_sent": false,
                        "notifications": false,
                        "translator_type": "none"
                    }
                }
            }
        ]
    },
    "source": "<a href=\"http://twitter.com/download/android\" rel=\"nofollow\">Twitter for Android</a>",
    "in_reply_to_status_id": null,
    "in_reply_to_status_id_str": null,
    "in_reply_to_user_id": null,
    "in_reply_to_user_id_str": null,
    "in_reply_to_screen_name": null,
    "user": {
        "id": 456686553,
        "id_str": "456686553",
        "name": "\u0410\u043d\u0434\u0440\u0435\u0439 \u0421\u041c\u0418\u0420\u041d\u041e\u0412",
        "screen_name": "asko_info",
        "location": "\u0421\u0432\u0463\u0442\u0430\u0467 \u048e\u0263\u00e7\u10ee - \u0412\u0435\u043b\u0438\u043a\u0430\u044f \u0422\u0430\u0440\u0442\u0430\u0440\u0438\u044f",
        "description": "\u0421 \u041d\u043e\u0432\u044b\u043c 7526 \u043b\u0463\u0442\u043e\u043c \u043e\u0442 \u0421.\u041c.\u0417.\u0425.!",
        "url": null,
        "entities": {
            "description": {
                "urls": []
            }
        },
        "protected": false,
        "followers_count": 8345,
        "friends_count": 8422,
        "listed_count": 106,
        "created_at": "Fri Jan 06 14:53:59 +0000 2012",
        "favourites_count": 20100,
        "utc_offset": 10800,
        "time_zone": "Moscow",
        "geo_enabled": false,
        "verified": false,
        "statuses_count": 104517,
        "lang": "ru",
        "contributors_enabled": false,
        "is_translator": false,
        "is_translation_enabled": false,
        "profile_background_color": "EDECE9",
        "profile_background_image_url": "http://pbs.twimg.com/profile_background_images/463930510910042112/8CM93bXt.jpeg",
        "profile_background_image_url_https": "https://pbs.twimg.com/profile_background_images/463930510910042112/8CM93bXt.jpeg",
        "profile_background_tile": false,
        "profile_image_url": "http://pbs.twimg.com/profile_images/803868764471259137/0DFxGC7C_normal.jpg",
        "profile_image_url_https": "https://pbs.twimg.com/profile_images/803868764471259137/0DFxGC7C_normal.jpg",
        "profile_banner_url": "https://pbs.twimg.com/profile_banners/456686553/1479916724",
        "profile_link_color": "FA743E",
        "profile_sidebar_border_color": "FFFFFF",
        "profile_sidebar_fill_color": "DDEEF6",
        "profile_text_color": "333333",
        "profile_use_background_image": true,
        "has_extended_profile": false,
        "default_profile": false,
        "default_profile_image": false,
        "following": false,
        "follow_request_sent": false,
        "notifications": false,
        "translator_type": "none"
    },
    "geo": null,
    "coordinates": null,
    "place": null,
    "contributors": null,
    "retweeted_status": {
        "created_at": "Sun Oct 08 02:32:23 +0000 2017",
        "id": 916853751184609280,
        "id_str": "916853751184609280",
        "text": "#MH17 \u041c\u0430\u0439\u043e\u0440 \u0412\u0421\u0423 \u0440\u0430\u0441\u0441\u043a\u0430\u0437\u0430\u043b \u043e \u0442\u0440\u0430\u0435\u043a\u0442\u043e\u0440\u0438\u0438 \u0434\u0432\u0438\u0436\u0435\u043d\u0438\u044f \u0443\u043a\u0440\u0430\u0438\u043d\u0441\u043a\u0438\u0445 \u00ab\u0411\u0443\u043a\u043e\u0432\u00bb, \u0440\u0430\u0441\u0441\u0442\u0440\u0435\u043b\u044f\u0432\u0448\u0438\u0445 Boeing MH17 https://t.co/ZKcescWxLx",
        "truncated": false,
        "entities": {
            "hashtags": [
                {
                    "text": "MH17",
                    "indices": [
                        0,
                        5
                    ]
                }
            ],
            "symbols": [],
            "user_mentions": [],
            "urls": [],
            "media": [
                {
                    "id": 916852811165523970,
                    "id_str": "916852811165523970",
                    "indices": [
                        94,
                        117
                    ],
                    "media_url": "http://pbs.twimg.com/ext_tw_video_thumb/916852811165523970/pu/img/hiFIpgaIFwOlhOkr.jpg",
                    "media_url_https": "https://pbs.twimg.com/ext_tw_video_thumb/916852811165523970/pu/img/hiFIpgaIFwOlhOkr.jpg",
                    "url": "https://t.co/ZKcescWxLx",
                    "display_url": "pic.twitter.com/ZKcescWxLx",
                    "expanded_url": "https://twitter.com/RUriev/status/916853751184609280/video/1",
                    "type": "photo",
                    "sizes": {
                        "small": {
                            "w": 666,
                            "h": 376,
                            "resize": "fit"
                        },
                        "thumb": {
                            "w": 150,
                            "h": 150,
                            "resize": "crop"
                        },
                        "medium": {
                            "w": 666,
                            "h": 376,
                            "resize": "fit"
                        },
                        "large": {
                            "w": 666,
                            "h": 376,
                            "resize": "fit"
                        }
                    }
                }
            ]
        },
        "extended_entities": {
            "media": [
                {
                    "id": 916852811165523970,
                    "id_str": "916852811165523970",
                    "indices": [
                        94,
                        117
                    ],
                    "media_url": "http://pbs.twimg.com/ext_tw_video_thumb/916852811165523970/pu/img/hiFIpgaIFwOlhOkr.jpg",
                    "media_url_https": "https://pbs.twimg.com/ext_tw_video_thumb/916852811165523970/pu/img/hiFIpgaIFwOlhOkr.jpg",
                    "url": "https://t.co/ZKcescWxLx",
                    "display_url": "pic.twitter.com/ZKcescWxLx",
                    "expanded_url": "https://twitter.com/RUriev/status/916853751184609280/video/1",
                    "type": "video",
                    "sizes": {
                        "small": {
                            "w": 666,
                            "h": 376,
                            "resize": "fit"
                        },
                        "thumb": {
                            "w": 150,
                            "h": 150,
                            "resize": "crop"
                        },
                        "medium": {
                            "w": 666,
                            "h": 376,
                            "resize": "fit"
                        },
                        "large": {
                            "w": 666,
                            "h": 376,
                            "resize": "fit"
                        }
                    },
                    "video_info": {
                        "aspect_ratio": [
                            333,
                            188
                        ],
                        "duration_millis": 140000,
                        "variants": [
                            {
                                "bitrate": 832000,
                                "content_type": "video/mp4",
                                "url": "https://video.twimg.com/ext_tw_video/916852811165523970/pu/vid/636x360/S4n69VA8lNkConTt.mp4"
                            },
                            {
                                "content_type": "application/x-mpegURL",
                                "url": "https://video.twimg.com/ext_tw_video/916852811165523970/pu/pl/FiumRuBYohLKbcRi.m3u8"
                            },
                            {
                                "bitrate": 256000,
                                "content_type": "video/mp4",
                                "url": "https://video.twimg.com/ext_tw_video/916852811165523970/pu/vid/318x180/XWE57YoQUkmuwuYG.mp4"
                            }
                        ]
                    },
                    "additional_media_info": {
                        "monetizable": false
                    }
                }
            ]
        },
        "source": "<a href=\"http://twitter.com\" rel=\"nofollow\">Twitter Web Client</a>",
        "in_reply_to_status_id": null,
        "in_reply_to_status_id_str": null,
        "in_reply_to_user_id": null,
        "in_reply_to_user_id_str": null,
        "in_reply_to_screen_name": null,
        "user": {
            "id": 2685203658,
            "id_str": "2685203658",
            "name": "Roman Uriev",
            "screen_name": "RUriev",
            "location": "",
            "description": "",
            "url": null,
            "entities": {
                "description": {
                    "urls": []
                }
            },
            "protected": false,
            "followers_count": 648,
            "friends_count": 207,
            "listed_count": 28,
            "created_at": "Sun Jul 27 14:45:49 +0000 2014",
            "favourites_count": 1011,
            "utc_offset": null,
            "time_zone": null,
            "geo_enabled": true,
            "verified": false,
            "statuses_count": 8589,
            "lang": "ru",
            "contributors_enabled": false,
            "is_translator": false,
            "is_translation_enabled": false,
            "profile_background_color": "C0DEED",
            "profile_background_image_url": "http://abs.twimg.com/images/themes/theme1/bg.png",
            "profile_background_image_url_https": "https://abs.twimg.com/images/themes/theme1/bg.png",
            "profile_background_tile": false,
            "profile_image_url": "http://pbs.twimg.com/profile_images/871316750943612928/50eiVu4Q_normal.jpg",
            "profile_image_url_https": "https://pbs.twimg.com/profile_images/871316750943612928/50eiVu4Q_normal.jpg",
            "profile_banner_url": "https://pbs.twimg.com/profile_banners/2685203658/1459575264",
            "profile_link_color": "1DA1F2",
            "profile_sidebar_border_color": "C0DEED",
            "profile_sidebar_fill_color": "DDEEF6",
            "profile_text_color": "333333",
            "profile_use_background_image": true,
            "has_extended_profile": false,
            "default_profile": true,
            "default_profile_image": false,
            "following": false,
            "follow_request_sent": false,
            "notifications": false,
            "translator_type": "none"
        },
        "geo": null,
        "coordinates": null,
        "place": null,
        "contributors": null,
        "is_quote_status": false,
        "retweet_count": 24,
        "favorite_count": 12,
        "favorited": false,
        "retweeted": false,
        "possibly_sensitive": false,
        "possibly_sensitive_appealable": false,
        "lang": "ru"
    },
    "is_quote_status": false,
    "retweet_count": 24,
    "favorite_count": 0,
    "favorited": false,
    "retweeted": false,
    "possibly_sensitive": false,
    "possibly_sensitive_appealable": false,
    "lang": "ru"
}