{
    "created_at": "Wed Sep 28 12:10:48 +0000 2016",
    "id": 781103866175709185,
    "id_str": "781103866175709185",
    "text": "\u041c\u0456\u0436\u043d\u0430\u0440\u043e\u0434\u043d\u0430 \u0441\u043b\u0456\u0434\u0447\u0430 \u0433\u0440\u0443\u043f\u0430 \u041c\u041d17 \u0440\u043e\u0437\u0448\u0443\u043a\u0443\u0454 \u0441\u0432\u0456\u0434\u043a\u0456\u0432 \u0449\u043e\u0434\u043e \u043e\u0441\u0456\u0431 \u201c\u041e\u0440\u0456\u043e\u043d\u0430\u201d \u0442\u0430 \u201c\u0414\u0435\u043b\u044c\u0444\u0456\u043d\u0430\". https://t.co/uTWEQNO6h1 #MH17 #\u041e\u0440\u0456\u043e\u043d #\u0414\u0435\u043b\u044c\u0444\u0456\u043d",
    "truncated": false,
    "entities": {
        "hashtags": [
            {
                "text": "MH17",
                "indices": [
                    104,
                    109
                ]
            },
            {
                "text": "\u041e\u0440\u0456\u043e\u043d",
                "indices": [
                    110,
                    116
                ]
            },
            {
                "text": "\u0414\u0435\u043b\u044c\u0444\u0456\u043d",
                "indices": [
                    117,
                    125
                ]
            }
        ],
        "symbols": [],
        "user_mentions": [],
        "urls": [
            {
                "url": "https://t.co/uTWEQNO6h1",
                "expanded_url": "http://www.jitmh17.com",
                "display_url": "jitmh17.com",
                "indices": [
                    80,
                    103
                ]
            }
        ]
    },
    "source": "<a href=\"https://mobile.twitter.com\" rel=\"nofollow\">Mobile Web (M2)</a>",
    "in_reply_to_status_id": null,
    "in_reply_to_status_id_str": null,
    "in_reply_to_user_id": null,
    "in_reply_to_user_id_str": null,
    "in_reply_to_screen_name": null,
    "user": {
        "id": 3128548403,
        "id_str": "3128548403",
        "name": "JIT MH17",
        "screen_name": "JITMH17",
        "location": "Netherlands",
        "description": "Official account of Joint International Criminal Investigation Team MH17",
        "url": "http://t.co/938nN6n278",
        "entities": {
            "url": {
                "urls": [
                    {
                        "url": "http://t.co/938nN6n278",
                        "expanded_url": "http://www.JITMH17.com",
                        "display_url": "JITMH17.com",
                        "indices": [
                            0,
                            22
                        ]
                    }
                ]
            },
            "description": {
                "urls": []
            }
        },
        "protected": false,
        "followers_count": 2523,
        "friends_count": 10,
        "listed_count": 72,
        "created_at": "Mon Mar 30 09:03:41 +0000 2015",
        "favourites_count": 0,
        "utc_offset": 3600,
        "time_zone": "Amsterdam",
        "geo_enabled": false,
        "verified": false,
        "statuses_count": 44,
        "lang": "en",
        "contributors_enabled": false,
        "is_translator": false,
        "is_translation_enabled": false,
        "profile_background_color": "004380",
        "profile_background_image_url": "http://abs.twimg.com/images/themes/theme1/bg.png",
        "profile_background_image_url_https": "https://abs.twimg.com/images/themes/theme1/bg.png",
        "profile_background_tile": false,
        "profile_image_url": "http://pbs.twimg.com/profile_images/582468584397352960/kvs9iK-7_normal.jpg",
        "profile_image_url_https": "https://pbs.twimg.com/profile_images/582468584397352960/kvs9iK-7_normal.jpg",
        "profile_banner_url": "https://pbs.twimg.com/profile_banners/3128548403/1427706398",
        "profile_link_color": "BE9E55",
        "profile_sidebar_border_color": "C0DEED",
        "profile_sidebar_fill_color": "DDEEF6",
        "profile_text_color": "333333",
        "profile_use_background_image": true,
        "has_extended_profile": false,
        "default_profile": false,
        "default_profile_image": false,
        "following": false,
        "follow_request_sent": false,
        "notifications": false,
        "translator_type": "none"
    },
    "geo": null,
    "coordinates": null,
    "place": null,
    "contributors": null,
    "is_quote_status": false,
    "retweet_count": 29,
    "favorite_count": 4,
    "favorited": false,
    "retweeted": false,
    "possibly_sensitive": false,
    "possibly_sensitive_appealable": false,
    "lang": "uk"
}