{
    "created_at": "Tue Jan 31 10:31:32 +0000 2017",
    "id": 826377367916523520,
    "id_str": "826377367916523520",
    "text": "RT @MH17_RUS: \u041c\u044b \u043f\u043e\u043c\u043d\u0438\u043c. \"\u041d\u0435\u043e\u043f\u0440\u043e\u0432\u0435\u0440\u0436\u0438\u043c\u044b\u0435\" \u0434\u043e\u043a\u0430\u0437\u0430\u0442\u0435\u043b\u044c\u0441\u0442\u0432\u0430 \u0432 \u0432\u0438\u0434\u0435 \u0434\u0430\u043d\u043d\u044b\u0445 \u0441\u0440\u0435\u0434\u0441\u0442\u0432 \u043e\u0431\u044c\u0435\u043a\u0442\u0438\u0432\u043d\u043e\u0433\u043e \u043a\u043e\u043d\u0442\u0440\u043e\u043b\u044f:\n\"\u0411\u041e\u0418\u041d\u0413 #MH17 \u0421\u0411\u0418\u0422 \u0423\u041a\u0420\u0410\u0418\u041d\u0421\u041a\u0418\u041c \u0421\u0423-25\".\u2026",
    "truncated": false,
    "entities": {
        "hashtags": [
            {
                "text": "MH17",
                "indices": [
                    109,
                    114
                ]
            }
        ],
        "symbols": [],
        "user_mentions": [
            {
                "screen_name": "MH17_RUS",
                "name": "MH17Ru",
                "id": 772710433824333824,
                "id_str": "772710433824333824",
                "indices": [
                    3,
                    12
                ]
            }
        ],
        "urls": []
    },
    "source": "<a href=\"http://twitter.com/download/android\" rel=\"nofollow\">Twitter for Android</a>",
    "in_reply_to_status_id": null,
    "in_reply_to_status_id_str": null,
    "in_reply_to_user_id": null,
    "in_reply_to_user_id_str": null,
    "in_reply_to_screen_name": null,
    "user": {
        "id": 371972173,
        "id_str": "371972173",
        "name": "Myroslava Petsa",
        "screen_name": "myroslavapetsa",
        "location": "Kyiv, Ukraine",
        "description": "Mom to tiny twins. BBC Ukrainian Service journalist. Views are mine. RT\u2260endorsement",
        "url": "https://t.co/pZJQCPaqFN",
        "entities": {
            "url": {
                "urls": [
                    {
                        "url": "https://t.co/pZJQCPaqFN",
                        "expanded_url": "http://myroslavapetsa.wordpress.com",
                        "display_url": "myroslavapetsa.wordpress.com",
                        "indices": [
                            0,
                            23
                        ]
                    }
                ]
            },
            "description": {
                "urls": []
            }
        },
        "protected": false,
        "followers_count": 15790,
        "friends_count": 1718,
        "listed_count": 949,
        "created_at": "Sun Sep 11 21:39:18 +0000 2011",
        "favourites_count": 3002,
        "utc_offset": 7200,
        "time_zone": "Kyiv",
        "geo_enabled": true,
        "verified": false,
        "statuses_count": 10138,
        "lang": "en",
        "contributors_enabled": false,
        "is_translator": false,
        "is_translation_enabled": false,
        "profile_background_color": "C0DEED",
        "profile_background_image_url": "http://abs.twimg.com/images/themes/theme1/bg.png",
        "profile_background_image_url_https": "https://abs.twimg.com/images/themes/theme1/bg.png",
        "profile_background_tile": false,
        "profile_image_url": "http://pbs.twimg.com/profile_images/472336970534756353/uOD-X1s9_normal.jpeg",
        "profile_image_url_https": "https://pbs.twimg.com/profile_images/472336970534756353/uOD-X1s9_normal.jpeg",
        "profile_banner_url": "https://pbs.twimg.com/profile_banners/371972173/1408452393",
        "profile_link_color": "0084B4",
        "profile_sidebar_border_color": "FFFFFF",
        "profile_sidebar_fill_color": "DDEEF6",
        "profile_text_color": "333333",
        "profile_use_background_image": false,
        "has_extended_profile": false,
        "default_profile": false,
        "default_profile_image": false,
        "following": false,
        "follow_request_sent": false,
        "notifications": false,
        "translator_type": "none"
    },
    "geo": null,
    "coordinates": null,
    "place": null,
    "contributors": null,
    "retweeted_status": {
        "created_at": "Tue Jan 31 10:30:34 +0000 2017",
        "id": 826377122662998018,
        "id_str": "826377122662998018",
        "text": "\u041c\u044b \u043f\u043e\u043c\u043d\u0438\u043c. \"\u041d\u0435\u043e\u043f\u0440\u043e\u0432\u0435\u0440\u0436\u0438\u043c\u044b\u0435\" \u0434\u043e\u043a\u0430\u0437\u0430\u0442\u0435\u043b\u044c\u0441\u0442\u0432\u0430 \u0432 \u0432\u0438\u0434\u0435 \u0434\u0430\u043d\u043d\u044b\u0445 \u0441\u0440\u0435\u0434\u0441\u0442\u0432 \u043e\u0431\u044c\u0435\u043a\u0442\u0438\u0432\u043d\u043e\u0433\u043e \u043a\u043e\u043d\u0442\u0440\u043e\u043b\u044f:\n\"\u0411\u041e\u0418\u041d\u0413 #MH17 \u0421\u0411\u0418\u0422 \u0423\u041a\u0420\u0410\u0418\u041d\u0421\u041a\u0418\u2026 https://t.co/jJ2FG5UCfm",
        "truncated": true,
        "entities": {
            "hashtags": [
                {
                    "text": "MH17",
                    "indices": [
                        95,
                        100
                    ]
                }
            ],
            "symbols": [],
            "user_mentions": [],
            "urls": [
                {
                    "url": "https://t.co/jJ2FG5UCfm",
                    "expanded_url": "https://twitter.com/i/web/status/826377122662998018",
                    "display_url": "twitter.com/i/web/status/8\u2026",
                    "indices": [
                        117,
                        140
                    ]
                }
            ]
        },
        "source": "<a href=\"http://twitter.com/download/android\" rel=\"nofollow\">Twitter for Android</a>",
        "in_reply_to_status_id": null,
        "in_reply_to_status_id_str": null,
        "in_reply_to_user_id": null,
        "in_reply_to_user_id_str": null,
        "in_reply_to_screen_name": null,
        "user": {
            "id": 772710433824333824,
            "id_str": "772710433824333824",
            "name": "MH17Ru",
            "screen_name": "MH17_RUS",
            "location": "",
            "description": "\u0414\u043b\u044f \u0441\u043e\u043a\u0440\u044b\u0442\u0438\u044f \u043f\u0440\u0438\u0447\u0438\u043d \u0433\u0438\u0431\u0435\u043b\u0438 298 \u0447\u0435\u043b\u043e\u0432\u0435\u043a, \u041f\u0443\u0442\u0438\u043d \u0438 \u0440\u044f\u0434 \u043e\u0444\u0438\u0446\u0438\u0430\u043b\u044c\u043d\u044b\u0445 \u043b\u0438\u0446 \u0420\u0424 \u043d\u0430\u043c\u0435\u0440\u0435\u043d\u043d\u043e \u043b\u0433\u0443\u0442 \u0438 \u043f\u0440\u043e\u0442\u0438\u0432\u043e\u0434\u0435\u0439\u0441\u0442\u0432\u0443\u044e\u0442 \u0443\u0441\u0442\u0430\u043d\u043e\u0432\u043b\u0435\u043d\u0438\u044e \u0438\u0441\u0442\u0438\u043d\u044b. \u0423\u0431\u0438\u0439\u0446\u044b \u0434\u043e\u043b\u0436\u043d\u044b \u0431\u044b\u0442\u044c \u043d\u0430\u043a\u0430\u0437\u0430\u043d\u044b.",
            "url": null,
            "entities": {
                "description": {
                    "urls": []
                }
            },
            "protected": false,
            "followers_count": 4792,
            "friends_count": 206,
            "listed_count": 62,
            "created_at": "Mon Sep 05 08:18:18 +0000 2016",
            "favourites_count": 3582,
            "utc_offset": -28800,
            "time_zone": "Pacific Time (US & Canada)",
            "geo_enabled": false,
            "verified": false,
            "statuses_count": 13775,
            "lang": "ru",
            "contributors_enabled": false,
            "is_translator": false,
            "is_translation_enabled": false,
            "profile_background_color": "F5F8FA",
            "profile_background_image_url": null,
            "profile_background_image_url_https": null,
            "profile_background_tile": false,
            "profile_image_url": "http://pbs.twimg.com/profile_images/772782363164237824/MUruy08U_normal.jpg",
            "profile_image_url_https": "https://pbs.twimg.com/profile_images/772782363164237824/MUruy08U_normal.jpg",
            "profile_banner_url": "https://pbs.twimg.com/profile_banners/772710433824333824/1473080571",
            "profile_link_color": "1DA1F2",
            "profile_sidebar_border_color": "C0DEED",
            "profile_sidebar_fill_color": "DDEEF6",
            "profile_text_color": "333333",
            "profile_use_background_image": true,
            "has_extended_profile": false,
            "default_profile": true,
            "default_profile_image": false,
            "following": false,
            "follow_request_sent": false,
            "notifications": false,
            "translator_type": "none"
        },
        "geo": null,
        "coordinates": null,
        "place": null,
        "contributors": null,
        "is_quote_status": true,
        "quoted_status_id": 826375810802139137,
        "quoted_status_id_str": "826375810802139137",
        "quoted_status": {
            "created_at": "Tue Jan 31 10:25:21 +0000 2017",
            "id": 826375810802139137,
            "id_str": "826375810802139137",
            "text": "\u0423 \u041a\u0440\u0435\u043c\u043b\u044f \u0435\u0441\u0442\u044c \u0434\u043e\u0441\u0442\u043e\u0432\u0435\u0440\u043d\u044b\u0435 \u0441\u0432\u0435\u0434\u0435\u043d\u0438\u044f, \u0447\u0442\u043e \u0410\u0432\u0434\u0435\u0435\u0432\u043a\u0443 \u0430\u0442\u0430\u043a\u043e\u0432\u0430\u043b\u0438 \u0443\u043a\u0440\u0430\u0438\u043d\u0441\u043a\u0438\u0435 \u0441\u0438\u043b\u044b\nhttps://t.co/IlKPEbQOq8 https://t.co/5xs7pDCpvk",
            "truncated": false,
            "entities": {
                "hashtags": [],
                "symbols": [],
                "user_mentions": [],
                "urls": [
                    {
                        "url": "https://t.co/IlKPEbQOq8",
                        "expanded_url": "https://ria.ru/world/20170131/1486843831.html",
                        "display_url": "ria.ru/world/20170131\u2026",
                        "indices": [
                            75,
                            98
                        ]
                    }
                ],
                "media": [
                    {
                        "id": 826375793014091776,
                        "id_str": "826375793014091776",
                        "indices": [
                            99,
                            122
                        ],
                        "media_url": "http://pbs.twimg.com/media/C3fgZ8mWMAAgxQU.jpg",
                        "media_url_https": "https://pbs.twimg.com/media/C3fgZ8mWMAAgxQU.jpg",
                        "url": "https://t.co/5xs7pDCpvk",
                        "display_url": "pic.twitter.com/5xs7pDCpvk",
                        "expanded_url": "https://twitter.com/riabreakingnews/status/826375810802139137/photo/1",
                        "type": "photo",
                        "sizes": {
                            "large": {
                                "w": 640,
                                "h": 403,
                                "resize": "fit"
                            },
                            "thumb": {
                                "w": 150,
                                "h": 150,
                                "resize": "crop"
                            },
                            "small": {
                                "w": 640,
                                "h": 403,
                                "resize": "fit"
                            },
                            "medium": {
                                "w": 640,
                                "h": 403,
                                "resize": "fit"
                            }
                        }
                    }
                ]
            },
            "extended_entities": {
                "media": [
                    {
                        "id": 826375793014091776,
                        "id_str": "826375793014091776",
                        "indices": [
                            99,
                            122
                        ],
                        "media_url": "http://pbs.twimg.com/media/C3fgZ8mWMAAgxQU.jpg",
                        "media_url_https": "https://pbs.twimg.com/media/C3fgZ8mWMAAgxQU.jpg",
                        "url": "https://t.co/5xs7pDCpvk",
                        "display_url": "pic.twitter.com/5xs7pDCpvk",
                        "expanded_url": "https://twitter.com/riabreakingnews/status/826375810802139137/photo/1",
                        "type": "photo",
                        "sizes": {
                            "large": {
                                "w": 640,
                                "h": 403,
                                "resize": "fit"
                            },
                            "thumb": {
                                "w": 150,
                                "h": 150,
                                "resize": "crop"
                            },
                            "small": {
                                "w": 640,
                                "h": 403,
                                "resize": "fit"
                            },
                            "medium": {
                                "w": 640,
                                "h": 403,
                                "resize": "fit"
                            }
                        }
                    }
                ]
            },
            "source": "<a href=\"https://about.twitter.com/products/tweetdeck\" rel=\"nofollow\">TweetDeck</a>",
            "in_reply_to_status_id": null,
            "in_reply_to_status_id_str": null,
            "in_reply_to_user_id": null,
            "in_reply_to_user_id_str": null,
            "in_reply_to_screen_name": null,
            "user": {
                "id": 143326098,
                "id_str": "143326098",
                "name": "\u0420\u0418\u0410 \u041d\u043e\u0432\u043e\u0441\u0442\u0438",
                "screen_name": "riabreakingnews",
                "location": "",
                "description": "\u0421\u0440\u043e\u0447\u043d\u044b\u0435 \u0441\u043e\u043e\u0431\u0449\u0435\u043d\u0438\u044f \u0420\u0418\u0410 \u041d\u043e\u0432\u043e\u0441\u0442\u0438.     \u0421\u043b\u0435\u0434\u0443\u0439\u0442\u0435 \u0442\u0430\u043a\u0436\u0435 \u0437\u0430 @rianru",
                "url": "http://t.co/mCH760GpC9",
                "entities": {
                    "url": {
                        "urls": [
                            {
                                "url": "http://t.co/mCH760GpC9",
                                "expanded_url": "http://ria.ru",
                                "display_url": "ria.ru",
                                "indices": [
                                    0,
                                    22
                                ]
                            }
                        ]
                    },
                    "description": {
                        "urls": []
                    }
                },
                "protected": false,
                "followers_count": 479164,
                "friends_count": 3,
                "listed_count": 2844,
                "created_at": "Thu May 13 05:03:16 +0000 2010",
                "favourites_count": 0,
                "utc_offset": 10800,
                "time_zone": "Moscow",
                "geo_enabled": false,
                "verified": true,
                "statuses_count": 26835,
                "lang": "ru",
                "contributors_enabled": false,
                "is_translator": false,
                "is_translation_enabled": false,
                "profile_background_color": "DEE9F2",
                "profile_background_image_url": "http://pbs.twimg.com/profile_background_images/378800000157981592/eypZ6E5P.png",
                "profile_background_image_url_https": "https://pbs.twimg.com/profile_background_images/378800000157981592/eypZ6E5P.png",
                "profile_background_tile": false,
                "profile_image_url": "http://pbs.twimg.com/profile_images/918482949590446081/1kMI9UWH_normal.jpg",
                "profile_image_url_https": "https://pbs.twimg.com/profile_images/918482949590446081/1kMI9UWH_normal.jpg",
                "profile_banner_url": "https://pbs.twimg.com/profile_banners/143326098/1507818392",
                "profile_link_color": "4074A1",
                "profile_sidebar_border_color": "FFFFFF",
                "profile_sidebar_fill_color": "DDEEF6",
                "profile_text_color": "333333",
                "profile_use_background_image": true,
                "has_extended_profile": false,
                "default_profile": false,
                "default_profile_image": false,
                "following": false,
                "follow_request_sent": false,
                "notifications": false,
                "translator_type": "none"
            },
            "geo": null,
            "coordinates": null,
            "place": null,
            "contributors": null,
            "is_quote_status": false,
            "retweet_count": 26,
            "favorite_count": 20,
            "favorited": false,
            "retweeted": false,
            "possibly_sensitive": false,
            "possibly_sensitive_appealable": false,
            "lang": "ru"
        },
        "retweet_count": 6,
        "favorite_count": 6,
        "favorited": false,
        "retweeted": false,
        "possibly_sensitive": false,
        "possibly_sensitive_appealable": false,
        "lang": "ru"
    },
    "is_quote_status": true,
    "quoted_status_id": 826375810802139137,
    "quoted_status_id_str": "826375810802139137",
    "retweet_count": 6,
    "favorite_count": 0,
    "favorited": false,
    "retweeted": false,
    "lang": "ru"
}