{
    "created_at": "Fri Nov 24 21:10:38 +0000 2017",
    "id": 934167399351443461,
    "id_str": "934167399351443461",
    "text": "#\u041b\u0443\u043a\u0430\u0448\u0435\u0432\u0438\u0447: \u041d\u0430 4-\u044e \u0433\u043e\u0434\u043e\u0432\u0449\u0438\u043d\u0443 \u00ab\u043c\u0430\u0439\u0434\u0430\u043d\u0430\u00bb, \u043d\u0430 \u0443\u043b\u0438\u0446\u044b \u041a\u0438\u0435\u0432\u0430 \u0441\u043d\u043e\u0432\u0430 \u0432\u044b\u0448\u043b\u0438 \u0441\u043e\u0442\u043d\u0438 \u0447\u0435\u043b\u043e\u0432\u0435\u043a. \u041d\u043e \u043c\u0438\u0442\u0438\u043d\u0433\u0443\u044e\u0449\u0438\u0445 \u043d\u0438\u043a\u0442\u043e \u043d\u0435 \u043f\u043e\u0434\u043a\u0430\u0440\u043c\u043b\u0438\u2026 https://t.co/YLgfkTBHnD",
    "truncated": true,
    "entities": {
        "hashtags": [
            {
                "text": "\u041b\u0443\u043a\u0430\u0448\u0435\u0432\u0438\u0447",
                "indices": [
                    0,
                    10
                ]
            }
        ],
        "symbols": [],
        "user_mentions": [],
        "urls": [
            {
                "url": "https://t.co/YLgfkTBHnD",
                "expanded_url": "https://twitter.com/i/web/status/934167399351443461",
                "display_url": "twitter.com/i/web/status/9\u2026",
                "indices": [
                    117,
                    140
                ]
            }
        ]
    },
    "source": "<a href=\"http://twitter.com\" rel=\"nofollow\">Twitter Web Client</a>",
    "in_reply_to_status_id": null,
    "in_reply_to_status_id_str": null,
    "in_reply_to_user_id": null,
    "in_reply_to_user_id_str": null,
    "in_reply_to_screen_name": null,
    "user": {
        "id": 255493944,
        "id_str": "255493944",
        "name": "\u041c\u0418\u0414 \u0420\u043e\u0441\u0441\u0438\u0438 \ud83c\uddf7\ud83c\uddfa",
        "screen_name": "MID_RF",
        "location": "\u041c\u043e\u0441\u043a\u0432\u0430",
        "description": "\u041e\u0444\u0438\u0446\u0438\u0430\u043b\u044c\u043d\u044b\u0439 \u0430\u043a\u043a\u0430\u0443\u043d\u0442 \u041c\u0438\u043d\u0438\u0441\u0442\u0435\u0440\u0441\u0442\u0432\u0430 \u0438\u043d\u043e\u0441\u0442\u0440\u0430\u043d\u043d\u044b\u0445 \u0434\u0435\u043b \u0420\u043e\u0441\u0441\u0438\u0439\u0441\u043a\u043e\u0439 \u0424\u0435\u0434\u0435\u0440\u0430\u0446\u0438\u0438 \ud83c\uddf7\ud83c\uddfa (For tweets in English please follow @MFA_Russia, Cuenta en Espa\u00f1ol - @MAE_Rusia)",
        "url": "https://t.co/HFxkHZapqA",
        "entities": {
            "url": {
                "urls": [
                    {
                        "url": "https://t.co/HFxkHZapqA",
                        "expanded_url": "http://www.mid.ru",
                        "display_url": "mid.ru",
                        "indices": [
                            0,
                            23
                        ]
                    }
                ]
            },
            "description": {
                "urls": []
            }
        },
        "protected": false,
        "followers_count": 1228337,
        "friends_count": 1291,
        "listed_count": 2351,
        "created_at": "Mon Feb 21 13:46:34 +0000 2011",
        "favourites_count": 15327,
        "utc_offset": 10800,
        "time_zone": "Volgograd",
        "geo_enabled": false,
        "verified": true,
        "statuses_count": 46221,
        "lang": "ru",
        "contributors_enabled": false,
        "is_translator": false,
        "is_translation_enabled": false,
        "profile_background_color": "EBEBEB",
        "profile_background_image_url": "http://pbs.twimg.com/profile_background_images/448640872/fon.jpg",
        "profile_background_image_url_https": "https://pbs.twimg.com/profile_background_images/448640872/fon.jpg",
        "profile_background_tile": false,
        "profile_image_url": "http://pbs.twimg.com/profile_images/877179880760332288/ky1qHGKT_normal.jpg",
        "profile_image_url_https": "https://pbs.twimg.com/profile_images/877179880760332288/ky1qHGKT_normal.jpg",
        "profile_banner_url": "https://pbs.twimg.com/profile_banners/255493944/1497617468",
        "profile_link_color": "0084B4",
        "profile_sidebar_border_color": "C0DEED",
        "profile_sidebar_fill_color": "DDEEF6",
        "profile_text_color": "333333",
        "profile_use_background_image": true,
        "has_extended_profile": true,
        "default_profile": false,
        "default_profile_image": false,
        "following": false,
        "follow_request_sent": false,
        "notifications": false,
        "translator_type": "none"
    },
    "geo": null,
    "coordinates": null,
    "place": null,
    "contributors": null,
    "is_quote_status": false,
    "retweet_count": 28,
    "favorite_count": 29,
    "favorited": false,
    "retweeted": false,
    "possibly_sensitive": false,
    "possibly_sensitive_appealable": false,
    "lang": "ru"
}