{
    "created_at": "Mon Dec 04 11:50:22 +0000 2017",
    "id": 937650279570464768,
    "id_str": "937650279570464768",
    "text": "RT @donbassrealii: \u00ab\u041d\u0430 \u041c\u0430\u0439\u0434\u0430\u043d\u0435 \u043c\u044b \u0441\u0444\u043e\u0440\u043c\u0438\u0440\u043e\u0432\u0430\u043b\u0438 \u043d\u0430\u0440\u043e\u0434\u043d\u044b\u0439 \u043e\u0442\u0440\u044f\u0434 \u0438\u043c\u0435\u043d\u0438 \u0411\u043e\u0431\u0430 \u041c\u0430\u0440\u043b\u0438\u00bb - \u0443\u0447\u0435\u043d\u044b\u0439 \u0428\u0430\u0440\u043e\u043f\u043e\u0432 https://t.co/FPqN4a0Vkz https://t.co/sjK8m\u2026",
    "truncated": false,
    "entities": {
        "hashtags": [],
        "symbols": [],
        "user_mentions": [
            {
                "screen_name": "donbassrealii",
                "name": "\u0414\u043e\u043d\u0431\u0430\u0441\u0441.\u0420\u0435\u0430\u043b\u0438\u0438",
                "id": 740468384358408192,
                "id_str": "740468384358408192",
                "indices": [
                    3,
                    17
                ]
            }
        ],
        "urls": [
            {
                "url": "https://t.co/FPqN4a0Vkz",
                "expanded_url": "http://bit.ly/2if3le7",
                "display_url": "bit.ly/2if3le7",
                "indices": [
                    97,
                    120
                ]
            }
        ]
    },
    "source": "<a href=\"https://about.twitter.com/products/tweetdeck\" rel=\"nofollow\">TweetDeck</a>",
    "in_reply_to_status_id": null,
    "in_reply_to_status_id_str": null,
    "in_reply_to_user_id": null,
    "in_reply_to_user_id_str": null,
    "in_reply_to_screen_name": null,
    "user": {
        "id": 17718831,
        "id_str": "17718831",
        "name": "\u0420\u0430\u0434\u0456\u043e \u0421\u0432\u043e\u0431\u043e\u0434\u0430",
        "screen_name": "radiosvoboda",
        "location": "Kyiv, \u0432\u0443\u043b. \u0425\u0440\u0435\u0449\u0430\u0442\u0438\u043a, 19\u0430",
        "description": "\u0410\u0432\u0442\u043e\u0440\u0441\u044c\u043a\u0430 \u0441\u0442\u043e\u0440\u0456\u043d\u043a\u0430 \u0420\u0430\u0434\u0456\u043e \u0421\u0432\u043e\u0431\u043e\u0434\u0430. \u041d\u043e\u0432\u0438\u043d\u0438/\u0410\u043d\u0430\u043b\u0456\u0442\u0438\u043a\u0430/\u0424\u043e\u0442\u043e/\u0412\u0456\u0434\u0435\u043e/         /\u0442\u0435\u043b: +380 44 490 29 00.\u0420\u0435\u0442\u0432\u0456\u0442\u0438 \u2260 \u0441\u0445\u0432\u0430\u043b\u0435\u043d\u043d\u044f.",
        "url": "http://t.co/n3dc02y1oe",
        "entities": {
            "url": {
                "urls": [
                    {
                        "url": "http://t.co/n3dc02y1oe",
                        "expanded_url": "http://radiosvoboda.org",
                        "display_url": "radiosvoboda.org",
                        "indices": [
                            0,
                            22
                        ]
                    }
                ]
            },
            "description": {
                "urls": []
            }
        },
        "protected": false,
        "followers_count": 453058,
        "friends_count": 770,
        "listed_count": 1451,
        "created_at": "Fri Nov 28 20:32:20 +0000 2008",
        "favourites_count": 2371,
        "utc_offset": 7200,
        "time_zone": "Kyiv",
        "geo_enabled": false,
        "verified": true,
        "statuses_count": 384818,
        "lang": "en",
        "contributors_enabled": false,
        "is_translator": false,
        "is_translation_enabled": false,
        "profile_background_color": "5C666F",
        "profile_background_image_url": "http://pbs.twimg.com/profile_background_images/661875409483661312/o8O7eU8N.jpg",
        "profile_background_image_url_https": "https://pbs.twimg.com/profile_background_images/661875409483661312/o8O7eU8N.jpg",
        "profile_background_tile": true,
        "profile_image_url": "http://pbs.twimg.com/profile_images/779281727550320640/S94grX4T_normal.jpg",
        "profile_image_url_https": "https://pbs.twimg.com/profile_images/779281727550320640/S94grX4T_normal.jpg",
        "profile_banner_url": "https://pbs.twimg.com/profile_banners/17718831/1502212414",
        "profile_link_color": "EA6903",
        "profile_sidebar_border_color": "000000",
        "profile_sidebar_fill_color": "FFFFFF",
        "profile_text_color": "000000",
        "profile_use_background_image": true,
        "has_extended_profile": false,
        "default_profile": false,
        "default_profile_image": false,
        "following": false,
        "follow_request_sent": false,
        "notifications": false,
        "translator_type": "none"
    },
    "geo": null,
    "coordinates": null,
    "place": null,
    "contributors": null,
    "retweeted_status": {
        "created_at": "Mon Dec 04 11:35:46 +0000 2017",
        "id": 937646609017593856,
        "id_str": "937646609017593856",
        "text": "\u00ab\u041d\u0430 \u041c\u0430\u0439\u0434\u0430\u043d\u0435 \u043c\u044b \u0441\u0444\u043e\u0440\u043c\u0438\u0440\u043e\u0432\u0430\u043b\u0438 \u043d\u0430\u0440\u043e\u0434\u043d\u044b\u0439 \u043e\u0442\u0440\u044f\u0434 \u0438\u043c\u0435\u043d\u0438 \u0411\u043e\u0431\u0430 \u041c\u0430\u0440\u043b\u0438\u00bb - \u0443\u0447\u0435\u043d\u044b\u0439 \u0428\u0430\u0440\u043e\u043f\u043e\u0432 https://t.co/FPqN4a0Vkz https://t.co/sjK8mtXdTZ",
        "truncated": false,
        "entities": {
            "hashtags": [],
            "symbols": [],
            "user_mentions": [],
            "urls": [
                {
                    "url": "https://t.co/FPqN4a0Vkz",
                    "expanded_url": "http://bit.ly/2if3le7",
                    "display_url": "bit.ly/2if3le7",
                    "indices": [
                        78,
                        101
                    ]
                }
            ],
            "media": [
                {
                    "id": 937646563945537536,
                    "id_str": "937646563945537536",
                    "indices": [
                        102,
                        125
                    ],
                    "media_url": "http://pbs.twimg.com/media/DQMwlQDW4AAosUt.jpg",
                    "media_url_https": "https://pbs.twimg.com/media/DQMwlQDW4AAosUt.jpg",
                    "url": "https://t.co/sjK8mtXdTZ",
                    "display_url": "pic.twitter.com/sjK8mtXdTZ",
                    "expanded_url": "https://twitter.com/donbassrealii/status/937646609017593856/photo/1",
                    "type": "photo",
                    "sizes": {
                        "large": {
                            "w": 1023,
                            "h": 575,
                            "resize": "fit"
                        },
                        "thumb": {
                            "w": 150,
                            "h": 150,
                            "resize": "crop"
                        },
                        "small": {
                            "w": 680,
                            "h": 382,
                            "resize": "fit"
                        },
                        "medium": {
                            "w": 1023,
                            "h": 575,
                            "resize": "fit"
                        }
                    }
                }
            ]
        },
        "extended_entities": {
            "media": [
                {
                    "id": 937646563945537536,
                    "id_str": "937646563945537536",
                    "indices": [
                        102,
                        125
                    ],
                    "media_url": "http://pbs.twimg.com/media/DQMwlQDW4AAosUt.jpg",
                    "media_url_https": "https://pbs.twimg.com/media/DQMwlQDW4AAosUt.jpg",
                    "url": "https://t.co/sjK8mtXdTZ",
                    "display_url": "pic.twitter.com/sjK8mtXdTZ",
                    "expanded_url": "https://twitter.com/donbassrealii/status/937646609017593856/photo/1",
                    "type": "photo",
                    "sizes": {
                        "large": {
                            "w": 1023,
                            "h": 575,
                            "resize": "fit"
                        },
                        "thumb": {
                            "w": 150,
                            "h": 150,
                            "resize": "crop"
                        },
                        "small": {
                            "w": 680,
                            "h": 382,
                            "resize": "fit"
                        },
                        "medium": {
                            "w": 1023,
                            "h": 575,
                            "resize": "fit"
                        }
                    }
                }
            ]
        },
        "source": "<a href=\"http://twitter.com\" rel=\"nofollow\">Twitter Web Client</a>",
        "in_reply_to_status_id": null,
        "in_reply_to_status_id_str": null,
        "in_reply_to_user_id": null,
        "in_reply_to_user_id_str": null,
        "in_reply_to_screen_name": null,
        "user": {
            "id": 740468384358408192,
            "id_str": "740468384358408192",
            "name": "\u0414\u043e\u043d\u0431\u0430\u0441\u0441.\u0420\u0435\u0430\u043b\u0438\u0438",
            "screen_name": "donbassrealii",
            "location": "",
            "description": "\u0414\u043e\u043d\u0431\u0430\u0441\u0441.\u0420\u0435\u0430\u043b\u0438\u0438 \u2013 \u043f\u0440\u043e\u0435\u043a\u0442 \u0443\u043a\u0440\u0430\u0438\u043d\u0441\u043a\u043e\u0439 \u0441\u043b\u0443\u0436\u0431\u044b @radiosvoboda \u0420\u0430\u0434\u0438\u043e \u0421\u0432\u043e\u0431\u043e\u0434\u0430 \u0434\u043b\u044f \u0414\u043e\u043d\u0435\u0446\u043a\u043e\u0439 \u0438 \u041b\u0443\u0433\u0430\u043d\u0441\u043a\u043e\u0439 \u043e\u0431\u043b\u0430\u0441\u0442\u0435\u0439 \u043f\u043e \u043e\u0431\u0435 \u0441\u0442\u043e\u0440\u043e\u043d\u044b \u043b\u0438\u043d\u0438\u0438 \u0440\u0430\u0437\u0433\u0440\u0430\u043d\u0438\u0447\u0435\u043d\u0438\u044f.",
            "url": "https://t.co/5nYO8QewSd",
            "entities": {
                "url": {
                    "urls": [
                        {
                            "url": "https://t.co/5nYO8QewSd",
                            "expanded_url": "http://bit.ly/donbassreal",
                            "display_url": "bit.ly/donbassreal",
                            "indices": [
                                0,
                                23
                            ]
                        }
                    ]
                },
                "description": {
                    "urls": []
                }
            },
            "protected": false,
            "followers_count": 2109,
            "friends_count": 623,
            "listed_count": 44,
            "created_at": "Wed Jun 08 08:59:55 +0000 2016",
            "favourites_count": 535,
            "utc_offset": 7200,
            "time_zone": "Kyiv",
            "geo_enabled": true,
            "verified": false,
            "statuses_count": 9070,
            "lang": "uk",
            "contributors_enabled": false,
            "is_translator": false,
            "is_translation_enabled": false,
            "profile_background_color": "F5F8FA",
            "profile_background_image_url": null,
            "profile_background_image_url_https": null,
            "profile_background_tile": false,
            "profile_image_url": "http://pbs.twimg.com/profile_images/823895257905561600/uVhDb2Mn_normal.jpg",
            "profile_image_url_https": "https://pbs.twimg.com/profile_images/823895257905561600/uVhDb2Mn_normal.jpg",
            "profile_banner_url": "https://pbs.twimg.com/profile_banners/740468384358408192/1485265209",
            "profile_link_color": "1DA1F2",
            "profile_sidebar_border_color": "C0DEED",
            "profile_sidebar_fill_color": "DDEEF6",
            "profile_text_color": "333333",
            "profile_use_background_image": true,
            "has_extended_profile": false,
            "default_profile": true,
            "default_profile_image": false,
            "following": false,
            "follow_request_sent": false,
            "notifications": false,
            "translator_type": "none"
        },
        "geo": null,
        "coordinates": null,
        "place": null,
        "contributors": null,
        "is_quote_status": false,
        "retweet_count": 3,
        "favorite_count": 1,
        "favorited": false,
        "retweeted": false,
        "possibly_sensitive": false,
        "possibly_sensitive_appealable": false,
        "lang": "ru"
    },
    "is_quote_status": false,
    "retweet_count": 3,
    "favorite_count": 0,
    "favorited": false,
    "retweeted": false,
    "possibly_sensitive": false,
    "possibly_sensitive_appealable": false,
    "lang": "ru"
}