{
    "created_at": "Thu Oct 19 11:13:29 +0000 2017",
    "id": 920971156634652672,
    "id_str": "920971156634652672",
    "text": "#\u0417\u0430\u0445\u0430\u0440\u043e\u0432\u0430: \u0412\u0441\u0435\u0433\u0434\u0430 \u0432\u044b\u0441\u0442\u0443\u043f\u0430\u043b\u0438 \u0437\u0430 \u0442\u0449\u0430\u0442\u0435\u043b\u044c\u043d\u043e\u0435 \u0440\u0430\u0441\u0441\u043b\u0435\u0434\u043e\u0432\u0430\u043d\u0438\u0435 \u0442\u0440\u0430\u0433\u0435\u0434\u0438\u0438 #MH17, \u043e\u0442\u043a\u0440\u044b\u0442\u044b \u0434\u043b\u044f \u043f\u043e\u043c\u043e\u0449\u0438 \u0441\u043b\u0435\u0434\u0441\u0442\u0432\u0438\u044e\u2026 https://t.co/Rorrh35hVE",
    "truncated": true,
    "entities": {
        "hashtags": [
            {
                "text": "\u0417\u0430\u0445\u0430\u0440\u043e\u0432\u0430",
                "indices": [
                    0,
                    9
                ]
            },
            {
                "text": "MH17",
                "indices": [
                    65,
                    70
                ]
            }
        ],
        "symbols": [],
        "user_mentions": [],
        "urls": [
            {
                "url": "https://t.co/Rorrh35hVE",
                "expanded_url": "https://twitter.com/i/web/status/920971156634652672",
                "display_url": "twitter.com/i/web/status/9\u2026",
                "indices": [
                    102,
                    125
                ]
            }
        ]
    },
    "source": "<a href=\"http://twitter.com/download/android\" rel=\"nofollow\">Twitter for Android</a>",
    "in_reply_to_status_id": null,
    "in_reply_to_status_id_str": null,
    "in_reply_to_user_id": null,
    "in_reply_to_user_id_str": null,
    "in_reply_to_screen_name": null,
    "user": {
        "id": 255493944,
        "id_str": "255493944",
        "name": "\u041c\u0418\u0414 \u0420\u043e\u0441\u0441\u0438\u0438 \ud83c\uddf7\ud83c\uddfa",
        "screen_name": "MID_RF",
        "location": "\u041c\u043e\u0441\u043a\u0432\u0430",
        "description": "\u041e\u0444\u0438\u0446\u0438\u0430\u043b\u044c\u043d\u044b\u0439 \u0430\u043a\u043a\u0430\u0443\u043d\u0442 \u041c\u0438\u043d\u0438\u0441\u0442\u0435\u0440\u0441\u0442\u0432\u0430 \u0438\u043d\u043e\u0441\u0442\u0440\u0430\u043d\u043d\u044b\u0445 \u0434\u0435\u043b \u0420\u043e\u0441\u0441\u0438\u0439\u0441\u043a\u043e\u0439 \u0424\u0435\u0434\u0435\u0440\u0430\u0446\u0438\u0438 \ud83c\uddf7\ud83c\uddfa (For tweets in English please follow @MFA_Russia, Cuenta en Espa\u00f1ol - @MAE_Rusia)",
        "url": "https://t.co/HFxkHZapqA",
        "entities": {
            "url": {
                "urls": [
                    {
                        "url": "https://t.co/HFxkHZapqA",
                        "expanded_url": "http://www.mid.ru",
                        "display_url": "mid.ru",
                        "indices": [
                            0,
                            23
                        ]
                    }
                ]
            },
            "description": {
                "urls": []
            }
        },
        "protected": false,
        "followers_count": 1228337,
        "friends_count": 1291,
        "listed_count": 2351,
        "created_at": "Mon Feb 21 13:46:34 +0000 2011",
        "favourites_count": 15327,
        "utc_offset": 10800,
        "time_zone": "Volgograd",
        "geo_enabled": false,
        "verified": true,
        "statuses_count": 46221,
        "lang": "ru",
        "contributors_enabled": false,
        "is_translator": false,
        "is_translation_enabled": false,
        "profile_background_color": "EBEBEB",
        "profile_background_image_url": "http://pbs.twimg.com/profile_background_images/448640872/fon.jpg",
        "profile_background_image_url_https": "https://pbs.twimg.com/profile_background_images/448640872/fon.jpg",
        "profile_background_tile": false,
        "profile_image_url": "http://pbs.twimg.com/profile_images/877179880760332288/ky1qHGKT_normal.jpg",
        "profile_image_url_https": "https://pbs.twimg.com/profile_images/877179880760332288/ky1qHGKT_normal.jpg",
        "profile_banner_url": "https://pbs.twimg.com/profile_banners/255493944/1497617468",
        "profile_link_color": "0084B4",
        "profile_sidebar_border_color": "C0DEED",
        "profile_sidebar_fill_color": "DDEEF6",
        "profile_text_color": "333333",
        "profile_use_background_image": true,
        "has_extended_profile": true,
        "default_profile": false,
        "default_profile_image": false,
        "following": false,
        "follow_request_sent": false,
        "notifications": false,
        "translator_type": "none"
    },
    "geo": null,
    "coordinates": null,
    "place": null,
    "contributors": null,
    "is_quote_status": false,
    "retweet_count": 37,
    "favorite_count": 45,
    "favorited": false,
    "retweeted": false,
    "possibly_sensitive": false,
    "possibly_sensitive_appealable": false,
    "lang": "ru"
}