{
    "created_at": "Fri Dec 08 07:52:39 +0000 2017",
    "id": 939040010988326917,
    "id_str": "939040010988326917",
    "text": "\u041e\u0434\u0438\u043d \u0437 \u0444\u0456\u0433\u0443\u0440\u0430\u043d\u0442\u0456\u0432 \u0441\u043f\u0440\u0430\u0432\u0438 \u043f\u0440\u043e \u0437\u0431\u0438\u0442\u0438\u0439 \u043b\u0456\u0442\u0430\u043a MH17 \u043c\u043e\u0436\u0435 \u0431\u0443\u0442\u0438 \u0433\u0435\u043d\u0435\u0440\u0430\u043b-\u043f\u043e\u043b\u043a\u043e\u0432\u043d\u0438\u043a\u043e\u043c \u0420\u043e\u0441\u0456\u0457 \u2013 \u0440\u043e\u0437\u0441\u043b\u0456\u0434\u0443\u0432\u0430\u043d\u043d\u044f\u2026 https://t.co/Dfyuk9NW5E",
    "truncated": true,
    "entities": {
        "hashtags": [],
        "symbols": [],
        "user_mentions": [],
        "urls": [
            {
                "url": "https://t.co/Dfyuk9NW5E",
                "expanded_url": "https://twitter.com/i/web/status/939040010988326917",
                "display_url": "twitter.com/i/web/status/9\u2026",
                "indices": [
                    100,
                    123
                ]
            }
        ]
    },
    "source": "<a href=\"https://about.twitter.com/products/tweetdeck\" rel=\"nofollow\">TweetDeck</a>",
    "in_reply_to_status_id": null,
    "in_reply_to_status_id_str": null,
    "in_reply_to_user_id": null,
    "in_reply_to_user_id_str": null,
    "in_reply_to_screen_name": null,
    "user": {
        "id": 17718831,
        "id_str": "17718831",
        "name": "\u0420\u0430\u0434\u0456\u043e \u0421\u0432\u043e\u0431\u043e\u0434\u0430",
        "screen_name": "radiosvoboda",
        "location": "Kyiv, \u0432\u0443\u043b. \u0425\u0440\u0435\u0449\u0430\u0442\u0438\u043a, 19\u0430",
        "description": "\u0410\u0432\u0442\u043e\u0440\u0441\u044c\u043a\u0430 \u0441\u0442\u043e\u0440\u0456\u043d\u043a\u0430 \u0420\u0430\u0434\u0456\u043e \u0421\u0432\u043e\u0431\u043e\u0434\u0430. \u041d\u043e\u0432\u0438\u043d\u0438/\u0410\u043d\u0430\u043b\u0456\u0442\u0438\u043a\u0430/\u0424\u043e\u0442\u043e/\u0412\u0456\u0434\u0435\u043e/         /\u0442\u0435\u043b: +380 44 490 29 00.\u0420\u0435\u0442\u0432\u0456\u0442\u0438 \u2260 \u0441\u0445\u0432\u0430\u043b\u0435\u043d\u043d\u044f.",
        "url": "http://t.co/n3dc02y1oe",
        "entities": {
            "url": {
                "urls": [
                    {
                        "url": "http://t.co/n3dc02y1oe",
                        "expanded_url": "http://radiosvoboda.org",
                        "display_url": "radiosvoboda.org",
                        "indices": [
                            0,
                            22
                        ]
                    }
                ]
            },
            "description": {
                "urls": []
            }
        },
        "protected": false,
        "followers_count": 453058,
        "friends_count": 770,
        "listed_count": 1451,
        "created_at": "Fri Nov 28 20:32:20 +0000 2008",
        "favourites_count": 2371,
        "utc_offset": 7200,
        "time_zone": "Kyiv",
        "geo_enabled": false,
        "verified": true,
        "statuses_count": 384818,
        "lang": "en",
        "contributors_enabled": false,
        "is_translator": false,
        "is_translation_enabled": false,
        "profile_background_color": "5C666F",
        "profile_background_image_url": "http://pbs.twimg.com/profile_background_images/661875409483661312/o8O7eU8N.jpg",
        "profile_background_image_url_https": "https://pbs.twimg.com/profile_background_images/661875409483661312/o8O7eU8N.jpg",
        "profile_background_tile": true,
        "profile_image_url": "http://pbs.twimg.com/profile_images/779281727550320640/S94grX4T_normal.jpg",
        "profile_image_url_https": "https://pbs.twimg.com/profile_images/779281727550320640/S94grX4T_normal.jpg",
        "profile_banner_url": "https://pbs.twimg.com/profile_banners/17718831/1502212414",
        "profile_link_color": "EA6903",
        "profile_sidebar_border_color": "000000",
        "profile_sidebar_fill_color": "FFFFFF",
        "profile_text_color": "000000",
        "profile_use_background_image": true,
        "has_extended_profile": false,
        "default_profile": false,
        "default_profile_image": false,
        "following": false,
        "follow_request_sent": false,
        "notifications": false,
        "translator_type": "none"
    },
    "geo": null,
    "coordinates": null,
    "place": null,
    "contributors": null,
    "is_quote_status": false,
    "retweet_count": 14,
    "favorite_count": 6,
    "favorited": false,
    "retweeted": false,
    "possibly_sensitive": false,
    "possibly_sensitive_appealable": false,
    "lang": "uk"
}