{
    "created_at": "Fri Sep 29 06:49:43 +0000 2017",
    "id": 913657019885899776,
    "id_str": "913657019885899776",
    "text": "RT @RF_OSCE: #\u041b\u0443\u043a\u0430\u0448\u0435\u0432\u0438\u0447:\u041d\u0435\u0441\u043c\u043e\u0442\u0440\u044f \u043d\u0430 \"\u0448\u043a\u043e\u043b\u044c\u043d\u043e\u0435 \u043f\u0435\u0440\u0435\u043c\u0438\u0440\u0438\u0435\",\u0412\u0421\u0423 \u043f\u0440\u043e\u0434\u043e\u043b\u0436\u0430\u044e\u0442 \u043e\u0431\u0441\u0442\u0440\u0435\u043b\u044b \u0414\u043e\u043d\u0431\u0430\u0441\u0441\u0430.\u0412 \u0441\u0435\u043d\u0442\u044f\u0431\u0440\u0435 \u0440\u0430\u043d\u0435\u043d\u043e 3 \u0433\u0440\u0430\u0436\u0434\u0430\u043d\u0441\u043a\u0438\u0445 \u0432 \u042f\u0441\u0438\u043d\u043e\u0432\u0430\u0442\u043e\u0439,\u0414\u043e\u043d\u0435\u2026",
    "truncated": false,
    "entities": {
        "hashtags": [
            {
                "text": "\u041b\u0443\u043a\u0430\u0448\u0435\u0432\u0438\u0447",
                "indices": [
                    13,
                    23
                ]
            }
        ],
        "symbols": [],
        "user_mentions": [
            {
                "screen_name": "RF_OSCE",
                "name": "Russian Mission OSCE",
                "id": 2177016702,
                "id_str": "2177016702",
                "indices": [
                    3,
                    11
                ]
            }
        ],
        "urls": []
    },
    "source": "<a href=\"http://twitter.com\" rel=\"nofollow\">Twitter Web Client</a>",
    "in_reply_to_status_id": null,
    "in_reply_to_status_id_str": null,
    "in_reply_to_user_id": null,
    "in_reply_to_user_id_str": null,
    "in_reply_to_screen_name": null,
    "user": {
        "id": 255493944,
        "id_str": "255493944",
        "name": "\u041c\u0418\u0414 \u0420\u043e\u0441\u0441\u0438\u0438 \ud83c\uddf7\ud83c\uddfa",
        "screen_name": "MID_RF",
        "location": "\u041c\u043e\u0441\u043a\u0432\u0430",
        "description": "\u041e\u0444\u0438\u0446\u0438\u0430\u043b\u044c\u043d\u044b\u0439 \u0430\u043a\u043a\u0430\u0443\u043d\u0442 \u041c\u0438\u043d\u0438\u0441\u0442\u0435\u0440\u0441\u0442\u0432\u0430 \u0438\u043d\u043e\u0441\u0442\u0440\u0430\u043d\u043d\u044b\u0445 \u0434\u0435\u043b \u0420\u043e\u0441\u0441\u0438\u0439\u0441\u043a\u043e\u0439 \u0424\u0435\u0434\u0435\u0440\u0430\u0446\u0438\u0438 \ud83c\uddf7\ud83c\uddfa (For tweets in English please follow @MFA_Russia, Cuenta en Espa\u00f1ol - @MAE_Rusia)",
        "url": "https://t.co/HFxkHZapqA",
        "entities": {
            "url": {
                "urls": [
                    {
                        "url": "https://t.co/HFxkHZapqA",
                        "expanded_url": "http://www.mid.ru",
                        "display_url": "mid.ru",
                        "indices": [
                            0,
                            23
                        ]
                    }
                ]
            },
            "description": {
                "urls": []
            }
        },
        "protected": false,
        "followers_count": 1228337,
        "friends_count": 1291,
        "listed_count": 2351,
        "created_at": "Mon Feb 21 13:46:34 +0000 2011",
        "favourites_count": 15327,
        "utc_offset": 10800,
        "time_zone": "Volgograd",
        "geo_enabled": false,
        "verified": true,
        "statuses_count": 46221,
        "lang": "ru",
        "contributors_enabled": false,
        "is_translator": false,
        "is_translation_enabled": false,
        "profile_background_color": "EBEBEB",
        "profile_background_image_url": "http://pbs.twimg.com/profile_background_images/448640872/fon.jpg",
        "profile_background_image_url_https": "https://pbs.twimg.com/profile_background_images/448640872/fon.jpg",
        "profile_background_tile": false,
        "profile_image_url": "http://pbs.twimg.com/profile_images/877179880760332288/ky1qHGKT_normal.jpg",
        "profile_image_url_https": "https://pbs.twimg.com/profile_images/877179880760332288/ky1qHGKT_normal.jpg",
        "profile_banner_url": "https://pbs.twimg.com/profile_banners/255493944/1497617468",
        "profile_link_color": "0084B4",
        "profile_sidebar_border_color": "C0DEED",
        "profile_sidebar_fill_color": "DDEEF6",
        "profile_text_color": "333333",
        "profile_use_background_image": true,
        "has_extended_profile": true,
        "default_profile": false,
        "default_profile_image": false,
        "following": false,
        "follow_request_sent": false,
        "notifications": false,
        "translator_type": "none"
    },
    "geo": null,
    "coordinates": null,
    "place": null,
    "contributors": null,
    "retweeted_status": {
        "created_at": "Thu Sep 28 10:34:14 +0000 2017",
        "id": 913351134085042177,
        "id_str": "913351134085042177",
        "text": "#\u041b\u0443\u043a\u0430\u0448\u0435\u0432\u0438\u0447:\u041d\u0435\u0441\u043c\u043e\u0442\u0440\u044f \u043d\u0430 \"\u0448\u043a\u043e\u043b\u044c\u043d\u043e\u0435 \u043f\u0435\u0440\u0435\u043c\u0438\u0440\u0438\u0435\",\u0412\u0421\u0423 \u043f\u0440\u043e\u0434\u043e\u043b\u0436\u0430\u044e\u0442 \u043e\u0431\u0441\u0442\u0440\u0435\u043b\u044b \u0414\u043e\u043d\u0431\u0430\u0441\u0441\u0430.\u0412 \u0441\u0435\u043d\u0442\u044f\u0431\u0440\u0435 \u0440\u0430\u043d\u0435\u043d\u043e 3 \u0433\u0440\u0430\u0436\u0434\u0430\u043d\u0441\u043a\u0438\u0445 \u0432 \u042f\u0441\u0438\u043d\u043e\u0432\u0430\u0442\u043e\u0439,\u0414\u043e\u043d\u0435\u0446\u043a\u0435,\u0422\u0440\u0443\u0434\u043e\u0432\u0441\u043a\u0438\u0445",
        "truncated": false,
        "entities": {
            "hashtags": [
                {
                    "text": "\u041b\u0443\u043a\u0430\u0448\u0435\u0432\u0438\u0447",
                    "indices": [
                        0,
                        10
                    ]
                }
            ],
            "symbols": [],
            "user_mentions": [],
            "urls": []
        },
        "source": "<a href=\"http://twitter.com\" rel=\"nofollow\">Twitter Web Client</a>",
        "in_reply_to_status_id": null,
        "in_reply_to_status_id_str": null,
        "in_reply_to_user_id": null,
        "in_reply_to_user_id_str": null,
        "in_reply_to_screen_name": null,
        "user": {
            "id": 2177016702,
            "id_str": "2177016702",
            "name": "Russian Mission OSCE",
            "screen_name": "RF_OSCE",
            "location": "\u0412\u0435\u043d\u0430 / Vienna",
            "description": "\u041f\u043e\u0441\u0442\u043e\u044f\u043d\u043d\u043e\u0435 \u041f\u0440\u0435\u0434\u0441\u0442\u0430\u0432\u0438\u0442\u0435\u043b\u044c\u0441\u0442\u0432\u043e \u0420\u043e\u0441\u0441\u0438\u0439\u0441\u043a\u043e\u0439 \u0424\u0435\u0434\u0435\u0440\u0430\u0446\u0438\u0438 \u043f\u0440\u0438 \u041e\u0411\u0421\u0415 / Permanent Mission of the Russian Federation to the OSCE\n\nOur Facebook: https://t.co/dxUwCDfjLW",
            "url": "https://t.co/SYRy8MaIFp",
            "entities": {
                "url": {
                    "urls": [
                        {
                            "url": "https://t.co/SYRy8MaIFp",
                            "expanded_url": "http://osce.mid.ru/",
                            "display_url": "osce.mid.ru",
                            "indices": [
                                0,
                                23
                            ]
                        }
                    ]
                },
                "description": {
                    "urls": [
                        {
                            "url": "https://t.co/dxUwCDfjLW",
                            "expanded_url": "http://goo.gl/NdOBjf",
                            "display_url": "goo.gl/NdOBjf",
                            "indices": [
                                132,
                                155
                            ]
                        }
                    ]
                }
            },
            "protected": false,
            "followers_count": 10730,
            "friends_count": 360,
            "listed_count": 228,
            "created_at": "Tue Nov 05 23:45:20 +0000 2013",
            "favourites_count": 697,
            "utc_offset": -28800,
            "time_zone": "Pacific Time (US & Canada)",
            "geo_enabled": false,
            "verified": true,
            "statuses_count": 12533,
            "lang": "ru",
            "contributors_enabled": false,
            "is_translator": false,
            "is_translation_enabled": false,
            "profile_background_color": "000000",
            "profile_background_image_url": "http://pbs.twimg.com/profile_background_images/720162790825193472/vFGXKXqq.jpg",
            "profile_background_image_url_https": "https://pbs.twimg.com/profile_background_images/720162790825193472/vFGXKXqq.jpg",
            "profile_background_tile": true,
            "profile_image_url": "http://pbs.twimg.com/profile_images/834328556679348224/umDFlLO7_normal.jpg",
            "profile_image_url_https": "https://pbs.twimg.com/profile_images/834328556679348224/umDFlLO7_normal.jpg",
            "profile_banner_url": "https://pbs.twimg.com/profile_banners/2177016702/1484052216",
            "profile_link_color": "191970",
            "profile_sidebar_border_color": "000000",
            "profile_sidebar_fill_color": "000000",
            "profile_text_color": "000000",
            "profile_use_background_image": true,
            "has_extended_profile": false,
            "default_profile": false,
            "default_profile_image": false,
            "following": false,
            "follow_request_sent": false,
            "notifications": false,
            "translator_type": "none"
        },
        "geo": null,
        "coordinates": null,
        "place": null,
        "contributors": null,
        "is_quote_status": false,
        "retweet_count": 29,
        "favorite_count": 17,
        "favorited": false,
        "retweeted": false,
        "lang": "ru"
    },
    "is_quote_status": false,
    "retweet_count": 29,
    "favorite_count": 0,
    "favorited": false,
    "retweeted": false,
    "lang": "ru"
}