{
    "created_at": "Thu Feb 20 10:02:18 +0000 2014",
    "id": 436440668278624256,
    "id_str": "436440668278624256",
    "text": "RT @HromadskeTV: \u0421\u043d\u0430\u0439\u043f\u0435\u0440\u0438 \u043f\u0440\u0430\u0446\u044e\u044e\u0442\u044c \u0443 \u0446\u0435\u043d\u0442\u0440\u0456 (\u0432\u0443\u043b\u0438\u0446\u044f \u0406\u043d\u0441\u0442\u0438\u0442\u0443\u0442\u0441\u044c\u043a\u0430). #\u0404\u0432\u0440\u043e\u043c\u0430\u0439\u0434\u0430\u043d http://t.co/1CXeiHzYgM",
    "truncated": false,
    "entities": {
        "hashtags": [
            {
                "text": "\u0404\u0432\u0440\u043e\u043c\u0430\u0439\u0434\u0430\u043d",
                "indices": [
                    67,
                    78
                ]
            }
        ],
        "symbols": [],
        "user_mentions": [
            {
                "screen_name": "HromadskeTV",
                "name": "Hromadske",
                "id": 2785914470,
                "id_str": "2785914470",
                "indices": [
                    3,
                    15
                ]
            }
        ],
        "urls": [],
        "media": [
            {
                "id": 436440506206150656,
                "id_str": "436440506206150656",
                "indices": [
                    79,
                    101
                ],
                "media_url": "http://pbs.twimg.com/media/Bg6MU_oCYAAFw7H.jpg",
                "media_url_https": "https://pbs.twimg.com/media/Bg6MU_oCYAAFw7H.jpg",
                "url": "http://t.co/1CXeiHzYgM",
                "display_url": "pic.twitter.com/1CXeiHzYgM",
                "expanded_url": "https://twitter.com/HromadskeTV/status/436440506197762048/photo/1",
                "type": "photo",
                "sizes": {
                    "thumb": {
                        "w": 150,
                        "h": 150,
                        "resize": "crop"
                    },
                    "medium": {
                        "w": 960,
                        "h": 720,
                        "resize": "fit"
                    },
                    "small": {
                        "w": 680,
                        "h": 510,
                        "resize": "fit"
                    },
                    "large": {
                        "w": 960,
                        "h": 720,
                        "resize": "fit"
                    }
                },
                "source_status_id": 436440506197762048,
                "source_status_id_str": "436440506197762048",
                "source_user_id": 1454734730,
                "source_user_id_str": "1454734730"
            }
        ]
    },
    "extended_entities": {
        "media": [
            {
                "id": 436440506206150656,
                "id_str": "436440506206150656",
                "indices": [
                    79,
                    101
                ],
                "media_url": "http://pbs.twimg.com/media/Bg6MU_oCYAAFw7H.jpg",
                "media_url_https": "https://pbs.twimg.com/media/Bg6MU_oCYAAFw7H.jpg",
                "url": "http://t.co/1CXeiHzYgM",
                "display_url": "pic.twitter.com/1CXeiHzYgM",
                "expanded_url": "https://twitter.com/HromadskeTV/status/436440506197762048/photo/1",
                "type": "photo",
                "sizes": {
                    "thumb": {
                        "w": 150,
                        "h": 150,
                        "resize": "crop"
                    },
                    "medium": {
                        "w": 960,
                        "h": 720,
                        "resize": "fit"
                    },
                    "small": {
                        "w": 680,
                        "h": 510,
                        "resize": "fit"
                    },
                    "large": {
                        "w": 960,
                        "h": 720,
                        "resize": "fit"
                    }
                },
                "source_status_id": 436440506197762048,
                "source_status_id_str": "436440506197762048",
                "source_user_id": 1454734730,
                "source_user_id_str": "1454734730"
            }
        ]
    },
    "source": "<a href=\"http://twitter.com\" rel=\"nofollow\">Twitter Web Client</a>",
    "in_reply_to_status_id": null,
    "in_reply_to_status_id_str": null,
    "in_reply_to_user_id": null,
    "in_reply_to_user_id_str": null,
    "in_reply_to_screen_name": null,
    "user": {
        "id": 21877697,
        "id_str": "21877697",
        "name": "Joerg Drescher",
        "screen_name": "iovialis",
        "location": "Kiev",
        "description": "Die Jovialisten: Politik von Menschen f\u00fcr Menschen zum Wohle aller...",
        "url": "http://t.co/SiOi7i1jMQ",
        "entities": {
            "url": {
                "urls": [
                    {
                        "url": "http://t.co/SiOi7i1jMQ",
                        "expanded_url": "http://www.iovialis.org",
                        "display_url": "iovialis.org",
                        "indices": [
                            0,
                            22
                        ]
                    }
                ]
            },
            "description": {
                "urls": []
            }
        },
        "protected": false,
        "followers_count": 100,
        "friends_count": 132,
        "listed_count": 14,
        "created_at": "Wed Feb 25 15:41:47 +0000 2009",
        "favourites_count": 160,
        "utc_offset": 7200,
        "time_zone": "Kyiv",
        "geo_enabled": false,
        "verified": false,
        "statuses_count": 1064,
        "lang": "de",
        "contributors_enabled": false,
        "is_translator": false,
        "is_translation_enabled": false,
        "profile_background_color": "C6E2EE",
        "profile_background_image_url": "http://pbs.twimg.com/profile_background_images/552474402/denker.jpg",
        "profile_background_image_url_https": "https://pbs.twimg.com/profile_background_images/552474402/denker.jpg",
        "profile_background_tile": false,
        "profile_image_url": "http://pbs.twimg.com/profile_images/83309444/cherurashka_normal.jpg",
        "profile_image_url_https": "https://pbs.twimg.com/profile_images/83309444/cherurashka_normal.jpg",
        "profile_banner_url": "https://pbs.twimg.com/profile_banners/21877697/1468312028",
        "profile_link_color": "1F98C7",
        "profile_sidebar_border_color": "C6E2EE",
        "profile_sidebar_fill_color": "DAECF4",
        "profile_text_color": "663B12",
        "profile_use_background_image": true,
        "has_extended_profile": false,
        "default_profile": false,
        "default_profile_image": false,
        "following": false,
        "follow_request_sent": false,
        "notifications": false,
        "translator_type": "none"
    },
    "geo": null,
    "coordinates": null,
    "place": null,
    "contributors": null,
    "retweeted_status": {
        "created_at": "Thu Feb 20 10:01:40 +0000 2014",
        "id": 436440506197762048,
        "id_str": "436440506197762048",
        "text": "\u0421\u043d\u0430\u0439\u043f\u0435\u0440\u0438 \u043f\u0440\u0430\u0446\u044e\u044e\u0442\u044c \u0443 \u0446\u0435\u043d\u0442\u0440\u0456 (\u0432\u0443\u043b\u0438\u0446\u044f \u0406\u043d\u0441\u0442\u0438\u0442\u0443\u0442\u0441\u044c\u043a\u0430). #\u0404\u0432\u0440\u043e\u043c\u0430\u0439\u0434\u0430\u043d http://t.co/1CXeiHzYgM",
        "truncated": false,
        "entities": {
            "hashtags": [
                {
                    "text": "\u0404\u0432\u0440\u043e\u043c\u0430\u0439\u0434\u0430\u043d",
                    "indices": [
                        50,
                        61
                    ]
                }
            ],
            "symbols": [],
            "user_mentions": [],
            "urls": [],
            "media": [
                {
                    "id": 436440506206150656,
                    "id_str": "436440506206150656",
                    "indices": [
                        62,
                        84
                    ],
                    "media_url": "http://pbs.twimg.com/media/Bg6MU_oCYAAFw7H.jpg",
                    "media_url_https": "https://pbs.twimg.com/media/Bg6MU_oCYAAFw7H.jpg",
                    "url": "http://t.co/1CXeiHzYgM",
                    "display_url": "pic.twitter.com/1CXeiHzYgM",
                    "expanded_url": "https://twitter.com/HromadskeTV/status/436440506197762048/photo/1",
                    "type": "photo",
                    "sizes": {
                        "thumb": {
                            "w": 150,
                            "h": 150,
                            "resize": "crop"
                        },
                        "medium": {
                            "w": 960,
                            "h": 720,
                            "resize": "fit"
                        },
                        "small": {
                            "w": 680,
                            "h": 510,
                            "resize": "fit"
                        },
                        "large": {
                            "w": 960,
                            "h": 720,
                            "resize": "fit"
                        }
                    }
                }
            ]
        },
        "extended_entities": {
            "media": [
                {
                    "id": 436440506206150656,
                    "id_str": "436440506206150656",
                    "indices": [
                        62,
                        84
                    ],
                    "media_url": "http://pbs.twimg.com/media/Bg6MU_oCYAAFw7H.jpg",
                    "media_url_https": "https://pbs.twimg.com/media/Bg6MU_oCYAAFw7H.jpg",
                    "url": "http://t.co/1CXeiHzYgM",
                    "display_url": "pic.twitter.com/1CXeiHzYgM",
                    "expanded_url": "https://twitter.com/HromadskeTV/status/436440506197762048/photo/1",
                    "type": "photo",
                    "sizes": {
                        "thumb": {
                            "w": 150,
                            "h": 150,
                            "resize": "crop"
                        },
                        "medium": {
                            "w": 960,
                            "h": 720,
                            "resize": "fit"
                        },
                        "small": {
                            "w": 680,
                            "h": 510,
                            "resize": "fit"
                        },
                        "large": {
                            "w": 960,
                            "h": 720,
                            "resize": "fit"
                        }
                    }
                }
            ]
        },
        "source": "<a href=\"http://twitter.com\" rel=\"nofollow\">Twitter Web Client</a>",
        "in_reply_to_status_id": null,
        "in_reply_to_status_id_str": null,
        "in_reply_to_user_id": null,
        "in_reply_to_user_id_str": null,
        "in_reply_to_screen_name": null,
        "user": {
            "id": 1454734730,
            "id_str": "1454734730",
            "name": "Hromadske.UA",
            "screen_name": "HromadskeUA",
            "location": "Ukraine",
            "description": "\u0414\u043b\u044f \u043d\u0430\u0441 \u0443\u043a\u0440\u0430\u0457\u043d\u0441\u044c\u043a\u0435 \u0433\u0440\u043e\u043c\u0430\u0434\u0441\u044c\u043a\u0435 \u043c\u043e\u0432\u043b\u0435\u043d\u043d\u044f \u2013 \u0446\u0435 \u0441\u043e\u0446\u0456\u0430\u043b\u044c\u043d\u0430 \u043c\u0456\u0441\u0456\u044f, \u0433\u0440\u043e\u043c\u0430\u0434\u044f\u043d\u0441\u044c\u043a\u0430 \u043f\u043e\u0437\u0438\u0446\u0456\u044f. \u0412\u0437\u044f\u0442\u0438 \u0443\u0447\u0430\u0441\u0442\u044c \u043c\u043e\u0436\u0435 \u043a\u043e\u0436\u0435\u043d \u2013 \u043c\u0430\u0442\u0435\u0440\u0456\u0430\u043b\u044c\u043d\u043e, \u0442\u0435\u0445\u043d\u0456\u0447\u043d\u043e, \u043e\u0440\u0433\u0430\u043d\u0456\u0437\u0430\u0446\u0456\u0439\u043d\u043e, \u0432\u043e\u043b\u043e\u043d\u0442\u0435\u0440\u0441\u044c\u043a\u0438",
            "url": "https://t.co/AqbHRR8VRw",
            "entities": {
                "url": {
                    "urls": [
                        {
                            "url": "https://t.co/AqbHRR8VRw",
                            "expanded_url": "https://hromadske.ua/",
                            "display_url": "hromadske.ua",
                            "indices": [
                                0,
                                23
                            ]
                        }
                    ]
                },
                "description": {
                    "urls": []
                }
            },
            "protected": false,
            "followers_count": 997233,
            "friends_count": 600,
            "listed_count": 1784,
            "created_at": "Fri May 24 17:12:06 +0000 2013",
            "favourites_count": 118,
            "utc_offset": 7200,
            "time_zone": "Kyiv",
            "geo_enabled": true,
            "verified": true,
            "statuses_count": 113114,
            "lang": "uk",
            "contributors_enabled": false,
            "is_translator": false,
            "is_translation_enabled": false,
            "profile_background_color": "C0DEED",
            "profile_background_image_url": "http://abs.twimg.com/images/themes/theme1/bg.png",
            "profile_background_image_url_https": "https://abs.twimg.com/images/themes/theme1/bg.png",
            "profile_background_tile": false,
            "profile_image_url": "http://pbs.twimg.com/profile_images/869600580213366785/dAv_8w2j_normal.jpg",
            "profile_image_url_https": "https://pbs.twimg.com/profile_images/869600580213366785/dAv_8w2j_normal.jpg",
            "profile_link_color": "1DA1F2",
            "profile_sidebar_border_color": "C0DEED",
            "profile_sidebar_fill_color": "DDEEF6",
            "profile_text_color": "333333",
            "profile_use_background_image": true,
            "has_extended_profile": false,
            "default_profile": true,
            "default_profile_image": false,
            "following": false,
            "follow_request_sent": false,
            "notifications": false,
            "translator_type": "none"
        },
        "geo": null,
        "coordinates": null,
        "place": null,
        "contributors": null,
        "is_quote_status": false,
        "retweet_count": 116,
        "favorite_count": 19,
        "favorited": false,
        "retweeted": false,
        "possibly_sensitive": false,
        "possibly_sensitive_appealable": false,
        "lang": "uk"
    },
    "is_quote_status": false,
    "retweet_count": 116,
    "favorite_count": 0,
    "favorited": false,
    "retweeted": false,
    "possibly_sensitive": false,
    "possibly_sensitive_appealable": false,
    "lang": "uk"
}