{
    "created_at": "Mon Dec 11 13:34:25 +0000 2017",
    "id": 940213180374159360,
    "id_str": "940213180374159360",
    "text": "RT @PolianskaRS: \u042f\u0446\u0435\u043d\u044e\u043a \u043f\u0440\u0438\u0439\u0448\u043e\u0432 \u0441\u0432\u0456\u0434\u043a\u043e\u043c \u043d\u0430 \u0441\u0443\u0434 \u043f\u043e \u0434\u0435\u0440\u0436\u0437\u0440\u0430\u0434\u0456 \u042f\u043d\u0443\u043a\u043e\u0432\u0438\u0447\u0430\n\u0410\u0434\u0432\u043e\u043a\u0430\u0442\u0438 \u0435\u043a\u0441-\u043f\u0440\u0435\u0437\u0438\u0434\u0435\u043d\u0442\u0430 \u0442\u0430\u043a \u0440\u043e\u0437\u0406\u0439\u0448\u043b\u0438\u0441\u0442, \u0449\u043e \u0441\u043a\u043b\u0430\u0434\u0430\u0454\u0442\u044c\u0441\u044f \u0432\u0440\u0430\u0436\u0435\u043d\u043d\u044f, \u043d\u0430\u0447\u0435\u2026",
    "truncated": false,
    "entities": {
        "hashtags": [],
        "symbols": [],
        "user_mentions": [
            {
                "screen_name": "PolianskaRS",
                "name": "\u042f\u043d\u0430 \u041f\u043e\u043b\u044f\u043d\u0441\u044c\u043a\u0430",
                "id": 2653050955,
                "id_str": "2653050955",
                "indices": [
                    3,
                    15
                ]
            }
        ],
        "urls": []
    },
    "source": "<a href=\"https://about.twitter.com/products/tweetdeck\" rel=\"nofollow\">TweetDeck</a>",
    "in_reply_to_status_id": null,
    "in_reply_to_status_id_str": null,
    "in_reply_to_user_id": null,
    "in_reply_to_user_id_str": null,
    "in_reply_to_screen_name": null,
    "user": {
        "id": 17718831,
        "id_str": "17718831",
        "name": "\u0420\u0430\u0434\u0456\u043e \u0421\u0432\u043e\u0431\u043e\u0434\u0430",
        "screen_name": "radiosvoboda",
        "location": "Kyiv, \u0432\u0443\u043b. \u0425\u0440\u0435\u0449\u0430\u0442\u0438\u043a, 19\u0430",
        "description": "\u0410\u0432\u0442\u043e\u0440\u0441\u044c\u043a\u0430 \u0441\u0442\u043e\u0440\u0456\u043d\u043a\u0430 \u0420\u0430\u0434\u0456\u043e \u0421\u0432\u043e\u0431\u043e\u0434\u0430. \u041d\u043e\u0432\u0438\u043d\u0438/\u0410\u043d\u0430\u043b\u0456\u0442\u0438\u043a\u0430/\u0424\u043e\u0442\u043e/\u0412\u0456\u0434\u0435\u043e/         /\u0442\u0435\u043b: +380 44 490 29 00.\u0420\u0435\u0442\u0432\u0456\u0442\u0438 \u2260 \u0441\u0445\u0432\u0430\u043b\u0435\u043d\u043d\u044f.",
        "url": "http://t.co/n3dc02y1oe",
        "entities": {
            "url": {
                "urls": [
                    {
                        "url": "http://t.co/n3dc02y1oe",
                        "expanded_url": "http://radiosvoboda.org",
                        "display_url": "radiosvoboda.org",
                        "indices": [
                            0,
                            22
                        ]
                    }
                ]
            },
            "description": {
                "urls": []
            }
        },
        "protected": false,
        "followers_count": 453058,
        "friends_count": 770,
        "listed_count": 1451,
        "created_at": "Fri Nov 28 20:32:20 +0000 2008",
        "favourites_count": 2371,
        "utc_offset": 7200,
        "time_zone": "Kyiv",
        "geo_enabled": false,
        "verified": true,
        "statuses_count": 384818,
        "lang": "en",
        "contributors_enabled": false,
        "is_translator": false,
        "is_translation_enabled": false,
        "profile_background_color": "5C666F",
        "profile_background_image_url": "http://pbs.twimg.com/profile_background_images/661875409483661312/o8O7eU8N.jpg",
        "profile_background_image_url_https": "https://pbs.twimg.com/profile_background_images/661875409483661312/o8O7eU8N.jpg",
        "profile_background_tile": true,
        "profile_image_url": "http://pbs.twimg.com/profile_images/779281727550320640/S94grX4T_normal.jpg",
        "profile_image_url_https": "https://pbs.twimg.com/profile_images/779281727550320640/S94grX4T_normal.jpg",
        "profile_banner_url": "https://pbs.twimg.com/profile_banners/17718831/1502212414",
        "profile_link_color": "EA6903",
        "profile_sidebar_border_color": "000000",
        "profile_sidebar_fill_color": "FFFFFF",
        "profile_text_color": "000000",
        "profile_use_background_image": true,
        "has_extended_profile": false,
        "default_profile": false,
        "default_profile_image": false,
        "following": false,
        "follow_request_sent": false,
        "notifications": false,
        "translator_type": "none"
    },
    "geo": null,
    "coordinates": null,
    "place": null,
    "contributors": null,
    "retweeted_status": {
        "created_at": "Mon Dec 11 13:30:42 +0000 2017",
        "id": 940212244410859521,
        "id_str": "940212244410859521",
        "text": "\u042f\u0446\u0435\u043d\u044e\u043a \u043f\u0440\u0438\u0439\u0448\u043e\u0432 \u0441\u0432\u0456\u0434\u043a\u043e\u043c \u043d\u0430 \u0441\u0443\u0434 \u043f\u043e \u0434\u0435\u0440\u0436\u0437\u0440\u0430\u0434\u0456 \u042f\u043d\u0443\u043a\u043e\u0432\u0438\u0447\u0430\n\u0410\u0434\u0432\u043e\u043a\u0430\u0442\u0438 \u0435\u043a\u0441-\u043f\u0440\u0435\u0437\u0438\u0434\u0435\u043d\u0442\u0430 \u0442\u0430\u043a \u0440\u043e\u0437\u0406\u0439\u0448\u043b\u0438\u0441\u0442, \u0449\u043e \u0441\u043a\u043b\u0430\u0434\u0430\u0454\u0442\u044c\u0441\u044f \u0432\u0440\u0430\u0436\u0435\u043d\u043d\u044f, \u043d\u0430\u0447\u0435 \u0441\u0443\u0434\u044f\u0442\u044c \u042f\u0446\u0435\u043d\u044e\u043a\u0430",
        "truncated": false,
        "entities": {
            "hashtags": [],
            "symbols": [],
            "user_mentions": [],
            "urls": []
        },
        "source": "<a href=\"http://twitter.com/download/android\" rel=\"nofollow\">Twitter for Android</a>",
        "in_reply_to_status_id": null,
        "in_reply_to_status_id_str": null,
        "in_reply_to_user_id": null,
        "in_reply_to_user_id_str": null,
        "in_reply_to_screen_name": null,
        "user": {
            "id": 2653050955,
            "id_str": "2653050955",
            "name": "\u042f\u043d\u0430 \u041f\u043e\u043b\u044f\u043d\u0441\u044c\u043a\u0430",
            "screen_name": "PolianskaRS",
            "location": "",
            "description": "\u0416\u0443\u0440\u043d\u0430\u043b\u0456\u0441\u0442 \u0420\u0430\u0434\u0456\u043e \u0421\u0432\u043e\u0431\u043e\u0434\u0430",
            "url": "http://t.co/HA9y0SOesQ",
            "entities": {
                "url": {
                    "urls": [
                        {
                            "url": "http://t.co/HA9y0SOesQ",
                            "expanded_url": "http://www.radiosvoboda.org/author/93966.html",
                            "display_url": "radiosvoboda.org/author/93966.h\u2026",
                            "indices": [
                                0,
                                22
                            ]
                        }
                    ]
                },
                "description": {
                    "urls": []
                }
            },
            "protected": false,
            "followers_count": 3958,
            "friends_count": 44,
            "listed_count": 59,
            "created_at": "Thu Jul 17 06:18:47 +0000 2014",
            "favourites_count": 90,
            "utc_offset": 3600,
            "time_zone": "Prague",
            "geo_enabled": true,
            "verified": false,
            "statuses_count": 2470,
            "lang": "uk",
            "contributors_enabled": false,
            "is_translator": false,
            "is_translation_enabled": false,
            "profile_background_color": "131516",
            "profile_background_image_url": "http://abs.twimg.com/images/themes/theme14/bg.gif",
            "profile_background_image_url_https": "https://abs.twimg.com/images/themes/theme14/bg.gif",
            "profile_background_tile": true,
            "profile_image_url": "http://pbs.twimg.com/profile_images/692698318913142784/y-lVCEBN_normal.jpg",
            "profile_image_url_https": "https://pbs.twimg.com/profile_images/692698318913142784/y-lVCEBN_normal.jpg",
            "profile_banner_url": "https://pbs.twimg.com/profile_banners/2653050955/1405578270",
            "profile_link_color": "009999",
            "profile_sidebar_border_color": "EEEEEE",
            "profile_sidebar_fill_color": "EFEFEF",
            "profile_text_color": "333333",
            "profile_use_background_image": true,
            "has_extended_profile": false,
            "default_profile": false,
            "default_profile_image": false,
            "following": false,
            "follow_request_sent": false,
            "notifications": false,
            "translator_type": "none"
        },
        "geo": null,
        "coordinates": null,
        "place": null,
        "contributors": null,
        "is_quote_status": false,
        "retweet_count": 10,
        "favorite_count": 19,
        "favorited": false,
        "retweeted": false,
        "lang": "uk"
    },
    "is_quote_status": false,
    "retweet_count": 10,
    "favorite_count": 0,
    "favorited": false,
    "retweeted": false,
    "lang": "uk"
}