{
    "created_at": "Thu Nov 30 20:17:38 +0000 2017",
    "id": 936328387056029696,
    "id_str": "936328387056029696",
    "text": "\u041a\u0430\u043a\u0438\u043c \u0431\u044b\u043b \u0414\u043e\u043d\u0435\u0446\u043a\u0438\u0439 \u0415\u0432\u0440\u043e\u043c\u0430\u0439\u0434\u0430\u043d\nhttps://t.co/urpzR2WXhF https://t.co/WOingQfQAd",
    "truncated": false,
    "entities": {
        "hashtags": [],
        "symbols": [],
        "user_mentions": [],
        "urls": [
            {
                "url": "https://t.co/urpzR2WXhF",
                "expanded_url": "http://bit.ly/2AK1c5w",
                "display_url": "bit.ly/2AK1c5w",
                "indices": [
                    30,
                    53
                ]
            }
        ],
        "media": [
            {
                "id": 936326650698100736,
                "id_str": "936326650698100736",
                "indices": [
                    54,
                    77
                ],
                "media_url": "http://pbs.twimg.com/media/DP6AIMCXcAARMm3.jpg",
                "media_url_https": "https://pbs.twimg.com/media/DP6AIMCXcAARMm3.jpg",
                "url": "https://t.co/WOingQfQAd",
                "display_url": "pic.twitter.com/WOingQfQAd",
                "expanded_url": "https://twitter.com/radiosvoboda/status/936328387056029696/photo/1",
                "type": "photo",
                "sizes": {
                    "medium": {
                        "w": 1023,
                        "h": 575,
                        "resize": "fit"
                    },
                    "thumb": {
                        "w": 150,
                        "h": 150,
                        "resize": "crop"
                    },
                    "large": {
                        "w": 1023,
                        "h": 575,
                        "resize": "fit"
                    },
                    "small": {
                        "w": 680,
                        "h": 382,
                        "resize": "fit"
                    }
                }
            }
        ]
    },
    "extended_entities": {
        "media": [
            {
                "id": 936326650698100736,
                "id_str": "936326650698100736",
                "indices": [
                    54,
                    77
                ],
                "media_url": "http://pbs.twimg.com/media/DP6AIMCXcAARMm3.jpg",
                "media_url_https": "https://pbs.twimg.com/media/DP6AIMCXcAARMm3.jpg",
                "url": "https://t.co/WOingQfQAd",
                "display_url": "pic.twitter.com/WOingQfQAd",
                "expanded_url": "https://twitter.com/radiosvoboda/status/936328387056029696/photo/1",
                "type": "photo",
                "sizes": {
                    "medium": {
                        "w": 1023,
                        "h": 575,
                        "resize": "fit"
                    },
                    "thumb": {
                        "w": 150,
                        "h": 150,
                        "resize": "crop"
                    },
                    "large": {
                        "w": 1023,
                        "h": 575,
                        "resize": "fit"
                    },
                    "small": {
                        "w": 680,
                        "h": 382,
                        "resize": "fit"
                    }
                }
            }
        ]
    },
    "source": "<a href=\"http://twitter.com\" rel=\"nofollow\">Twitter Web Client</a>",
    "in_reply_to_status_id": null,
    "in_reply_to_status_id_str": null,
    "in_reply_to_user_id": null,
    "in_reply_to_user_id_str": null,
    "in_reply_to_screen_name": null,
    "user": {
        "id": 17718831,
        "id_str": "17718831",
        "name": "\u0420\u0430\u0434\u0456\u043e \u0421\u0432\u043e\u0431\u043e\u0434\u0430",
        "screen_name": "radiosvoboda",
        "location": "Kyiv, \u0432\u0443\u043b. \u0425\u0440\u0435\u0449\u0430\u0442\u0438\u043a, 19\u0430",
        "description": "\u0410\u0432\u0442\u043e\u0440\u0441\u044c\u043a\u0430 \u0441\u0442\u043e\u0440\u0456\u043d\u043a\u0430 \u0420\u0430\u0434\u0456\u043e \u0421\u0432\u043e\u0431\u043e\u0434\u0430. \u041d\u043e\u0432\u0438\u043d\u0438/\u0410\u043d\u0430\u043b\u0456\u0442\u0438\u043a\u0430/\u0424\u043e\u0442\u043e/\u0412\u0456\u0434\u0435\u043e/         /\u0442\u0435\u043b: +380 44 490 29 00.\u0420\u0435\u0442\u0432\u0456\u0442\u0438 \u2260 \u0441\u0445\u0432\u0430\u043b\u0435\u043d\u043d\u044f.",
        "url": "http://t.co/n3dc02y1oe",
        "entities": {
            "url": {
                "urls": [
                    {
                        "url": "http://t.co/n3dc02y1oe",
                        "expanded_url": "http://radiosvoboda.org",
                        "display_url": "radiosvoboda.org",
                        "indices": [
                            0,
                            22
                        ]
                    }
                ]
            },
            "description": {
                "urls": []
            }
        },
        "protected": false,
        "followers_count": 453058,
        "friends_count": 770,
        "listed_count": 1451,
        "created_at": "Fri Nov 28 20:32:20 +0000 2008",
        "favourites_count": 2371,
        "utc_offset": 7200,
        "time_zone": "Kyiv",
        "geo_enabled": false,
        "verified": true,
        "statuses_count": 384818,
        "lang": "en",
        "contributors_enabled": false,
        "is_translator": false,
        "is_translation_enabled": false,
        "profile_background_color": "5C666F",
        "profile_background_image_url": "http://pbs.twimg.com/profile_background_images/661875409483661312/o8O7eU8N.jpg",
        "profile_background_image_url_https": "https://pbs.twimg.com/profile_background_images/661875409483661312/o8O7eU8N.jpg",
        "profile_background_tile": true,
        "profile_image_url": "http://pbs.twimg.com/profile_images/779281727550320640/S94grX4T_normal.jpg",
        "profile_image_url_https": "https://pbs.twimg.com/profile_images/779281727550320640/S94grX4T_normal.jpg",
        "profile_banner_url": "https://pbs.twimg.com/profile_banners/17718831/1502212414",
        "profile_link_color": "EA6903",
        "profile_sidebar_border_color": "000000",
        "profile_sidebar_fill_color": "FFFFFF",
        "profile_text_color": "000000",
        "profile_use_background_image": true,
        "has_extended_profile": false,
        "default_profile": false,
        "default_profile_image": false,
        "following": false,
        "follow_request_sent": false,
        "notifications": false,
        "translator_type": "none"
    },
    "geo": null,
    "coordinates": null,
    "place": null,
    "contributors": null,
    "is_quote_status": false,
    "retweet_count": 10,
    "favorite_count": 15,
    "favorited": false,
    "retweeted": false,
    "possibly_sensitive": false,
    "possibly_sensitive_appealable": false,
    "lang": "ru"
}