{
    "created_at": "Fri Feb 20 17:26:16 +0000 2015",
    "id": 568823968439898112,
    "id_str": "568823968439898112",
    "text": "RT @HromadskeTV: \u041c\u0430\u0439\u0434\u0430\u043d \u0432 \u0446\u0456 \u0445\u0432\u0438\u043b\u0438\u043d\u0438 // \u041d\u0410\u0416\u0418\u0412\u041e: http://t.co/DjAMBuSHtJ http://t.co/4cwcUxTGCt",
    "truncated": false,
    "entities": {
        "hashtags": [],
        "symbols": [],
        "user_mentions": [
            {
                "screen_name": "HromadskeTV",
                "name": "Hromadske",
                "id": 2785914470,
                "id_str": "2785914470",
                "indices": [
                    3,
                    15
                ]
            }
        ],
        "urls": [
            {
                "url": "http://t.co/DjAMBuSHtJ",
                "expanded_url": "http://goo.gl/tB9Phn",
                "display_url": "goo.gl/tB9Phn",
                "indices": [
                    48,
                    70
                ]
            }
        ],
        "media": [
            {
                "id": 568822865374355456,
                "id_str": "568822865374355456",
                "indices": [
                    71,
                    93
                ],
                "media_url": "http://pbs.twimg.com/media/B-TdYd7CIAAUBYN.jpg",
                "media_url_https": "https://pbs.twimg.com/media/B-TdYd7CIAAUBYN.jpg",
                "url": "http://t.co/4cwcUxTGCt",
                "display_url": "pic.twitter.com/4cwcUxTGCt",
                "expanded_url": "https://twitter.com/HromadskeTV/status/568822866537521152/photo/1",
                "type": "photo",
                "sizes": {
                    "thumb": {
                        "w": 150,
                        "h": 150,
                        "resize": "crop"
                    },
                    "large": {
                        "w": 1280,
                        "h": 853,
                        "resize": "fit"
                    },
                    "small": {
                        "w": 680,
                        "h": 453,
                        "resize": "fit"
                    },
                    "medium": {
                        "w": 1200,
                        "h": 800,
                        "resize": "fit"
                    }
                },
                "source_status_id": 568822866537521152,
                "source_status_id_str": "568822866537521152",
                "source_user_id": 1454734730,
                "source_user_id_str": "1454734730"
            }
        ]
    },
    "extended_entities": {
        "media": [
            {
                "id": 568822865374355456,
                "id_str": "568822865374355456",
                "indices": [
                    71,
                    93
                ],
                "media_url": "http://pbs.twimg.com/media/B-TdYd7CIAAUBYN.jpg",
                "media_url_https": "https://pbs.twimg.com/media/B-TdYd7CIAAUBYN.jpg",
                "url": "http://t.co/4cwcUxTGCt",
                "display_url": "pic.twitter.com/4cwcUxTGCt",
                "expanded_url": "https://twitter.com/HromadskeTV/status/568822866537521152/photo/1",
                "type": "photo",
                "sizes": {
                    "thumb": {
                        "w": 150,
                        "h": 150,
                        "resize": "crop"
                    },
                    "large": {
                        "w": 1280,
                        "h": 853,
                        "resize": "fit"
                    },
                    "small": {
                        "w": 680,
                        "h": 453,
                        "resize": "fit"
                    },
                    "medium": {
                        "w": 1200,
                        "h": 800,
                        "resize": "fit"
                    }
                },
                "source_status_id": 568822866537521152,
                "source_status_id_str": "568822866537521152",
                "source_user_id": 1454734730,
                "source_user_id_str": "1454734730"
            }
        ]
    },
    "source": "<a href=\"http://twitter.com\" rel=\"nofollow\">Twitter Web Client</a>",
    "in_reply_to_status_id": null,
    "in_reply_to_status_id_str": null,
    "in_reply_to_user_id": null,
    "in_reply_to_user_id_str": null,
    "in_reply_to_screen_name": null,
    "user": {
        "id": 3032720313,
        "id_str": "3032720313",
        "name": "LifeinUA",
        "screen_name": "LifeinUAInfo",
        "location": "Ukraine",
        "description": "News about Ukraine, travel tips, fun staff. Loving Ukraine in spite of all. Come and discover it! #UnitedForUkraine",
        "url": "http://t.co/8C8f3HO7Kw",
        "entities": {
            "url": {
                "urls": [
                    {
                        "url": "http://t.co/8C8f3HO7Kw",
                        "expanded_url": "http://lifeinua.info",
                        "display_url": "lifeinua.info",
                        "indices": [
                            0,
                            22
                        ]
                    }
                ]
            },
            "description": {
                "urls": []
            }
        },
        "protected": false,
        "followers_count": 616,
        "friends_count": 1464,
        "listed_count": 11,
        "created_at": "Thu Feb 12 13:52:30 +0000 2015",
        "favourites_count": 170,
        "utc_offset": -28800,
        "time_zone": "Pacific Time (US & Canada)",
        "geo_enabled": false,
        "verified": false,
        "statuses_count": 1826,
        "lang": "en",
        "contributors_enabled": false,
        "is_translator": false,
        "is_translation_enabled": false,
        "profile_background_color": "ACDED6",
        "profile_background_image_url": "http://abs.twimg.com/images/themes/theme18/bg.gif",
        "profile_background_image_url_https": "https://abs.twimg.com/images/themes/theme18/bg.gif",
        "profile_background_tile": false,
        "profile_image_url": "http://pbs.twimg.com/profile_images/740131480932909056/IIXeFys9_normal.jpg",
        "profile_image_url_https": "https://pbs.twimg.com/profile_images/740131480932909056/IIXeFys9_normal.jpg",
        "profile_banner_url": "https://pbs.twimg.com/profile_banners/3032720313/1446558308",
        "profile_link_color": "3B94D9",
        "profile_sidebar_border_color": "EEEEEE",
        "profile_sidebar_fill_color": "F6F6F6",
        "profile_text_color": "333333",
        "profile_use_background_image": true,
        "has_extended_profile": true,
        "default_profile": false,
        "default_profile_image": false,
        "following": false,
        "follow_request_sent": false,
        "notifications": false,
        "translator_type": "none"
    },
    "geo": null,
    "coordinates": null,
    "place": null,
    "contributors": null,
    "retweeted_status": {
        "created_at": "Fri Feb 20 17:21:54 +0000 2015",
        "id": 568822866537521152,
        "id_str": "568822866537521152",
        "text": "\u041c\u0430\u0439\u0434\u0430\u043d \u0432 \u0446\u0456 \u0445\u0432\u0438\u043b\u0438\u043d\u0438 // \u041d\u0410\u0416\u0418\u0412\u041e: http://t.co/DjAMBuSHtJ http://t.co/4cwcUxTGCt",
        "truncated": false,
        "entities": {
            "hashtags": [],
            "symbols": [],
            "user_mentions": [],
            "urls": [
                {
                    "url": "http://t.co/DjAMBuSHtJ",
                    "expanded_url": "http://goo.gl/tB9Phn",
                    "display_url": "goo.gl/tB9Phn",
                    "indices": [
                        31,
                        53
                    ]
                }
            ],
            "media": [
                {
                    "id": 568822865374355456,
                    "id_str": "568822865374355456",
                    "indices": [
                        54,
                        76
                    ],
                    "media_url": "http://pbs.twimg.com/media/B-TdYd7CIAAUBYN.jpg",
                    "media_url_https": "https://pbs.twimg.com/media/B-TdYd7CIAAUBYN.jpg",
                    "url": "http://t.co/4cwcUxTGCt",
                    "display_url": "pic.twitter.com/4cwcUxTGCt",
                    "expanded_url": "https://twitter.com/HromadskeTV/status/568822866537521152/photo/1",
                    "type": "photo",
                    "sizes": {
                        "thumb": {
                            "w": 150,
                            "h": 150,
                            "resize": "crop"
                        },
                        "large": {
                            "w": 1280,
                            "h": 853,
                            "resize": "fit"
                        },
                        "small": {
                            "w": 680,
                            "h": 453,
                            "resize": "fit"
                        },
                        "medium": {
                            "w": 1200,
                            "h": 800,
                            "resize": "fit"
                        }
                    }
                }
            ]
        },
        "extended_entities": {
            "media": [
                {
                    "id": 568822865374355456,
                    "id_str": "568822865374355456",
                    "indices": [
                        54,
                        76
                    ],
                    "media_url": "http://pbs.twimg.com/media/B-TdYd7CIAAUBYN.jpg",
                    "media_url_https": "https://pbs.twimg.com/media/B-TdYd7CIAAUBYN.jpg",
                    "url": "http://t.co/4cwcUxTGCt",
                    "display_url": "pic.twitter.com/4cwcUxTGCt",
                    "expanded_url": "https://twitter.com/HromadskeTV/status/568822866537521152/photo/1",
                    "type": "photo",
                    "sizes": {
                        "thumb": {
                            "w": 150,
                            "h": 150,
                            "resize": "crop"
                        },
                        "large": {
                            "w": 1280,
                            "h": 853,
                            "resize": "fit"
                        },
                        "small": {
                            "w": 680,
                            "h": 453,
                            "resize": "fit"
                        },
                        "medium": {
                            "w": 1200,
                            "h": 800,
                            "resize": "fit"
                        }
                    }
                }
            ]
        },
        "source": "<a href=\"http://twitter.com\" rel=\"nofollow\">Twitter Web Client</a>",
        "in_reply_to_status_id": null,
        "in_reply_to_status_id_str": null,
        "in_reply_to_user_id": null,
        "in_reply_to_user_id_str": null,
        "in_reply_to_screen_name": null,
        "user": {
            "id": 1454734730,
            "id_str": "1454734730",
            "name": "Hromadske.UA",
            "screen_name": "HromadskeUA",
            "location": "Ukraine",
            "description": "\u0414\u043b\u044f \u043d\u0430\u0441 \u0443\u043a\u0440\u0430\u0457\u043d\u0441\u044c\u043a\u0435 \u0433\u0440\u043e\u043c\u0430\u0434\u0441\u044c\u043a\u0435 \u043c\u043e\u0432\u043b\u0435\u043d\u043d\u044f \u2013 \u0446\u0435 \u0441\u043e\u0446\u0456\u0430\u043b\u044c\u043d\u0430 \u043c\u0456\u0441\u0456\u044f, \u0433\u0440\u043e\u043c\u0430\u0434\u044f\u043d\u0441\u044c\u043a\u0430 \u043f\u043e\u0437\u0438\u0446\u0456\u044f. \u0412\u0437\u044f\u0442\u0438 \u0443\u0447\u0430\u0441\u0442\u044c \u043c\u043e\u0436\u0435 \u043a\u043e\u0436\u0435\u043d \u2013 \u043c\u0430\u0442\u0435\u0440\u0456\u0430\u043b\u044c\u043d\u043e, \u0442\u0435\u0445\u043d\u0456\u0447\u043d\u043e, \u043e\u0440\u0433\u0430\u043d\u0456\u0437\u0430\u0446\u0456\u0439\u043d\u043e, \u0432\u043e\u043b\u043e\u043d\u0442\u0435\u0440\u0441\u044c\u043a\u0438",
            "url": "https://t.co/AqbHRR8VRw",
            "entities": {
                "url": {
                    "urls": [
                        {
                            "url": "https://t.co/AqbHRR8VRw",
                            "expanded_url": "https://hromadske.ua/",
                            "display_url": "hromadske.ua",
                            "indices": [
                                0,
                                23
                            ]
                        }
                    ]
                },
                "description": {
                    "urls": []
                }
            },
            "protected": false,
            "followers_count": 997233,
            "friends_count": 600,
            "listed_count": 1784,
            "created_at": "Fri May 24 17:12:06 +0000 2013",
            "favourites_count": 118,
            "utc_offset": 7200,
            "time_zone": "Kyiv",
            "geo_enabled": true,
            "verified": true,
            "statuses_count": 113114,
            "lang": "uk",
            "contributors_enabled": false,
            "is_translator": false,
            "is_translation_enabled": false,
            "profile_background_color": "C0DEED",
            "profile_background_image_url": "http://abs.twimg.com/images/themes/theme1/bg.png",
            "profile_background_image_url_https": "https://abs.twimg.com/images/themes/theme1/bg.png",
            "profile_background_tile": false,
            "profile_image_url": "http://pbs.twimg.com/profile_images/869600580213366785/dAv_8w2j_normal.jpg",
            "profile_image_url_https": "https://pbs.twimg.com/profile_images/869600580213366785/dAv_8w2j_normal.jpg",
            "profile_link_color": "1DA1F2",
            "profile_sidebar_border_color": "C0DEED",
            "profile_sidebar_fill_color": "DDEEF6",
            "profile_text_color": "333333",
            "profile_use_background_image": true,
            "has_extended_profile": false,
            "default_profile": true,
            "default_profile_image": false,
            "following": false,
            "follow_request_sent": false,
            "notifications": false,
            "translator_type": "none"
        },
        "geo": null,
        "coordinates": null,
        "place": null,
        "contributors": null,
        "is_quote_status": false,
        "retweet_count": 61,
        "favorite_count": 23,
        "favorited": false,
        "retweeted": false,
        "possibly_sensitive": false,
        "possibly_sensitive_appealable": false,
        "lang": "uk"
    },
    "is_quote_status": false,
    "retweet_count": 61,
    "favorite_count": 0,
    "favorited": false,
    "retweeted": false,
    "possibly_sensitive": false,
    "possibly_sensitive_appealable": false,
    "lang": "uk"
}