{
    "created_at": "Sat Jan 10 12:53:21 +0000 2015",
    "id": 553897383248293888,
    "id_str": "553897383248293888",
    "text": "RT @EspresoTV: \"\u0411\u0443\u043a\", \u0437 \u044f\u043a\u043e\u0433\u043e \u0437\u0431\u0438\u043b\u0438 \u043c\u0430\u043b\u0430\u0439\u0437\u0456\u0439\u0441\u044c\u043a\u0438\u0439 \"\u0411\u043e\u0457\u043d\u0433\", \u043f\u0440\u0438\u0432\u0435\u0437\u043b\u0438 \u0437 \u041a\u0443\u0440\u0441\u044c\u043a\u0430, - \u0434\u0430\u043d\u0456 \u0440\u043e\u0437\u0441\u043b\u0456\u0434\u0443\u0432\u0430\u043d\u043d\u044f: \u0417\u0435\u043d\u0456\u0442\u043d\u043e-\u0440\u0430\u043a\u0435\u0442\u043d\u0438\u0439 \u043a\u043e\u043c\u043f\u043b\u0435\u043a... http://t.c\u2026",
    "truncated": false,
    "entities": {
        "hashtags": [],
        "symbols": [],
        "user_mentions": [
            {
                "screen_name": "EspresoTV",
                "name": "\u0415\u0441\u043f\u0440\u0435\u0441\u043e",
                "id": 2207625002,
                "id_str": "2207625002",
                "indices": [
                    3,
                    13
                ]
            }
        ],
        "urls": []
    },
    "source": "<a href=\"https://twitter.com/download/android\" rel=\"nofollow\">Twitter for Android Tablets</a>",
    "in_reply_to_status_id": null,
    "in_reply_to_status_id_str": null,
    "in_reply_to_user_id": null,
    "in_reply_to_user_id_str": null,
    "in_reply_to_screen_name": null,
    "user": {
        "id": 494089612,
        "id_str": "494089612",
        "name": "Darth Vader",
        "screen_name": "EuroDarth_Vader",
        "location": "Kyiv, Ukraine",
        "description": "",
        "url": null,
        "entities": {
            "description": {
                "urls": []
            }
        },
        "protected": false,
        "followers_count": 17,
        "friends_count": 75,
        "listed_count": 0,
        "created_at": "Thu Feb 16 14:23:24 +0000 2012",
        "favourites_count": 65,
        "utc_offset": 7200,
        "time_zone": "Kyiv",
        "geo_enabled": false,
        "verified": false,
        "statuses_count": 492,
        "lang": "en",
        "contributors_enabled": false,
        "is_translator": false,
        "is_translation_enabled": false,
        "profile_background_color": "352726",
        "profile_background_image_url": "http://abs.twimg.com/images/themes/theme5/bg.gif",
        "profile_background_image_url_https": "https://abs.twimg.com/images/themes/theme5/bg.gif",
        "profile_background_tile": false,
        "profile_image_url": "http://pbs.twimg.com/profile_images/435873281904611328/YYjh5qq__normal.jpeg",
        "profile_image_url_https": "https://pbs.twimg.com/profile_images/435873281904611328/YYjh5qq__normal.jpeg",
        "profile_link_color": "D02B55",
        "profile_sidebar_border_color": "829D5E",
        "profile_sidebar_fill_color": "99CC33",
        "profile_text_color": "3E4415",
        "profile_use_background_image": true,
        "has_extended_profile": false,
        "default_profile": false,
        "default_profile_image": false,
        "following": false,
        "follow_request_sent": false,
        "notifications": false,
        "translator_type": "none"
    },
    "geo": null,
    "coordinates": null,
    "place": null,
    "contributors": null,
    "retweeted_status": {
        "created_at": "Sat Jan 10 11:35:00 +0000 2015",
        "id": 553877665984172032,
        "id_str": "553877665984172032",
        "text": "\"\u0411\u0443\u043a\", \u0437 \u044f\u043a\u043e\u0433\u043e \u0437\u0431\u0438\u043b\u0438 \u043c\u0430\u043b\u0430\u0439\u0437\u0456\u0439\u0441\u044c\u043a\u0438\u0439 \"\u0411\u043e\u0457\u043d\u0433\", \u043f\u0440\u0438\u0432\u0435\u0437\u043b\u0438 \u0437 \u041a\u0443\u0440\u0441\u044c\u043a\u0430, - \u0434\u0430\u043d\u0456 \u0440\u043e\u0437\u0441\u043b\u0456\u0434\u0443\u0432\u0430\u043d\u043d\u044f: \u0417\u0435\u043d\u0456\u0442\u043d\u043e-\u0440\u0430\u043a\u0435\u0442\u043d\u0438\u0439 \u043a\u043e\u043c\u043f\u043b\u0435\u043a... http://t.co/5alSdMvdKe",
        "truncated": false,
        "entities": {
            "hashtags": [],
            "symbols": [],
            "user_mentions": [],
            "urls": [
                {
                    "url": "http://t.co/5alSdMvdKe",
                    "expanded_url": "http://bit.ly/1FD4SCA",
                    "display_url": "bit.ly/1FD4SCA",
                    "indices": [
                        114,
                        136
                    ]
                }
            ]
        },
        "source": "<a href=\"http://twitterfeed.com\" rel=\"nofollow\">twitterfeed</a>",
        "in_reply_to_status_id": null,
        "in_reply_to_status_id_str": null,
        "in_reply_to_user_id": null,
        "in_reply_to_user_id_str": null,
        "in_reply_to_screen_name": null,
        "user": {
            "id": 2207625002,
            "id_str": "2207625002",
            "name": "\u0415\u0441\u043f\u0440\u0435\u0441\u043e",
            "screen_name": "EspresoTV",
            "location": "\u0423\u043a\u0440\u0430\u0457\u043d\u0430",
            "description": "",
            "url": "https://t.co/gaFaehTDyQ",
            "entities": {
                "url": {
                    "urls": [
                        {
                            "url": "https://t.co/gaFaehTDyQ",
                            "expanded_url": "http://espreso.tv",
                            "display_url": "espreso.tv",
                            "indices": [
                                0,
                                23
                            ]
                        }
                    ]
                },
                "description": {
                    "urls": []
                }
            },
            "protected": false,
            "followers_count": 101377,
            "friends_count": 235,
            "listed_count": 653,
            "created_at": "Thu Nov 21 18:29:42 +0000 2013",
            "favourites_count": 360,
            "utc_offset": 7200,
            "time_zone": "Kyiv",
            "geo_enabled": true,
            "verified": false,
            "statuses_count": 136252,
            "lang": "uk",
            "contributors_enabled": false,
            "is_translator": false,
            "is_translation_enabled": false,
            "profile_background_color": "C0DEED",
            "profile_background_image_url": "http://abs.twimg.com/images/themes/theme1/bg.png",
            "profile_background_image_url_https": "https://abs.twimg.com/images/themes/theme1/bg.png",
            "profile_background_tile": false,
            "profile_image_url": "http://pbs.twimg.com/profile_images/714781270891474945/mWkS3Y5F_normal.jpg",
            "profile_image_url_https": "https://pbs.twimg.com/profile_images/714781270891474945/mWkS3Y5F_normal.jpg",
            "profile_banner_url": "https://pbs.twimg.com/profile_banners/2207625002/1459252090",
            "profile_link_color": "04AAD4",
            "profile_sidebar_border_color": "C0DEED",
            "profile_sidebar_fill_color": "DDEEF6",
            "profile_text_color": "333333",
            "profile_use_background_image": true,
            "has_extended_profile": false,
            "default_profile": false,
            "default_profile_image": false,
            "following": false,
            "follow_request_sent": false,
            "notifications": false,
            "translator_type": "none"
        },
        "geo": null,
        "coordinates": null,
        "place": null,
        "contributors": null,
        "is_quote_status": false,
        "retweet_count": 22,
        "favorite_count": 4,
        "favorited": false,
        "retweeted": false,
        "possibly_sensitive": false,
        "possibly_sensitive_appealable": false,
        "lang": "uk"
    },
    "is_quote_status": false,
    "retweet_count": 22,
    "favorite_count": 0,
    "favorited": false,
    "retweeted": false,
    "lang": "uk"
}