{
    "created_at": "Mon Mar 30 11:56:41 +0000 2015",
    "id": 582511764367110144,
    "id_str": "582511764367110144",
    "text": "JIT MH17 \u0448\u0443\u043a\u0430\u0454 \u043e\u0447\u0435\u0432\u0438\u0434\u0446\u0456\u0432 \u0442\u0440\u0430\u043d\u0441\u043f\u043e\u0440\u0442\u0443\u0432\u0430\u043d\u043d\u044f \u0442\u0430 \u0432\u0438\u043a\u043e\u0440\u0438\u0441\u0442\u0430\u043d\u043d\u044f \u0411\u0423\u041a\u0430  http://t.co/5JgAr4b89l #MH17witness #\u0414\u043e\u043d\u0435\u0446\u043a #\u0421\u043d\u0435\u0436\u043d\u043e\u0435 @SimonBosma",
    "truncated": false,
    "entities": {
        "hashtags": [
            {
                "text": "MH17witness",
                "indices": [
                    86,
                    98
                ]
            },
            {
                "text": "\u0414\u043e\u043d\u0435\u0446\u043a",
                "indices": [
                    99,
                    106
                ]
            },
            {
                "text": "\u0421\u043d\u0435\u0436\u043d\u043e\u0435",
                "indices": [
                    107,
                    115
                ]
            }
        ],
        "symbols": [],
        "user_mentions": [
            {
                "screen_name": "SimonBosma",
                "name": "Simon Bosma",
                "id": 167721119,
                "id_str": "167721119",
                "indices": [
                    116,
                    127
                ]
            }
        ],
        "urls": [
            {
                "url": "http://t.co/5JgAr4b89l",
                "expanded_url": "http://www.JITMH17.com",
                "display_url": "JITMH17.com",
                "indices": [
                    63,
                    85
                ]
            }
        ]
    },
    "source": "<a href=\"http://twitter.com\" rel=\"nofollow\">Twitter Web Client</a>",
    "in_reply_to_status_id": null,
    "in_reply_to_status_id_str": null,
    "in_reply_to_user_id": null,
    "in_reply_to_user_id_str": null,
    "in_reply_to_screen_name": null,
    "user": {
        "id": 3128548403,
        "id_str": "3128548403",
        "name": "JIT MH17",
        "screen_name": "JITMH17",
        "location": "Netherlands",
        "description": "Official account of Joint International Criminal Investigation Team MH17",
        "url": "http://t.co/938nN6n278",
        "entities": {
            "url": {
                "urls": [
                    {
                        "url": "http://t.co/938nN6n278",
                        "expanded_url": "http://www.JITMH17.com",
                        "display_url": "JITMH17.com",
                        "indices": [
                            0,
                            22
                        ]
                    }
                ]
            },
            "description": {
                "urls": []
            }
        },
        "protected": false,
        "followers_count": 2523,
        "friends_count": 10,
        "listed_count": 72,
        "created_at": "Mon Mar 30 09:03:41 +0000 2015",
        "favourites_count": 0,
        "utc_offset": 3600,
        "time_zone": "Amsterdam",
        "geo_enabled": false,
        "verified": false,
        "statuses_count": 44,
        "lang": "en",
        "contributors_enabled": false,
        "is_translator": false,
        "is_translation_enabled": false,
        "profile_background_color": "004380",
        "profile_background_image_url": "http://abs.twimg.com/images/themes/theme1/bg.png",
        "profile_background_image_url_https": "https://abs.twimg.com/images/themes/theme1/bg.png",
        "profile_background_tile": false,
        "profile_image_url": "http://pbs.twimg.com/profile_images/582468584397352960/kvs9iK-7_normal.jpg",
        "profile_image_url_https": "https://pbs.twimg.com/profile_images/582468584397352960/kvs9iK-7_normal.jpg",
        "profile_banner_url": "https://pbs.twimg.com/profile_banners/3128548403/1427706398",
        "profile_link_color": "BE9E55",
        "profile_sidebar_border_color": "C0DEED",
        "profile_sidebar_fill_color": "DDEEF6",
        "profile_text_color": "333333",
        "profile_use_background_image": true,
        "has_extended_profile": false,
        "default_profile": false,
        "default_profile_image": false,
        "following": false,
        "follow_request_sent": false,
        "notifications": false,
        "translator_type": "none"
    },
    "geo": null,
    "coordinates": null,
    "place": null,
    "contributors": null,
    "is_quote_status": false,
    "retweet_count": 1,
    "favorite_count": 1,
    "favorited": false,
    "retweeted": false,
    "possibly_sensitive": false,
    "possibly_sensitive_appealable": false,
    "lang": "uk"
}