{
    "created_at": "Mon Dec 11 19:30:35 +0000 2017",
    "id": 940302815523672064,
    "id_str": "940302815523672064",
    "text": "\u0410\u0432\u0430\u043a\u043e\u0432\u0430 \u0434\u043e\u043f\u0438\u0442\u0430\u043b\u0438 \u0443 \u0441\u043f\u0440\u0430\u0432\u0456 \u042f\u043d\u0443\u043a\u043e\u0432\u0438\u0447\u0430 \nhttps://t.co/Dk9uIo7BsP https://t.co/BYTsO0dQ5N",
    "truncated": false,
    "entities": {
        "hashtags": [],
        "symbols": [],
        "user_mentions": [],
        "urls": [
            {
                "url": "https://t.co/Dk9uIo7BsP",
                "expanded_url": "http://bit.ly/2nRXtx2",
                "display_url": "bit.ly/2nRXtx2",
                "indices": [
                    37,
                    60
                ]
            }
        ],
        "media": [
            {
                "id": 940302387419508736,
                "id_str": "940302387419508736",
                "indices": [
                    61,
                    84
                ],
                "media_url": "http://pbs.twimg.com/amplify_video_thumb/940302387419508736/img/-dTlU37lklsDaMhF.jpg",
                "media_url_https": "https://pbs.twimg.com/amplify_video_thumb/940302387419508736/img/-dTlU37lklsDaMhF.jpg",
                "url": "https://t.co/BYTsO0dQ5N",
                "display_url": "pic.twitter.com/BYTsO0dQ5N",
                "expanded_url": "https://twitter.com/radiosvoboda/status/940302815523672064/video/1",
                "type": "photo",
                "sizes": {
                    "thumb": {
                        "w": 150,
                        "h": 150,
                        "resize": "crop"
                    },
                    "medium": {
                        "w": 1200,
                        "h": 675,
                        "resize": "fit"
                    },
                    "small": {
                        "w": 680,
                        "h": 383,
                        "resize": "fit"
                    },
                    "large": {
                        "w": 1280,
                        "h": 720,
                        "resize": "fit"
                    }
                }
            }
        ]
    },
    "extended_entities": {
        "media": [
            {
                "id": 940302387419508736,
                "id_str": "940302387419508736",
                "indices": [
                    61,
                    84
                ],
                "media_url": "http://pbs.twimg.com/amplify_video_thumb/940302387419508736/img/-dTlU37lklsDaMhF.jpg",
                "media_url_https": "https://pbs.twimg.com/amplify_video_thumb/940302387419508736/img/-dTlU37lklsDaMhF.jpg",
                "url": "https://t.co/BYTsO0dQ5N",
                "display_url": "pic.twitter.com/BYTsO0dQ5N",
                "expanded_url": "https://twitter.com/radiosvoboda/status/940302815523672064/video/1",
                "type": "video",
                "sizes": {
                    "thumb": {
                        "w": 150,
                        "h": 150,
                        "resize": "crop"
                    },
                    "medium": {
                        "w": 1200,
                        "h": 675,
                        "resize": "fit"
                    },
                    "small": {
                        "w": 680,
                        "h": 383,
                        "resize": "fit"
                    },
                    "large": {
                        "w": 1280,
                        "h": 720,
                        "resize": "fit"
                    }
                },
                "video_info": {
                    "aspect_ratio": [
                        16,
                        9
                    ],
                    "duration_millis": 147440,
                    "variants": [
                        {
                            "content_type": "application/x-mpegURL",
                            "url": "https://video.twimg.com/amplify_video/940302387419508736/pl/h9w3T9o9Kmni1OYS.m3u8"
                        },
                        {
                            "bitrate": 2176000,
                            "content_type": "video/mp4",
                            "url": "https://video.twimg.com/amplify_video/940302387419508736/vid/1280x720/qBgsSJuvDIcvZ4Be.mp4"
                        },
                        {
                            "bitrate": 832000,
                            "content_type": "video/mp4",
                            "url": "https://video.twimg.com/amplify_video/940302387419508736/vid/640x360/a6Cb_XmVTa687dt6.mp4"
                        },
                        {
                            "bitrate": 320000,
                            "content_type": "video/mp4",
                            "url": "https://video.twimg.com/amplify_video/940302387419508736/vid/320x180/X55odOA9o2Q6tSb9.mp4"
                        }
                    ]
                },
                "additional_media_info": {
                    "title": "",
                    "description": "",
                    "embeddable": true,
                    "monetizable": false
                }
            }
        ]
    },
    "source": "<a href=\"https://studio.twitter.com\" rel=\"nofollow\">Media Studio</a>",
    "in_reply_to_status_id": null,
    "in_reply_to_status_id_str": null,
    "in_reply_to_user_id": null,
    "in_reply_to_user_id_str": null,
    "in_reply_to_screen_name": null,
    "user": {
        "id": 17718831,
        "id_str": "17718831",
        "name": "\u0420\u0430\u0434\u0456\u043e \u0421\u0432\u043e\u0431\u043e\u0434\u0430",
        "screen_name": "radiosvoboda",
        "location": "Kyiv, \u0432\u0443\u043b. \u0425\u0440\u0435\u0449\u0430\u0442\u0438\u043a, 19\u0430",
        "description": "\u0410\u0432\u0442\u043e\u0440\u0441\u044c\u043a\u0430 \u0441\u0442\u043e\u0440\u0456\u043d\u043a\u0430 \u0420\u0430\u0434\u0456\u043e \u0421\u0432\u043e\u0431\u043e\u0434\u0430. \u041d\u043e\u0432\u0438\u043d\u0438/\u0410\u043d\u0430\u043b\u0456\u0442\u0438\u043a\u0430/\u0424\u043e\u0442\u043e/\u0412\u0456\u0434\u0435\u043e/         /\u0442\u0435\u043b: +380 44 490 29 00.\u0420\u0435\u0442\u0432\u0456\u0442\u0438 \u2260 \u0441\u0445\u0432\u0430\u043b\u0435\u043d\u043d\u044f.",
        "url": "http://t.co/n3dc02y1oe",
        "entities": {
            "url": {
                "urls": [
                    {
                        "url": "http://t.co/n3dc02y1oe",
                        "expanded_url": "http://radiosvoboda.org",
                        "display_url": "radiosvoboda.org",
                        "indices": [
                            0,
                            22
                        ]
                    }
                ]
            },
            "description": {
                "urls": []
            }
        },
        "protected": false,
        "followers_count": 453058,
        "friends_count": 770,
        "listed_count": 1451,
        "created_at": "Fri Nov 28 20:32:20 +0000 2008",
        "favourites_count": 2371,
        "utc_offset": 7200,
        "time_zone": "Kyiv",
        "geo_enabled": false,
        "verified": true,
        "statuses_count": 384818,
        "lang": "en",
        "contributors_enabled": false,
        "is_translator": false,
        "is_translation_enabled": false,
        "profile_background_color": "5C666F",
        "profile_background_image_url": "http://pbs.twimg.com/profile_background_images/661875409483661312/o8O7eU8N.jpg",
        "profile_background_image_url_https": "https://pbs.twimg.com/profile_background_images/661875409483661312/o8O7eU8N.jpg",
        "profile_background_tile": true,
        "profile_image_url": "http://pbs.twimg.com/profile_images/779281727550320640/S94grX4T_normal.jpg",
        "profile_image_url_https": "https://pbs.twimg.com/profile_images/779281727550320640/S94grX4T_normal.jpg",
        "profile_banner_url": "https://pbs.twimg.com/profile_banners/17718831/1502212414",
        "profile_link_color": "EA6903",
        "profile_sidebar_border_color": "000000",
        "profile_sidebar_fill_color": "FFFFFF",
        "profile_text_color": "000000",
        "profile_use_background_image": true,
        "has_extended_profile": false,
        "default_profile": false,
        "default_profile_image": false,
        "following": false,
        "follow_request_sent": false,
        "notifications": false,
        "translator_type": "none"
    },
    "geo": null,
    "coordinates": null,
    "place": null,
    "contributors": null,
    "is_quote_status": false,
    "retweet_count": 17,
    "favorite_count": 8,
    "favorited": false,
    "retweeted": false,
    "possibly_sensitive": false,
    "possibly_sensitive_appealable": false,
    "lang": "uk"
}